id,vi_audio,en_audio,vi_duration_s,en_duration_s,text_vi,text_en
1,remote_dataset/fleurs_vi_en/train/vi/vi_00001.wav,remote_dataset/fleurs_vi_en/train/en/en_00001.wav,16.32,17.82,vào hôm thứ hai các nhà khoa học thuộc trường y đại học stanford đã công bố phát minh một dụng cụ chẩn đoán mới có thể phân loại tế bào một con chíp nhỏ có thể sản xuất bằng máy in phun tiêu chuẩn với giá khoảng một xu mỹ mỗi chiếc,on monday scientists from the stanford university school of medicine announced the invention of a new diagnostic tool that can sort cells by type a tiny printable chip that can be manufactured using standard inkjet printers for possibly about one u.s. cent each
3,remote_dataset/fleurs_vi_en/train/vi/vi_00003.wav,remote_dataset/fleurs_vi_en/train/en/en_00003.wav,15.78,12.06,chiếc jas 39c gripen đâm xuống đường băng vào khoảng 9:30 sáng giờ địa phương 0230 utc và nổ tung khiến cho phi trường phải đóng cửa các chuyến bay thương mại,the jas 39c gripen crashed onto a runway at around 9:30 am local time 0230 utc and exploded closing the airport to commercial flights
4,remote_dataset/fleurs_vi_en/train/vi/vi_00004.wav,remote_dataset/fleurs_vi_en/train/en/en_00004.wav,7.08,8.04,viên phi công được xác định là chỉ huy đội bay dilokrit pattavee,the pilot was identified as squadron leader dilokrit pattavee
5,remote_dataset/fleurs_vi_en/train/vi/vi_00005.wav,remote_dataset/fleurs_vi_en/train/en/en_00005.wav,6.78,6.00,truyền thông địa phương đưa tin một phương tiện chữa cháy sân bay đã tới khi trả lời,local media reports an airport fire vehicle rolled over while responding
6,remote_dataset/fleurs_vi_en/train/vi/vi_00006.wav,remote_dataset/fleurs_vi_en/train/en/en_00006.wav,8.04,7.86,ba mùa trước vidal đã rời sevilla để gia nhập barca ở độ tuổi 28,28-year-old vidal had joined barça three seasons ago from sevilla
7,remote_dataset/fleurs_vi_en/train/vi/vi_00007.wav,remote_dataset/fleurs_vi_en/train/en/en_00007.wav,11.70,7.68,từ khi chuyển đến thủ phủ của xứ catalan vidal đã chơi 49 trận đấu cho câu lạc bộ,since moving to the catalan-capital vidal had played 49 games for the club
8,remote_dataset/fleurs_vi_en/train/vi/vi_00008.wav,remote_dataset/fleurs_vi_en/train/en/en_00008.wav,16.20,12.96,cuộc biểu tình bắt đầu vào khoảng 11:00 giờ sáng giờ địa phương utc + 1 tại bạch sảnh đối diện lối vào có cảnh sát bảo vệ của phố downing nơi cư ngụ chính thức của thủ tướng,the protest started around 11:00 local time utc+1 on whitehall opposite the police-guarded entrance to downing street the prime minister's official residence
9,remote_dataset/fleurs_vi_en/train/vi/vi_00009.wav,remote_dataset/fleurs_vi_en/train/en/en_00009.wav,7.56,7.02,ngay sau 11 giờ những người biểu tình đã chặn xe trên đường phía bắc ở whitehall,just after 11:00 protesters blocked traffic on the northbound carriage in whitehall
10,remote_dataset/fleurs_vi_en/train/vi/vi_00010.wav,remote_dataset/fleurs_vi_en/train/en/en_00010.wav,13.26,11.88,vào lúc 11:20 cảnh sát đã yêu cầu người biểu tình lùi vào vỉa hè và nói rằng họ có quyền biểu tình nhưng không được gây ách tắc giao thông,at 11:20 the police asked the protesters to move back on to the pavement stating that they needed to balance the right to protest with the traffic building up
11,remote_dataset/fleurs_vi_en/train/vi/vi_00011.wav,remote_dataset/fleurs_vi_en/train/en/en_00011.wav,23.10,19.86,khoảng 11 giờ 29 phút nhóm biểu tình di chuyển đến bạch sảnh đi qua quảng trường trafalgar dọc theo đường strand qua đường aldwych và theo đường kingsway tiến ra đường holborn nơi đảng bảo thủ đang tổ chức diễn đàn mùa xuân tại khách sạn grand connaught rooms,around 11:29 the protest moved up whitehall past trafalgar square along the strand passing by aldwych and up kingsway towards holborn where the conservative party were holding their spring forum in the grand connaught rooms hotel
12,remote_dataset/fleurs_vi_en/train/vi/vi_00012.wav,remote_dataset/fleurs_vi_en/train/en/en_00012.wav,7.74,8.34,thành tích đối đầu của nadal trước đối thủ người canada này là 7-2,nadal's head to head record against the canadian is 7-2
13,remote_dataset/fleurs_vi_en/train/vi/vi_00013.wav,remote_dataset/fleurs_vi_en/train/en/en_00013.wav,8.16,4.98,gần đây anh ấy đã thua raonic ở giải brisbane mở rộng,he recently lost against raonic in the brisbane open
14,remote_dataset/fleurs_vi_en/train/vi/vi_00014.wav,remote_dataset/fleurs_vi_en/train/en/en_00014.wav,10.74,7.62,nadal bỏ túi 88% số điểm lên lưới trong trận đấu thắng 76 điểm trong lượt giao bóng đầu tiên,nadal bagged 88% net points in the match winning 76 points in the first serve
15,remote_dataset/fleurs_vi_en/train/vi/vi_00015.wav,remote_dataset/fleurs_vi_en/train/en/en_00015.wav,12.48,9.18,sau trận đấu ông vua sân đất nện nói rằng tôi rất vui khi được trở lại ở vòng đấu cuối của sự kiện đặc biệt quan trọng này tôi ở đây để cố gắng giành chiến thắng,after the match king of clay said i am just excited about being back in the final rounds of the most important events i am here to try to win this
16,remote_dataset/fleurs_vi_en/train/vi/vi_00016.wav,remote_dataset/fleurs_vi_en/train/en/en_00016.wav,12.24,12.30,hồ sơ panama là thuật ngữ chung cho khoảng mười triệu tài liệu từ hãng luật panama mossack fonseca bị rò rỉ với báo chí vào mùa xuân 2016,panama papers is an umbrella term for roughly ten million documents from panamanian law firm mossack fonseca leaked to the press in spring 2016
17,remote_dataset/fleurs_vi_en/train/vi/vi_00017.wav,remote_dataset/fleurs_vi_en/train/en/en_00017.wav,10.38,8.94,các hồ sơ cho thấy mười bốn ngân hàng đã giúp các khách hàng giàu có giấu hàng tỷ đô la mỹ tài sản để trốn thuế và các quy định khác,the documents showed fourteen banks helped wealthy clients hide billions of us dollars of wealth to avoid taxes and other regulations
18,remote_dataset/fleurs_vi_en/train/vi/vi_00018.wav,remote_dataset/fleurs_vi_en/train/en/en_00018.wav,13.68,9.54,nhật báo the guardian của vương quốc anh cho rằng công ty cổ phần ngân hàng đức deutsche bank kiểm soát khoảng một phần ba trong số 1200 công ty dầu khí được sử dụng để đạt được điều này,british newspaper the guardian suggested deutsche bank controlled roughly a third of the 1200 shell companies used to accomplish this
19,remote_dataset/fleurs_vi_en/train/vi/vi_00019.wav,remote_dataset/fleurs_vi_en/train/en/en_00019.wav,12.48,10.92,biểu tình nổ ra trên toàn thế giới một số vụ truy tố hình sự và các nhà lãnh đạo của chính phủ iceland và pakistan đều đã từ chức,there were protests worldwide several criminal prosecutions and the leaders of the governments of iceland and pakistan both resigned
20,remote_dataset/fleurs_vi_en/train/vi/vi_00020.wav,remote_dataset/fleurs_vi_en/train/en/en_00020.wav,10.32,8.46,sinh trưởng ở hồng kông ma theo học trường đại học new york và trường luật harvard và từng được cấp thẻ xanh của mỹ dành cho người thường trú,born in hong kong ma studied at new york university and harvard law school and once held an american permanent resident green card
21,remote_dataset/fleurs_vi_en/train/vi/vi_00021.wav,remote_dataset/fleurs_vi_en/train/en/en_00021.wav,9.84,8.04,hsieh ám chỉ trong thời gian bầu cử rằng ma có thể sẽ chạy trốn khỏi nước này trong thời gian khủng hoảng,hsieh implied during the election that ma might flee the country during a time of crisis
22,remote_dataset/fleurs_vi_en/train/vi/vi_00022.wav,remote_dataset/fleurs_vi_en/train/en/en_00022.wav,9.12,7.32,hsieh cũng lập luận rằng ông ma lịch lãm là kiểu người chú trọng đến vẻ bề ngoài hơn là nội dung bên trong,hsieh also argued that the photogenic ma was more style than substance
23,remote_dataset/fleurs_vi_en/train/vi/vi_00023.wav,remote_dataset/fleurs_vi_en/train/en/en_00023.wav,7.26,9.24,bất chấp các cáo buộc này ma vẫn dành chiến thắng đáng kể về chính sách ủng hộ quan hệ thắt chặt hơn với trung quốc đại lục,despite these accusations ma won handily on a platform advocating closer ties with the chinese mainland
24,remote_dataset/fleurs_vi_en/train/vi/vi_00024.wav,remote_dataset/fleurs_vi_en/train/en/en_00024.wav,7.02,6.12,cầu thủ xuất sắc nhất của ngày hôm nay là alex ovechkin của đội washington capitals,today's player of the day is alex ovechkin of the washington capitals
25,remote_dataset/fleurs_vi_en/train/vi/vi_00025.wav,remote_dataset/fleurs_vi_en/train/en/en_00025.wav,9.60,10.20,anh ấy có 2 bàn thắng và 2 bàn kiến tạo trong chiến thắng 5-3 trước atlanta thrashers của washington,he had 2 goals and 2 assists in washington's 5-3 win over the atlanta thrashers
26,remote_dataset/fleurs_vi_en/train/vi/vi_00026.wav,remote_dataset/fleurs_vi_en/train/en/en_00026.wav,12.06,14.46,đường chuyền yểm trợ đầu tiên của ovechkin được ấn định chiến thắng bởi tân binh nicklas backstrom,ovechkin's first assist of the night was on the game-winning goal by rookie nicklas backstrom
27,remote_dataset/fleurs_vi_en/train/vi/vi_00027.wav,remote_dataset/fleurs_vi_en/train/en/en_00027.wav,18.90,16.98,bàn thắng thứ hai trong đêm là bàn thứ 60 của anh ấy trong mùa giải này và anh ta trở thành cầu thủ đầu tiên ghi 60 bàn thắng trở lên trong một mùa giải kể từ năm 1995-1996 khi jaromir jagr và mario lemieux lần lượt đạt kỷ lục đó,his second goal of the night was his 60th of the season becoming the first player to score 60 or more goals in a season since 1995-96 when jaromir jagr and mario lemieux each reached that milestone
28,remote_dataset/fleurs_vi_en/train/vi/vi_00028.wav,remote_dataset/fleurs_vi_en/train/en/en_00028.wav,9.96,8.82,"batten được xếp hạng thứ 190 trong danh sách 400 người mỹ giàu nhất thế giới năm 2008 với khối tài sản ước tính là 2,3 tỷ đô",batten was ranked 190th on the 2008 400 richest americans list with an estimated fortune of $2.3 billion
29,remote_dataset/fleurs_vi_en/train/vi/vi_00029.wav,remote_dataset/fleurs_vi_en/train/en/en_00029.wav,11.64,9.96,ông tốt nghiệp trường nghệ thuật và khoa học thuộc đại học virginia vào năm 1950 và là nhà tài trợ quan trọng cho ngôi trường này,he graduated from the college of arts & sciences of the university of virginia in 1950 and was a significant donor to that institution
30,remote_dataset/fleurs_vi_en/train/vi/vi_00030.wav,remote_dataset/fleurs_vi_en/train/en/en_00030.wav,6.84,11.16,nhà tù abu ghraib của iraq đã bị đốt cháy trong cuộc bạo loạn,iraq's abu ghraib prison has been set alight during a riot
31,remote_dataset/fleurs_vi_en/train/vi/vi_00031.wav,remote_dataset/fleurs_vi_en/train/en/en_00031.wav,8.82,7.98,nhà tù này trở nên nổi tiếng kể từ vụ việc ngược đãi tù nhân bị phát hiện sau khi quân hoa kỳ tiếp quản,the jail became notorious after prisoner abuse was discovered there after us forces took over
32,remote_dataset/fleurs_vi_en/train/vi/vi_00032.wav,remote_dataset/fleurs_vi_en/train/en/en_00032.wav,13.32,11.34,piquet jr gặp tai nạn vào năm 2008 tại singapore grand prix ngay sau khi fernando alonso tấp sớm vào điểm dừng kỹ thuật mang ra một chiếc xe an toàn,piquet jr crashed in the 2008 singapore grand prix just after an early pit stop for fernando alonso bringing out the safety car
33,remote_dataset/fleurs_vi_en/train/vi/vi_00033.wav,remote_dataset/fleurs_vi_en/train/en/en_00033.wav,10.44,8.28,khi những chiếc xe phía trước phải vào nạp nhiên liệu theo lệnh của xe bảo đảm an toàn alonso đã vượt lên để giành chiến thắng,as the cars ahead of alonso went in for fuel under the safety car he moved up the pack to take victory
34,remote_dataset/fleurs_vi_en/train/vi/vi_00034.wav,remote_dataset/fleurs_vi_en/train/en/en_00034.wav,7.14,7.98,piquet jr bị sa thải sau cuộc đua grand prix hungary năm 2009,piquet jr was sacked after the 2009 hungarian grand prix
35,remote_dataset/fleurs_vi_en/train/vi/vi_00035.wav,remote_dataset/fleurs_vi_en/train/en/en_00035.wav,10.68,9.18,đúng 8 giờ 46 phút sáng sự câm lặng bao trùm khắp thành phố đánh dấu khoảnh khắc chiếc máy bay phản lực đầu tiên đâm trúng mục tiêu,at exactly 8:46 a.m. a hush fell across the city marking the exact moment the first jet struck its target
36,remote_dataset/fleurs_vi_en/train/vi/vi_00036.wav,remote_dataset/fleurs_vi_en/train/en/en_00036.wav,4.32,5.40,hai chùm sáng được dựng lên để thắp sáng bầu trời về đêm,two beams of light have been rigged up to point skywards overnight
37,remote_dataset/fleurs_vi_en/train/vi/vi_00037.wav,remote_dataset/fleurs_vi_en/train/en/en_00037.wav,7.20,8.70,công tác thi công đang được triển khai trên công trường cho năm cao ốc mới ở giữa là một trung tâm vận tải và công viên tưởng niệm,construction is ongoing for five new skyscrapers at the site with a transportation center and memorial park in the middle
38,remote_dataset/fleurs_vi_en/train/vi/vi_00038.wav,remote_dataset/fleurs_vi_en/train/en/en_00038.wav,12.84,10.74,chương trình của đài pbs đã thu về hơn hai chục giải thưởng emmy và thời gian phát sóng của nó chỉ đứng sau sesame street và mister rogers' neighborhood,the pbs show has more than two-dozen emmy awards and its run is shorter only than sesame street and mister rogers' neighborhood
39,remote_dataset/fleurs_vi_en/train/vi/vi_00039.wav,remote_dataset/fleurs_vi_en/train/en/en_00039.wav,10.92,8.04,mỗi tập trong chương trình sẽ tập trung vào một chủ đề trong một cuốn sách cụ thể sau đó sẽ khám phá chủ đề đó qua nhiều câu chuyện khác nhau,each episode of the show would focus on a theme in a specific book and then explore that theme through multiple stories
40,remote_dataset/fleurs_vi_en/train/vi/vi_00040.wav,remote_dataset/fleurs_vi_en/train/en/en_00040.wav,9.00,9.96,mỗi chương trình cũng sẽ đưa ra đề xuất về những cuốn sách mà trẻ em nên tìm đọc khi đến thư viện,each show would also provide recommendations for books that children should look for when they went to their library
41,remote_dataset/fleurs_vi_en/train/vi/vi_00041.wav,remote_dataset/fleurs_vi_en/train/en/en_00041.wav,16.56,15.12,"john grant đến từ wned buffalo ga cơ sở của reading rainbow nói rằng  reading rainbow dạy những đưa trẻ tại sao nên đọc,...sự yêu thích đọc sách - [chương trình] khuyến khích trẻ nhặt một cuốn sách lên và đọc.","john grant from wned buffalo reading rainbow's home station said reading rainbow taught kids why to read,... the love of reading — [the show] encouraged kids to pick up a book and to read."
42,remote_dataset/fleurs_vi_en/train/vi/vi_00042.wav,remote_dataset/fleurs_vi_en/train/en/en_00042.wav,13.32,11.28,một số người bao gồm cả john grant tin rằng cả tình trạng khủng hoảng tài trợ và sự thay đổi trong triết lý thiết kế chương trình truyền hình giáo dục đã góp phần dẫn đến sự chấm dứt của chương trình này,it is believed by some including john grant that both the funding crunch and a shift in the philosophy of educational television programming contributed to ending the series
43,remote_dataset/fleurs_vi_en/train/vi/vi_00043.wav,remote_dataset/fleurs_vi_en/train/en/en_00043.wav,18.24,16.32,theo thông tin dự báo thời tiết cơn bão hiện ở cách đảo cape verde 645 dặm 1040 km về phía tây có thể sẽ tan trước khi gây ảnh hưởng đến bất cứ khu vực nào trong đất liền,the storm situated about 645 miles 1040 km west of the cape verde islands is likely to dissipate before threatening any land areas forecasters say
44,remote_dataset/fleurs_vi_en/train/vi/vi_00044.wav,remote_dataset/fleurs_vi_en/train/en/en_00044.wav,11.94,10.02,fred hiện có sức gió 105 dặm/giờ 165 km/h và đang di chuyển theo hướng tây bắc,fred currently has winds of 105 miles per hour 165 km/h and is moving towards the northwest
45,remote_dataset/fleurs_vi_en/train/vi/vi_00045.wav,remote_dataset/fleurs_vi_en/train/en/en_00045.wav,18.24,13.92,fred là gió xoáy nhiệt đới mạnh nhất từng được ghi nhận cho tới nay ở phía nam và đông atlantic kể từ hiện sự kiện ảnh vệ tinh và chỉ cơn bão lớn số ba được ghi nhận ở phía đông 35° tây,fred is the strongest tropical cyclone ever recorded so far south and east in the atlantic since the advent of satellite imagery and only the third major hurricane on record east of 35°w
46,remote_dataset/fleurs_vi_en/train/vi/vi_00046.wav,remote_dataset/fleurs_vi_en/train/en/en_00046.wav,19.62,15.30,vào 24 tháng chín năm 1759 arthur guinness ký hợp đồng thuê 9.000 năm cho st james' gate brewery tại dublin ireland,"on september 24 1759 arthur guinness signed a 9,000 year lease for the st james' gate brewery in dublin ireland"
47,remote_dataset/fleurs_vi_en/train/vi/vi_00047.wav,remote_dataset/fleurs_vi_en/train/en/en_00047.wav,15.00,24.18,"250 năm sau guinness đã phát triển thành một doanh nghiệp toàn cầu với doanh thu hơn 10 tỷ euro tương đương với 14,7 tỷ usd mỗi năm",250 years later guinness has grown to a global business that turns over 10 billion euros us$14.7 billion every year
48,remote_dataset/fleurs_vi_en/train/vi/vi_00048.wav,remote_dataset/fleurs_vi_en/train/en/en_00048.wav,16.32,13.08,jonny reid phụ lái trong đội đua a1gp của new zealand hôm nay đã làm nên lịch sử khi trở thành người chạy nhanh nhất một cách hợp pháp qua cầu cảng auckland 48 năm tuổi ở new zealand,jonny reid co-driver for the a1gp new zealand team today made history by driving the fastest over the 48-year-old auckland harbour bridge new zealand legally
51,remote_dataset/fleurs_vi_en/train/vi/vi_00051.wav,remote_dataset/fleurs_vi_en/train/en/en_00051.wav,9.42,8.28,trong vòng 3 tháng qua đã có hơn 80 người bị bắt được thả ra khỏi trụ sở của central booking và không bị buộc tội chính thức,in the last 3 months over 80 arrestees were released from the central booking facility without being formally charged
52,remote_dataset/fleurs_vi_en/train/vi/vi_00052.wav,remote_dataset/fleurs_vi_en/train/en/en_00052.wav,12.60,12.36,tháng tư năm nay thẩm phán glynn đã ban hành lệnh cấm tạm thời với cơ sở này để thi hành việc thả những người bị giữ hơn 24 giờ sau khi bị bắt mà không nhận được phiên điều trần nào từ ủy viên tòa án,in april this year a temporary restaining order was issued by judge glynn against the facility to enforce the release of those held more than 24 hours after their intake who did not receive a hearing by a court commissioner
53,remote_dataset/fleurs_vi_en/train/vi/vi_00053.wav,remote_dataset/fleurs_vi_en/train/en/en_00053.wav,18.96,12.42,người được ủy quyền nộp tiền bảo lãnh nếu được chấp thuận và hợp thức hóa các khoản phí được cảnh sát thực hiện bắt giữ đệ trình lên các khoản phí này sau đó được nhập vào hệ thống máy tính của bang nơi vụ án được theo dõi,the commissioner sets bail if granted and formalizes the charges filed by the arresting officer the charges are then entered into the state's computer system where the case is tracked
54,remote_dataset/fleurs_vi_en/train/vi/vi_00054.wav,remote_dataset/fleurs_vi_en/train/en/en_00054.wav,7.86,6.54,phiên tòa cũng đánh dấu ngày dành cho quyền được xử nhanh của nghi phạm,the hearing also marks the date for the suspect's right to a speedy trial
55,remote_dataset/fleurs_vi_en/train/vi/vi_00055.wav,remote_dataset/fleurs_vi_en/train/en/en_00055.wav,15.12,15.60,peter costello bộ trưởng ngân khố úc và là người có khả năng giành thắng lợi nhất trước thủ tướng john howard với tư cách là lãnh đạo đảng tự do đã dành sự ủng hộ của mình cho ngành công nghiệp điện hạt nhân ở úc,peter costello australian treasurer and the man most likely to succeed prime minister john howard as liberal party leader has thrown his support behind a nuclear power industry in australia
56,remote_dataset/fleurs_vi_en/train/vi/vi_00056.wav,remote_dataset/fleurs_vi_en/train/en/en_00056.wav,12.12,8.40,ông costello nói rằng khi việc phát điện bằng năng lượng nguyên tử trở nên khả thi về mặt kinh tế australia nên theo đuổi việc sử dụng năng lượng này,mr costello said that when nuclear power generation becomes economically viable australia should pursue its use
57,remote_dataset/fleurs_vi_en/train/vi/vi_00057.wav,remote_dataset/fleurs_vi_en/train/en/en_00057.wav,11.10,9.24,nếu nó được thương mại hóa chúng ta nên sử dụng nó tức là không có sự phản đối nào về nguyên tắc đối với năng lượng nguyên tử ông costello nói,if it becomes commercial we should have it that is there's no in-principle objection to nuclear energy mr costello said
58,remote_dataset/fleurs_vi_en/train/vi/vi_00058.wav,remote_dataset/fleurs_vi_en/train/en/en_00058.wav,7.98,9.66,theo ansa cảnh sát lo ngại một số vụ đụng độ cấp cao có thể châm ngòi cho một cuộc chiến giành quyền thừa kế,according to ansa police were concerned by a couple of top-level hits they feared might spark a full-blown war of succession
59,remote_dataset/fleurs_vi_en/train/vi/vi_00059.wav,remote_dataset/fleurs_vi_en/train/en/en_00059.wav,26.70,22.74,cảnh sát cho biết lo piccolo được trao quyền lực vì tên này từng là cánh tay phải đắc lực của provenzano tại palermo ngoài ra kinh nghiệm dày dặn đã giúp lo piccolo chiếm được sự tín nhiệm từ thế hệ các bố già do những kẻ này cùng theo đuổi chính sách của provenzano trong việc duy trì tốc độ chậm nhất có thể trong quá trình củng cố mạng lưới quyền lực,police said lo piccolo had the upper hand because he had been provenzano's right-hand man in palermo and his greater experience won him the respect of the older generation of bosses as they pursued provenzano's policy of keeping as low as possible while strengthening their power network
60,remote_dataset/fleurs_vi_en/train/vi/vi_00060.wav,remote_dataset/fleurs_vi_en/train/en/en_00060.wav,21.90,16.26,những ông trùm này đã từng nằm dưới trướng của provenzano khi gã đặt dấu chấm hết cho cuộc chiến do riina dấy lên chống lại nhà nước cuộc chiến đó đã cướp đi sinh mạng của hai người hùng chống mafia là giovanni falcone và paolo borsellino vào năm 1992,these bosses had been reined in by provenzano when he put an end to the riina-driven war against the state that claimed the lives of mafia crusaders giovanni falcone and paolo borsellino in 1992
61,remote_dataset/fleurs_vi_en/train/vi/vi_00061.wav,remote_dataset/fleurs_vi_en/train/en/en_00061.wav,10.44,7.80,giám đốc điều hành của apple steve jobs công bố thiết bị bằng cách bước ra sân khấu và lấy chiếc iphone ra khỏi túi quần jean của ông ấy,apple ceo steve jobs unveiled the device by walking onto the stage and taking the iphone out of his jeans pocket
62,remote_dataset/fleurs_vi_en/train/vi/vi_00062.wav,remote_dataset/fleurs_vi_en/train/en/en_00062.wav,12.42,8.52,trong bài diễn văn kéo dài 2 tiếng của mình ông đã phát biểu ngày nay apple đang phát minh lại điện thoại chúng tôi sẽ tạo nên lịch sử ngay hôm nay,during his 2 hour speech he stated that today apple is going to reinvent the phone we are going to make history today
63,remote_dataset/fleurs_vi_en/train/vi/vi_00063.wav,remote_dataset/fleurs_vi_en/train/en/en_00063.wav,11.34,14.58,brazil là nước công giáo la mã lớn nhất trên trái đất và nhà thờ công giáo la mã luôn phản đối hợp pháp hóa kết hôn đồng giới tại nước này,brazil is the largest roman catholic country on earth and the roman catholic church has consistently opposed the legalization of same-sex marriage in the country
64,remote_dataset/fleurs_vi_en/train/vi/vi_00064.wav,remote_dataset/fleurs_vi_en/train/en/en_00064.wav,12.36,10.32,quốc hội của brazil đã tranh luận về việc hợp pháp hóa trong 10 năm và hôn nhân dân sự hiện tại chỉ hợp pháp tại rio grande do sul,the national congress of brazil has debated legalization for 10 years and such civil marriages are currently only legal in rio grande do sul
65,remote_dataset/fleurs_vi_en/train/vi/vi_00065.wav,remote_dataset/fleurs_vi_en/train/en/en_00065.wav,16.14,11.64,dự luật ban đầu được soạn thảo bởi cựu thị trưởng sao paolo marta suplicy luật đề xuất sau khi sửa đổi thì giờ đang nằm trong tay của roberto jefferson,the original bill was drafted by former mayor of são paulo marta suplicy. the proposed legislation after being amended is now in the hands of roberto jefferson
66,remote_dataset/fleurs_vi_en/train/vi/vi_00066.wav,remote_dataset/fleurs_vi_en/train/en/en_00066.wav,6.96,10.26,"những người biểu tình hy vọng có thể thu thập được 1,2 triệu chữ ký để trình lên quốc hội vào tháng 11",protesters hope to collect a petition of 1.2 million signatures to present to the national congress in november
67,remote_dataset/fleurs_vi_en/train/vi/vi_00067.wav,remote_dataset/fleurs_vi_en/train/en/en_00067.wav,20.76,14.28,sau khi sự việc trở nên rõ ràng là nhiều gia đình đang tìm sự trợ giúp về pháp lý để tranh đấu chống lại việc bị đuổi nhà một buổi họp đã được tổ chức vào ngày 20 tháng ba tại trung tâm luật cộng đồng east bay dành cho những nạn nhân của vụ lừa đảo về nhà ở này,after it became apparent that many families were seeking legal help to fight the evictions a meeting was held on march 20 at the east bay community law center for the victims of the housing scam
68,remote_dataset/fleurs_vi_en/train/vi/vi_00068.wav,remote_dataset/fleurs_vi_en/train/en/en_00068.wav,15.12,14.22,khi những người thuê nhà kể lại chuyện xảy ra với họ hầu hết các gia đình có liên quan chợt nhận ra carolyn wilson của cơ quan nhà ở oakland oha đã lấy cắp tiền đặt cọc của họ và trốn khỏi thị trấn,when the tenants started sharing what had occurred to them most of the families involved suddenly realized that carolyn wilson of the oha had stolen their security deposits and skipped out of town
69,remote_dataset/fleurs_vi_en/train/vi/vi_00069.wav,remote_dataset/fleurs_vi_en/train/en/en_00069.wav,22.32,17.52,những người thuê nhà ở lockwood gardens tin rằng có khoảng 40 gia đình nữa hoặc nhiều hơn có thể sẽ bị đuổi vì họ được biết cảnh sát oha cũng đang điều tra những khu nhà công cộng khác ở oakland có thể là nạn nhân trong vụ lừa đảo về nhà ở này,tenants at lockwood gardens believe that there may be another 40 families or more to face eviction since they learned that oha police are also investigating other public housing properties in oakland that may be caught up in the housing scam
70,remote_dataset/fleurs_vi_en/train/vi/vi_00070.wav,remote_dataset/fleurs_vi_en/train/en/en_00070.wav,10.26,11.64,nhóm nhạc đã hủy buổi diễn tại sân vận động tưởng niệm chiến tranh của maui vốn đã được dựng với sức chứa 9.000 người và xin lỗi người hâm mộ,"the band canceled the show at maui's war memorial stadium which was set to be attended by 9,000 people and apologized to fans"
71,remote_dataset/fleurs_vi_en/train/vi/vi_00071.wav,remote_dataset/fleurs_vi_en/train/en/en_00071.wav,18.78,11.52,hk management inc công ty quản lý của ban nhạc lúc đầu đã không đưa ra lý do nào khi hủy bỏ vào ngày 20 tháng chín nhưng lại đổ lỗi cho các lý do về hậu cần sân bãi vào ngày hôm sau,the band's management company hk management inc gave no initial reason when they canceled on september 20 but blamed logistical reasons by the next day
72,remote_dataset/fleurs_vi_en/train/vi/vi_00072.wav,remote_dataset/fleurs_vi_en/train/en/en_00072.wav,15.00,20.76,các luật sư nổi tiếng hy lạp là sakis kechagioglou và george nikolakopoulos đã bị giam tại nhà tù korydallus athens vì tội nhận hối lộ và tham nhũng,the famous greek lawyers sakis kechagioglou and george nikolakopoulos have been imprisoned in the athens' jail of korydallus as they were found guilty of graft and corruption
73,remote_dataset/fleurs_vi_en/train/vi/vi_00073.wav,remote_dataset/fleurs_vi_en/train/en/en_00073.wav,12.12,12.78,kết quả một vụ bê bối lớn trong cộng đồng tư pháp hy lạp đã được phanh phui nhờ sự phơi bày những hành động phi pháp của các quan tòa luật sư cố vấn pháp luật và đại diện luật pháp trong những năm trước đó,as a result of this a big scandal within the greek legal community has been raised through the exposure of illegal actions that judges lawyers solicitors and attorneys have done during the previous years
74,remote_dataset/fleurs_vi_en/train/vi/vi_00074.wav,remote_dataset/fleurs_vi_en/train/en/en_00074.wav,22.68,20.34,cách đây vài tuần sau khi thông tin được nhà báo makis triantafylopoulos loan truyền trong chương trình truyền hình nổi tiếng của anh là zoungla trên đài alpha tv nghị viên kiêm luật sư petros mantouvalos đã bị bãi nhiệm vì các nhân viên trong văn phòng ông có liên quan với hành vi tham nhũng và hối lộ,a few weeks ago after the information published by the journalist makis triantafylopoulos in his popular television show zoungla in alpha tv the member of parliament and lawyer petros mantouvalos was abdicated as members of his office had been involved in illegal graft and corruption
75,remote_dataset/fleurs_vi_en/train/vi/vi_00075.wav,remote_dataset/fleurs_vi_en/train/en/en_00075.wav,12.72,9.72,ngoài ra thẩm phán hàng đầu evangelos kalousis đã phải ngồi tù sau khi bị kết tội tham nhũng và có hành vi suy đồi,moreover top judge evangelos kalousis is imprisoned as he found guilty of corruption and degenerate behaviour
76,remote_dataset/fleurs_vi_en/train/vi/vi_00076.wav,remote_dataset/fleurs_vi_en/train/en/en_00076.wav,14.76,19.08,roberts thẳng thắn từ chối nói về thời điểm anh ấy tin cuộc sống bắt đầu một câu hỏi quan trọng khi xem xét tính đạo đức của việc phá thai và cho rằng bình luận về những chi tiết của các trường hợp như thế là vô đạo đức,roberts flatly refused to say about when he believes life begins an important question when considering the ethics of abortion saying that it would be unethical to comment on the specifics of likely cases
77,remote_dataset/fleurs_vi_en/train/vi/vi_00077.wav,remote_dataset/fleurs_vi_en/train/en/en_00077.wav,15.60,13.08,tuy nhiên ông ấy lập lại tuyên bố của mình trước đó rằng roe v wade là toàn bộ luật trong nước đã định nhấn mạnh tầm quan trọng về tính nhất quán của quyết định của tòa án tối cao,he did however reiterate his earlier statement that roe v wade was the settled law of the land emphasizing the importance of consistent supreme court rulings
78,remote_dataset/fleurs_vi_en/train/vi/vi_00078.wav,remote_dataset/fleurs_vi_en/train/en/en_00078.wav,7.80,8.70,ông cũng xác nhận việc bản thân tin vào quyền riêng tư mặc nhiên mà quyết định roe lấy làm căn cứ,he also confirmed that he believed in the implied right to privacy which the roe decision depended upon
79,remote_dataset/fleurs_vi_en/train/vi/vi_00079.wav,remote_dataset/fleurs_vi_en/train/en/en_00079.wav,8.64,10.26,maroochydore đứng đầu bảng xếp hạng cách biệt sáu điểm so với noosa ở vị trí thứ nhì,maroochydore had finished on top of the ladder six points clear of noosa in second
80,remote_dataset/fleurs_vi_en/train/vi/vi_00080.wav,remote_dataset/fleurs_vi_en/train/en/en_00080.wav,5.40,5.92,hai bên đối đầu nhau trong trận bán kết mà noosa đã giành chiến thắng với cách biệt 11 điểm,the two sides would meet in the major semi final where noosa ran out winners by 11 points
81,remote_dataset/fleurs_vi_en/train/vi/vi_00081.wav,remote_dataset/fleurs_vi_en/train/en/en_00081.wav,8.94,6.00,maroochydore sau đó đã đánh bại caboolture trong trận chung kết sơ bộ,maroochydore then defeated caboolture in the preliminary final
82,remote_dataset/fleurs_vi_en/train/vi/vi_00082.wav,remote_dataset/fleurs_vi_en/train/en/en_00082.wav,11.04,15.42,hesperonychus elizabethae là một loài thuộc họ dromaeosauridae và là anh em họ của velociraptor,hesperonychus elizabethae is a species of the family dromaeosauridae and is a cousin of velociraptor
83,remote_dataset/fleurs_vi_en/train/vi/vi_00083.wav,remote_dataset/fleurs_vi_en/train/en/en_00083.wav,10.38,9.12,loài chim săn mồi máu nóng nhiều lông này được cho là đi thẳng bằng hai chân với móng vuốt như loài khủng long ăn thịt,this fully feathered warm blooded bird of prey was believed to have walked upright on two legs with claws like the velociraptor
84,remote_dataset/fleurs_vi_en/train/vi/vi_00084.wav,remote_dataset/fleurs_vi_en/train/en/en_00084.wav,12.66,8.40,móng vuốt thứ hai của nó lớn hơn là nguyên nhân cho cái tên hesperonychus có nghĩa là móng vuốt phía tây,its second claw was larger giving rise to the name hesperonychus which means western claw
85,remote_dataset/fleurs_vi_en/train/vi/vi_00085.wav,remote_dataset/fleurs_vi_en/train/en/en_00085.wav,6.54,6.12,ngoài đá vụn điều kiện thời tiết khắc nghiệt đã và đang gây cản trở các nỗ lực cứu hộ,in addition to the crushing ice extreme weather conditions have been hampering rescue efforts
86,remote_dataset/fleurs_vi_en/train/vi/vi_00086.wav,remote_dataset/fleurs_vi_en/train/en/en_00086.wav,4.68,5.70,theo pittman tình hình có thể chưa được cải thiện cho đến tuần sau,pittman suggested that conditions wouldn't improve until sometime next week
87,remote_dataset/fleurs_vi_en/train/vi/vi_00087.wav,remote_dataset/fleurs_vi_en/train/en/en_00087.wav,7.62,8.70,số lượng và độ dày của lớp băng theo pittman ở mức tồi tệ nhất trong 15 năm qua đối với tàu săn hải cẩu,the amount and thickness of the pack ice according to pittman is the worst it has been for sealers in the past 15 years
88,remote_dataset/fleurs_vi_en/train/vi/vi_00088.wav,remote_dataset/fleurs_vi_en/train/en/en_00088.wav,16.50,15.54,hôm nay giữa tang lễ của jeff weise và ba người khác trong số chín nạn nhân cộng đồng red lake nhận được tin một học sinh nữa đã bị bắt vì có liên quan đến vụ xả súng ở trường học vào ngày 21 tháng 3,news spread in the red lake community today as funerals for jeff weise and three of the nine victims were held that another student was arrested in connection with the school shootings of march 21
89,remote_dataset/fleurs_vi_en/train/vi/vi_00089.wav,remote_dataset/fleurs_vi_en/train/en/en_00089.wav,7.38,5.42,nhà chức trách không cung cấp nhiều thông tin chính thức ngoài việc xác nhận vụ bắt giữ ngày hôm nay,authorities said little officially beyond confirming today's arrest
90,remote_dataset/fleurs_vi_en/train/vi/vi_00090.wav,remote_dataset/fleurs_vi_en/train/en/en_00090.wav,14.82,11.82,tuy nhiên một nguồn tin đã được kiểm tra đã tiết lộ với tờ minneapolis star-tribune rằng đó là louis jourdain con trai 16 tuổi của người đứng đầu bộ lạc red lake floyd jourdain,however a source with knowledge of the investigation told the minneapolis star-tribune that it was louis jourdain 16-year old son of red lake tribal chairman floyd jourdain
91,remote_dataset/fleurs_vi_en/train/vi/vi_00091.wav,remote_dataset/fleurs_vi_en/train/en/en_00091.wav,12.18,9.78,hiện vẫn chưa biết những cáo trạng nào sẽ được đặt ra hay điều gì đã giúp cơ quan thẩm quyền tìm ra cậu bé nhưng tòa thanh thiếu niên đã bắt đầu các thủ tục ở tòa án liên bang,it is not known at this time what charges will be laid or what led authorities to the boy but juvenile proceedings have begun in federal court
92,remote_dataset/fleurs_vi_en/train/vi/vi_00092.wav,remote_dataset/fleurs_vi_en/train/en/en_00092.wav,13.98,12.06,lodin cũng cho biết các quan chức quyết định hủy bầu cử bổ sung để tiết kiệm chi phí cho người dân afghanistan và tránh rủi ro an ninh của cuộc bầu cử này,lodin also said officials decided to cancel the runoff in order to save afghans the expense and security risk of another election
93,remote_dataset/fleurs_vi_en/train/vi/vi_00093.wav,remote_dataset/fleurs_vi_en/train/en/en_00093.wav,11.34,12.84,các nhà ngoại giao cho biết họ đã tìm ra những điểm mơ hồ trong hiến pháp afghanistan đủ để xác định việc dồn phiếu là không cần thiết,diplomats said that they had found enough ambiguity in the afghan constitution to determine the runoff as unnecessary
94,remote_dataset/fleurs_vi_en/train/vi/vi_00094.wav,remote_dataset/fleurs_vi_en/train/en/en_00094.wav,6.30,15.78,điều này trái ngược với những báo cáo trước đây cho rằng việc hủy bỏ vòng bầu cử chung kết là vi hiến,this contradicts earlier reports which said that cancelling the runoff would have been against the constitution
95,remote_dataset/fleurs_vi_en/train/vi/vi_00095.wav,remote_dataset/fleurs_vi_en/train/en/en_00095.wav,8.76,6.72,chiếc phi cơ bay đến irkutsk dưới sự điều khiển của quân nội địa,the aircraft had been headed to irkutsk and was being operated by interior troops
96,remote_dataset/fleurs_vi_en/train/vi/vi_00096.wav,remote_dataset/fleurs_vi_en/train/en/en_00096.wav,4.50,4.08,một cuộc điều tra đã được tổ chức để tìm hiểu nguyên nhân tai nạn,an inquiry was established to investigate
97,remote_dataset/fleurs_vi_en/train/vi/vi_00097.wav,remote_dataset/fleurs_vi_en/train/en/en_00097.wav,9.48,13.32,il-76 là hành phần chính trong cả quân đội nga và xô viết kể từ những năm 1970 và đã gặp một tai nạn nghiêm trọng tại nga tháng trước,the il-76 has been a major component of both the russian and soviet military since the 1970s and had already seen a serious accident in russia last month
98,remote_dataset/fleurs_vi_en/train/vi/vi_00098.wav,remote_dataset/fleurs_vi_en/train/en/en_00098.wav,14.52,10.92,vào ngày 7 tháng 10 một động cơ bị tách rời khi cất cánh không có thương tích nào xảy ra sau tai nạn đó nga nhanh chóng cấm bay đối với những chiếc il-76,on october 7 an engine separated on takeoff without injuries russia briefly grounded il-76s after that accident
99,remote_dataset/fleurs_vi_en/train/vi/vi_00099.wav,remote_dataset/fleurs_vi_en/train/en/en_00099.wav,11.40,13.86,800 dặm của hệ thống đường ống xuyên alaska đã bị đóng sau sự cố tràn hàng ngàn thùng dầu thô ở phía nam fairbanks alaska,800 miles of the trans-alaska pipeline system were closed down following a spill of thousands of barrels of crude oil south of fairbanks alaska
100,remote_dataset/fleurs_vi_en/train/vi/vi_00100.wav,remote_dataset/fleurs_vi_en/train/en/en_00100.wav,11.28,14.04,sự cố mất điện sau khi kiểm tra định kỳ hệ thống cứu hỏa khiến cho các van xả mở và dầu thô tràn ra gần trạm bơm số 9 ở fort greely,a power failure following a routine fire-command system test caused relief valves to open and crude oil overflowed near the fort greely pump station 9
101,remote_dataset/fleurs_vi_en/train/vi/vi_00101.wav,remote_dataset/fleurs_vi_en/train/en/en_00101.wav,15.00,10.12,"việc mở các van cho phép giải hệ thống tỏa áp lực và dầu chảy trên một bệ đến một cái bể có khả năng chứa 55.000 thùng 2,3 triệu galông","the valves opening allowed a pressure release for the system and oil flowed on a pad to a tank that can hold 55,000 barrels 2.3 million gallons"
103,remote_dataset/fleurs_vi_en/train/vi/vi_00103.wav,remote_dataset/fleurs_vi_en/train/en/en_00103.wav,9.72,20.58,một khu vực chứa thứ hai bên dưới các thùng chứa có thể trữ 104.500 thùng chưa được sử dụng hết công suất,"another secondary containment area below the tanks capable of holding 104,500 barrels was not yet filled to capacity"
104,remote_dataset/fleurs_vi_en/train/vi/vi_00104.wav,remote_dataset/fleurs_vi_en/train/en/en_00104.wav,9.84,8.40,các bình luận trực tiếp trên truyền hình là lần đầu tiên các nguồn tin cao cấp từ iran thừa nhận rằng các lệnh trừng phạt đang có tác động,the comments live on television were the first time that senior iranian sources have admitted that the sanctions are having any effect
105,remote_dataset/fleurs_vi_en/train/vi/vi_00105.wav,remote_dataset/fleurs_vi_en/train/en/en_00105.wav,15.18,14.58,chúng bao gồm các hạn chế tài chính và lệnh cấm của liên minh châu âu về xuất khẩu dầu thô ngành đem lại 80% thu nhập từ nước ngoài cho iran,they include financial restrictions and a ban by the european union on the export of crude oil from which the iranian economy receives 80% of its foreign income
106,remote_dataset/fleurs_vi_en/train/vi/vi_00106.wav,remote_dataset/fleurs_vi_en/train/en/en_00106.wav,12.72,13.20,"trong báo cáo hằng tháng mới nhất opec nói sản lượng dầu thô xuất khẩu đã giảm đến mức thấp nhất trong hai thập niên qua khi chỉ đạt 2,8 triệu thùng mỗi ngày",in its most recent monthly report opec said exports of crude had fallen to their lowest level for two decades at 2.8 million barrels per day
107,remote_dataset/fleurs_vi_en/train/vi/vi_00107.wav,remote_dataset/fleurs_vi_en/train/en/en_00107.wav,18.60,15.66,lãnh đạo tối cao của quốc gia này ayatollah ali khamenei miêu tả sự phụ thuộc vào dầu hỏa là cái bẫy có từ trước khi cách mạng hồi giáo của iran diễn ra vào năm 1979 và quốc gia này cần phải tự giải phóng mình khỏi cái bẫy đó,the country's supreme leader ayatollah ali khamenei has described the dependency on oil as a trap dating from before iran's islamic revolution in 1979 and from which the country should free itself
108,remote_dataset/fleurs_vi_en/train/vi/vi_00108.wav,remote_dataset/fleurs_vi_en/train/en/en_00108.wav,16.98,14.28,khi chiếc hộp về đến trái đất và đi vào bầu khí quyển khoảng 5 giờ sáng giờ miền đông theo dự báo nó sẽ tạo ra một cảnh tượng khá đẹp mắt mà người dân các vùng bắc california oregon nevada và utah có thể thưởng thức,when the capsule gets to earth and enters the atmosphere at about 5am eastern time it is expected to put on quite a light show for folks in northern california oregon nevada and utah
109,remote_dataset/fleurs_vi_en/train/vi/vi_00109.wav,remote_dataset/fleurs_vi_en/train/en/en_00109.wav,6.30,4.92,khoang tàu vũ trụ sẽ trông rất giống một ngôi sao băng bay qua bầu trời,the capsule will look much like a shooting star going across the sky
110,remote_dataset/fleurs_vi_en/train/vi/vi_00110.wav,remote_dataset/fleurs_vi_en/train/en/en_00110.wav,10.98,12.30,"tàu vũ trụ sẽ di chuyển với vận tốc khoảng 12,8 km tức 8 dặm mỗi giây đủ nhanh để đi từ san francisco đến los angeles trong một phút",the capsule will be traveling at about 12.8 km or 8 miles per second fast enough to go from san francisco to los angeles in one minute
111,remote_dataset/fleurs_vi_en/train/vi/vi_00111.wav,remote_dataset/fleurs_vi_en/train/en/en_00111.wav,14.58,12.78,stardust sẽ lập kỷ lục chưa từng có để trở thành tàu vũ trụ quay về trái đất nhanh nhất phá vỡ kỷ lục trước đó được thiết lập vào tháng năm năm 1969 với sự trở lại của tàu chỉ huy apollo x,stardust will set a new all-time record for being the fastest spacecraft to return to earth breaking the previous record set in may of 1969 during the return of the apollo x command module
112,remote_dataset/fleurs_vi_en/train/vi/vi_00112.wav,remote_dataset/fleurs_vi_en/train/en/en_00112.wav,16.80,15.72,nó sẽ di chuyển trên bờ tây của phía bắc california và sẽ chiếu sáng bầu trời từ california tới miền trung oregon và tiếp tục đi qua nevada và idaho và tiến vào utah tom duxbury quản lý dự án của stardust nói,it will move over the west coast of northern california and will light the sky from california through central oregon and on through nevada and idaho and into utah tom duxbury stardust's project manager said
113,remote_dataset/fleurs_vi_en/train/vi/vi_00113.wav,remote_dataset/fleurs_vi_en/train/en/en_00113.wav,9.90,13.38,quyết định ký hiệp ước khí hậu kyoto của ông rudd đã cô lập mỹ giờ đây họ sẽ trở thành nước phát triển duy nhất không phê chuẩn hiệp định,mr rudd's decision to sign the kyoto climate accord isolates the united states which will now be the only developed nation not to ratify the agreement
114,remote_dataset/fleurs_vi_en/train/vi/vi_00114.wav,remote_dataset/fleurs_vi_en/train/en/en_00114.wav,20.88,21.84,chính phủ bảo thủ trước đây của úc đã từ chối phê chuẩn nghị định thư kyoto cho rằng nghị định thư này sẽ gây thiệt hại cho nền kinh tế vốn phụ thuộc nặng nề vào xuất khẩu than trong khi các nước như ấn độ và trung quốc thì không bị ràng buộc bởi các mục tiêu giảm phát thải,australia's former conservative government refused to ratify kyoto saying it would damage the economy with its heavy reliance on coal exports while countries like india and china were not bound by emissions targets
115,remote_dataset/fleurs_vi_en/train/vi/vi_00115.wav,remote_dataset/fleurs_vi_en/train/en/en_00115.wav,4.08,3.54,đó là vụ sát nhập lớn nhất trong lịch sử của ebay,it is the biggest acquisition in ebay's history
116,remote_dataset/fleurs_vi_en/train/vi/vi_00116.wav,remote_dataset/fleurs_vi_en/train/en/en_00116.wav,12.30,11.64,công ty hy vọng sẽ đa dạng hóa các nguồn lợi nhuận và trở nên phổ biến tại các khu vực mà skype giữ vị trí vững chắc chẳng hạn như trung quốc đông âu và brazil,the company hopes to diversify its profit sources and gain popularity in areas where skype holds a strong position such as china eastern europe and brazil
117,remote_dataset/fleurs_vi_en/train/vi/vi_00117.wav,remote_dataset/fleurs_vi_en/train/en/en_00117.wav,10.20,9.66,các nhà khoa học nghi ngờ enceladus có hoạt động địa chất và có thể là nguồn gốc của vành đai băng giá hình chữ e của sao thổ,scientists have suspected enceladus as geologically active and a possible source of saturn's icy e ring
118,remote_dataset/fleurs_vi_en/train/vi/vi_00118.wav,remote_dataset/fleurs_vi_en/train/en/en_00118.wav,10.86,10.26,enceladus là vật thể phản chiếu ánh sáng tốt nhất trong thái dương hệ phản chiếu khoảng 90% ánh sáng mặt trời chiếu vào nó,enceladus is the most reflective object in the solar system reflecting about 90% of the sunlight that hits it
119,remote_dataset/fleurs_vi_en/train/vi/vi_00119.wav,remote_dataset/fleurs_vi_en/train/en/en_00119.wav,10.80,10.68,nhà phát hành game konami hôm nay đã tuyên bố trên một tờ báo nhật bản rằng họ sẽ không phát hành game sáu ngày ở fallujah,the game publisher konami stated today in a japanese newspaper that they will not be releasing the game six days in fallujah
120,remote_dataset/fleurs_vi_en/train/vi/vi_00120.wav,remote_dataset/fleurs_vi_en/train/en/en_00120.wav,8.82,9.48,trò chơi dựa trên trận chiến thứ hai ở fallujah một trận chiến tàn khốc giữa quân đội mỹ và iraq,the game is based on the second battle of fallujah a vicious battle between american and iraqi forces
121,remote_dataset/fleurs_vi_en/train/vi/vi_00121.wav,remote_dataset/fleurs_vi_en/train/en/en_00121.wav,12.42,13.92,acma cũng kết luận rằng mặc dù đoạn video được chiếu trực tiếp trên internet nhưng big brother đã không vi phạm luật kiểm duyệt nội dung trên mạng do nội dung này không lưu trữ trên trang web của big brother,the acma also found that despite the video being streamed on the internet big brother had not breached online content censorship laws as the media had not been stored on big brother's website
122,remote_dataset/fleurs_vi_en/train/vi/vi_00122.wav,remote_dataset/fleurs_vi_en/train/en/en_00122.wav,8.94,10.86,dịch vụ truyền thông hành động cung cấp quy định về nội dung internet tuy nhiên để được xem là nội dung internet nó phải nằm trên một máy chủ,the broadcasting services act provides for the regulation of internet content however to be considered internet content it must physically reside on a server
123,remote_dataset/fleurs_vi_en/train/vi/vi_00123.wav,remote_dataset/fleurs_vi_en/train/en/en_00123.wav,15.96,14.40,đại sứ quán mỹ tại nairobi kenya đã phát đi cảnh báo rằng những kẻ cực đoan từ somali đang lên kế hoạch thực hiện các cuộc tấn công liều chết bằng bom tại kenya và ethiopia,the united states embassy located in nairobi kenya has issued a warning that extremists from somalia are planning to launch suicide bomb attacks in kenya and ethiopia
124,remote_dataset/fleurs_vi_en/train/vi/vi_00124.wav,remote_dataset/fleurs_vi_en/train/en/en_00124.wav,15.12,12.72,mỹ nói đã nhận được thông tin từ một nguồn không được tiết lộ trong đó đề cập cụ thể việc sử dụng những kẻ đánh bom tự sát để thổi bay các địa danh nổi tiếng tại ethiopia và kenya,the u.s. says it has received information from an undisclosed source that specifically mentions the use of suicide bombers to will blow up prominent landmarks in ethiopia and kenya
125,remote_dataset/fleurs_vi_en/train/vi/vi_00125.wav,remote_dataset/fleurs_vi_en/train/en/en_00125.wav,17.88,13.32,rất lâu trước the daily show và the colbert report từ khi còn là sinh viên tại uw vào năm 1988 heck và johnson đã nghĩ đến việc xuất bản tác phẩm nhại lại các tin tức và việc đưa tin tức,long before the daily show and the colbert report heck and johnson envisioned a publication that would parody the news-and news reporting-when they were students at uw in 1988
126,remote_dataset/fleurs_vi_en/train/vi/vi_00126.wav,remote_dataset/fleurs_vi_en/train/en/en_00126.wav,18.24,19.74,sau khởi đầu the onion trở thành đế chế tin tức trào phúng thực sự với một phiên bản in một trang mạng có 5.000.000 độc giả vào tháng mười quảng cáo cá nhân và một mạng lưới tin tức 24 giờ podcast và tập bản đồ thế giới mới ra mắt có tên our dumb world,"since its inception the onion has become a veritable news parody empire with a print edition a website that drew 5,000,000 unique visitors in the month of october personal ads a 24 hour news network podcasts and a recently launched world atlas called our dumb world"
127,remote_dataset/fleurs_vi_en/train/vi/vi_00127.wav,remote_dataset/fleurs_vi_en/train/en/en_00127.wav,18.72,15.60,al gore và tướng tommy franks đột nhiên đọc một mạch các tiêu đề yêu thích tiêu đề của gore là khi the onion đưa tin ông và tipper đang có đời sống tình dục tuyệt vời nhất của cuộc đời sau khi thua cuộc trong cuộc bầu cử của cử tri đoàn 2000,al gore and general tommy franks casually rattle off their favorite headlines gore's was when the onion reported he and tipper were having the best sex of their lives after his 2000 electoral college defeat
128,remote_dataset/fleurs_vi_en/train/vi/vi_00128.wav,remote_dataset/fleurs_vi_en/train/en/en_00128.wav,9.36,7.92,nhiều nhà văn vẫn có tầm ảnh hưởng lớn trong chương trình phóng tác tin tức của jon stewart và stephen colbert,many of their writers have gone on to wield great influence on jon stewart and stephen colbert's news parody shows
129,remote_dataset/fleurs_vi_en/train/vi/vi_00129.wav,remote_dataset/fleurs_vi_en/train/en/en_00129.wav,13.68,12.48,sự kiện nghệ thuật này cũng là một phần trong chương trình vận động của tòa thị chính bucharest nhằm khôi phục hình ảnh của thành phố thủ đô romania như là một đô thị sáng tạo và nhiều màu sắc,the artistic event is also part of a campaign by the bucharest city hall that seeks to relaunch the image of the romanian capital as a creative and colourful metropolis
130,remote_dataset/fleurs_vi_en/train/vi/vi_00130.wav,remote_dataset/fleurs_vi_en/train/en/en_00130.wav,13.44,9.48,thành phố sẽ là thành phố đầu tiên ở đông nam châu âu tổ chức cowparade sự kiện nghệ thuật cộng đồng lớn nhất thế giới vào giữa tháng sáu và tháng tám năm nay,the city will be the first in southeastern europe to host cowparade the world's largest public art event between june and august this year
131,remote_dataset/fleurs_vi_en/train/vi/vi_00131.wav,remote_dataset/fleurs_vi_en/train/en/en_00131.wav,9.96,8.34,tuyên bố hôm nay cũng mở rộng cam kết mà chính phủ đã đưa ra vào tháng ba năm nay về việc tài trợ cho các toa dư thừa,today's announcement also extended the government's commitment made in march of this year to fund extra carriages
132,remote_dataset/fleurs_vi_en/train/vi/vi_00132.wav,remote_dataset/fleurs_vi_en/train/en/en_00132.wav,6.78,6.86,300 toa xe được bổ sung nâng tổng số lên 1300 toa xe được trang bị để giảm quá tải,"an additional 300 brings the total to 1,300 carriages to be acquired to relieve overcrowding"
133,remote_dataset/fleurs_vi_en/train/vi/vi_00133.wav,remote_dataset/fleurs_vi_en/train/en/en_00133.wav,11.82,11.04,christopher garcia phát ngôn viên sở cảnh sát los angeles cho biết người đàn ông bị tình nghi phạm tội đang bị điều tra về tội xâm phạm hơn là phá hoại,christopher garcia a spokesperson of the los angeles police department said the suspected male offender is being investigated for trespassing rather than vandalism
134,remote_dataset/fleurs_vi_en/train/vi/vi_00134.wav,remote_dataset/fleurs_vi_en/train/en/en_00134.wav,12.96,13.98,dấu hiệu này không bị hư hỏng bề ngoài điều chỉnh được thực hiện sử dụng vải dầu đen được trang trí với các biểu tượng hòa bình và trái tim để biến chữ o thành chữ e viết thường,the sign was not physically damaged the modification was done using black tarpaulins decorated with signs of peace and heart to alter the o to read lowercase e
135,remote_dataset/fleurs_vi_en/train/vi/vi_00135.wav,remote_dataset/fleurs_vi_en/train/en/en_00135.wav,10.56,10.20,nguyên nhân gây ra thủy triều đỏ là nồng độ cao hơn bình thường của tảo karenia brevis một sinh vật biển đơn bào xuất hiện tự nhiên,red tide is caused by a higher than normal concentration of karenia brevis a naturally-occurring single-celled marine organism
136,remote_dataset/fleurs_vi_en/train/vi/vi_00136.wav,remote_dataset/fleurs_vi_en/train/en/en_00136.wav,8.64,8.88,các yếu tố tự nhiên giao hòa tạo nên điều kiện lý tưởng để số lượng loài tảo này tăng lên đáng kể,natural factors can intersect to produce ideal conditions allowing this algae to increase in number dramatically
137,remote_dataset/fleurs_vi_en/train/vi/vi_00137.wav,remote_dataset/fleurs_vi_en/train/en/en_00137.wav,7.68,6.48,loài tảo này sản sinh ra độc tố thần kinh có thể vô hiệu hóa chức năng thần kinh ở cả con người và cá,the algae produces a neurotoxin that can disable nerves in both humans and fish
138,remote_dataset/fleurs_vi_en/train/vi/vi_00138.wav,remote_dataset/fleurs_vi_en/train/en/en_00138.wav,5.10,6.48,cá thường chết vì nồng độ độc tố cao trong nước,fish often die because of the high concentrations of the toxin in the waters
139,remote_dataset/fleurs_vi_en/train/vi/vi_00139.wav,remote_dataset/fleurs_vi_en/train/en/en_00139.wav,8.28,7.80,con người có thể bị ảnh hưởng khi hít phải hơi nước bị nhiễm độc do gió và sóng đưa vào trong không khí,humans can be affected by breathing affected water taken into the air by wind and waves
140,remote_dataset/fleurs_vi_en/train/vi/vi_00140.wav,remote_dataset/fleurs_vi_en/train/en/en_00140.wav,16.32,13.80,lúc đỉnh điểm bão gonu đặt tên theo túi lá cọ trong ngôn ngữ maldives đạt sức gió lên tới 240 kilomet trên giờ 149 dặm trên giờ,at its peak tropical cyclone gonu named for a bag of palm leaves in the language of the maldives reached sustained winds of 240 kilometers an hour 149 miles per hour
141,remote_dataset/fleurs_vi_en/train/vi/vi_00141.wav,remote_dataset/fleurs_vi_en/train/en/en_00141.wav,8.40,6.60,tới sáng nay tốc độ gió khoảng 83 km/h và dự kiến sẽ tiếp tục suy yếu,by early today winds were around 83 km/h and it was expect to keep weakening
142,remote_dataset/fleurs_vi_en/train/vi/vi_00142.wav,remote_dataset/fleurs_vi_en/train/en/en_00142.wav,9.48,11.40,vào thứ tư tuần này hiệp hội bóng rổ quốc gia hoa kỳnba đã tạm hoãn mùa giải bóng rổ chuyên nghiệp do lo ngại về covid-19,on wednesday the united states' national basketball association nba suspended its professional basketball season due to concerns regarding covid-19
143,remote_dataset/fleurs_vi_en/train/vi/vi_00143.wav,remote_dataset/fleurs_vi_en/train/en/en_00143.wav,7.14,7.14,quyết định của nba được đưa ra sau khi một cầu thủ của utah jazz được xét nghiệm dương tính vi-rút covid-19,the nba's decision followed a utah jazz player testing positive for the covid-19 virus
144,remote_dataset/fleurs_vi_en/train/vi/vi_00144.wav,remote_dataset/fleurs_vi_en/train/en/en_00144.wav,9.24,8.22,dựa trên hóa thạch này sự phân hóa có thể đã diễn ra sớm hơn nhiều so với dự đoán thông qua bằng chứng phân tử,based on this fossil that means the split is much earlier than has been anticipated by the molecular evidence
145,remote_dataset/fleurs_vi_en/train/vi/vi_00145.wav,remote_dataset/fleurs_vi_en/train/en/en_00145.wav,15.54,10.62,điều này có nghĩa là mọi thứ phải được đưa trở lại nhà nghiên cứu thuộc rift valley research service tại ethiopia và một đồng tác giả của nghiên cứu berhane asfaw cho biết,that means everything has to be put back said researcher at the rift valley research service in ethiopia and a co-author of the study berhane asfaw
146,remote_dataset/fleurs_vi_en/train/vi/vi_00146.wav,remote_dataset/fleurs_vi_en/train/en/en_00146.wav,9.48,9.66,đến nay aol đã có thể vận hành và phát triển thị trường im theo tốc độ của riêng mình nhờ được sử dụng rộng rãi ở hoa kỳ,until now aol has been able to move and develop the im market at its own pace due to its widespread use within the united states
147,remote_dataset/fleurs_vi_en/train/vi/vi_00147.wav,remote_dataset/fleurs_vi_en/train/en/en_00147.wav,6.60,5.10,với bối cảnh hiện tại sự tự do như thế này có thể sẽ kết thúc,with this arrangement in place this freedom might end
148,remote_dataset/fleurs_vi_en/train/vi/vi_00148.wav,remote_dataset/fleurs_vi_en/train/en/en_00148.wav,9.00,7.06,số người dùng dịch vụ yahoo và microsoft cộng lại mới cạnh tranh được với số lượng khách hàng của aol,the number of users of the yahoo and microsoft services combined will rival the number of aol's customers
149,remote_dataset/fleurs_vi_en/train/vi/vi_00149.wav,remote_dataset/fleurs_vi_en/train/en/en_00149.wav,13.08,12.84,ngân hàng northern rock đã được quốc hữu hóa vào năm 2008 sau khi có tin tiết lộ rằng công ty đã nhận được hỗ trợ khẩn cấp từ chính phủ vương quốc anh,the northern rock bank had been nationalised in 2008 following the revelation that the company had received emergency support from the uk government
150,remote_dataset/fleurs_vi_en/train/vi/vi_00150.wav,remote_dataset/fleurs_vi_en/train/en/en_00150.wav,10.86,7.32,northern rock đã yêu cầu trợ giúp vì bị ảnh hưởng bởi cuộc khủng hoảng cầm cố dưới chuẩn năm 2007,northern rock had required support due to its exposure during the subprime mortgage crisis in 2007
151,remote_dataset/fleurs_vi_en/train/vi/vi_00151.wav,remote_dataset/fleurs_vi_en/train/en/en_00151.wav,12.18,7.50,tập đoàn virgin của ngài richard branson đã bị từ chối một bản đấu giá cho ngân hàng trước khi ngân hàng bị quốc hữu hóa,sir richard branson's virgin group had a bid for the bank rejected prior to the bank's nationalisation
152,remote_dataset/fleurs_vi_en/train/vi/vi_00152.wav,remote_dataset/fleurs_vi_en/train/en/en_00152.wav,14.40,10.92,trong năm 2010 khi được quốc hữu hóa ngân hàng thương mại northern rock plc đã được tách ra khỏi ‘ngân hàng xấu’ công ty quản lý tài sản northern rock,in 2010 while nationalised the current high street bank northern rock plc was split from the ‘bad bank’ northern rock asset management
153,remote_dataset/fleurs_vi_en/train/vi/vi_00153.wav,remote_dataset/fleurs_vi_en/train/en/en_00153.wav,7.38,7.32,virgin chỉ mua ngân hàng tốt' của northern rock chứ không mua công ty quản lý tài sản,virgin have only purchased the good bank' of northern rock not the asset management company
154,remote_dataset/fleurs_vi_en/train/vi/vi_00154.wav,remote_dataset/fleurs_vi_en/train/en/en_00154.wav,11.28,11.64,người ta tin rằng đây là lần thứ năm trong lịch sử con người đã quan sát thấy thứ mà đã được hóa học xác nhận là vật chất từ sao hỏa rơi xuống trái đất,this is believed to be the fifth time in history that people have observed what turned out to be chemically confirmed martian material falling to earth
155,remote_dataset/fleurs_vi_en/train/vi/vi_00155.wav,remote_dataset/fleurs_vi_en/train/en/en_00155.wav,6.60,9.66,trong số khoảng 24.000 thiên thạch đã biết rơi xuống trái đất chỉ có khoảng 34 thiên thạch được xác minh là có nguồn gốc sao hỏa,"out of the approximately 24,000 known meteorites to have fallen to earth only about 34 have been verified to be martian in origin"
156,remote_dataset/fleurs_vi_en/train/vi/vi_00156.wav,remote_dataset/fleurs_vi_en/train/en/en_00156.wav,6.06,5.22,mười lăm tảng đá trong số này được cho là đến từ trận mưa thiên thạch vào tháng 7 năm ngoái,fifteen of these rocks are attributed to the meteorite shower last july
157,remote_dataset/fleurs_vi_en/train/vi/vi_00157.wav,remote_dataset/fleurs_vi_en/train/en/en_00157.wav,12.18,13.38,một số hòn đá vốn rất hiếm trên trái đất đang được bán với giá từ 11.000 đến 22.500 usd mỗi ounce tức là gấp khoảng mười lần giá trị của vàng,"some of the rocks which are very rare on earth are being sold from us$11,000 to $22,500 per ounce which is about ten times more than the cost of gold"
158,remote_dataset/fleurs_vi_en/train/vi/vi_00158.wav,remote_dataset/fleurs_vi_en/train/en/en_00158.wav,8.76,10.56,sau cuộc đua keselowski vẫn là người dẫn đầu giải đua xe với 2.250 điểm,"following the race keselowski remains the drivers' championship leader with 2,250 points"
159,remote_dataset/fleurs_vi_en/train/vi/vi_00159.wav,remote_dataset/fleurs_vi_en/train/en/en_00159.wav,5.64,6.30,kém bảy điểm johnson xếp thứ hai với 2.243 điểm,"seven points behind johnson is second with 2,243"
160,remote_dataset/fleurs_vi_en/train/vi/vi_00160.wav,remote_dataset/fleurs_vi_en/train/en/en_00160.wav,17.34,13.56,xếp thứ ba hamlin kém hai mươi điểm nhưng hơn bowyer năm điểm kahne và truex jr lần lượt xếp thứ năm và sáu với 2.220 và 2.207 điểm,"in third hamlin is twenty points behind but five ahead of bowyer kahne and truex jr are fifth and sixth respectively with 2,220 and 2,207 points"
161,remote_dataset/fleurs_vi_en/train/vi/vi_00161.wav,remote_dataset/fleurs_vi_en/train/en/en_00161.wav,11.76,9.36,stewart gordon kenseth và harvick lọt vào vị trí top mười tại giải vô địch đua xe khi mùa giải còn bốn chặng đua là kết thúc,stewart gordon kenseth and harvick round out the top-ten positions for the drivers' championship with four races remaining in the season
162,remote_dataset/fleurs_vi_en/train/vi/vi_00162.wav,remote_dataset/fleurs_vi_en/train/en/en_00162.wav,5.34,6.12,hải quân mỹ cũng nói rằng họ đang điều tra sự việc này,the us navy also said they were investigating the incident
163,remote_dataset/fleurs_vi_en/train/vi/vi_00163.wav,remote_dataset/fleurs_vi_en/train/en/en_00163.wav,9.72,10.62,họ cũng cho biết trong một tuyên bố hiện thuỷ thủ đoàn đang nỗ lực tìm ra phương pháp hiệu quả nhất để giải phóng con tàu một cách an toàn,they also said in a statement the crew is currently working to determine the best method of safely extracting the ship
164,remote_dataset/fleurs_vi_en/train/vi/vi_00164.wav,remote_dataset/fleurs_vi_en/train/en/en_00164.wav,9.90,8.10,tàu rà mìn loại avenger đang di chuyển đến puerto princesa ở palawan,an avenger class mine countermeasures ship the ship was on its way to puerto princesa in palawan
165,remote_dataset/fleurs_vi_en/train/vi/vi_00165.wav,remote_dataset/fleurs_vi_en/train/en/en_00165.wav,9.36,7.44,chiếc tàu được biên chế cho hạm đội 7 của hải quân hoa kỳ và đóng ở sasebo nagasaki nhật bản,it is assigned to the u.s. navy's seventh fleet and based in sasebo nagasaki in japan
166,remote_dataset/fleurs_vi_en/train/vi/vi_00166.wav,remote_dataset/fleurs_vi_en/train/en/en_00166.wav,23.64,20.76,những kẻ khủng bố mumbai xuất hiện trên thuyền vào ngày 26 tháng 11 năm 2008 mang theo lựu đạn súng tự động và đã tấn công vào nhiều mục tiêu gồm cả đám đông ở ga xe điện chhatrapati shivaji terminus và khách sạn taj mahal nổi tiếng,the mumbai attackers arrived via boat on novemeber 26 2008 bringing with them grenades automatic weapons and hit multiple targets including the crowded chhatrapati shivaji terminus railway station and the famous taj mahal hotel
167,remote_dataset/fleurs_vi_en/train/vi/vi_00167.wav,remote_dataset/fleurs_vi_en/train/en/en_00167.wav,11.16,13.26,hoạt động trinh sát và thu thập thông tin của david headley đã giúp 10 tay súng thuộc nhóm dân quân laskhar-e-taiba người pakistan tiến hành chiến dịch,david headley's scouting and information gathering had helped to enable the operation by the 10 gunmen from the pakistani militant group laskhar-e-taiba
168,remote_dataset/fleurs_vi_en/train/vi/vi_00168.wav,remote_dataset/fleurs_vi_en/train/en/en_00168.wav,5.34,6.48,vụ tấn công đã gây ra căng thẳng lớn trong mối quan hệ giữa ấn độ và pakistan,the attack put a huge strain on relations between india and pakistan
169,remote_dataset/fleurs_vi_en/train/vi/vi_00169.wav,remote_dataset/fleurs_vi_en/train/en/en_00169.wav,9.30,8.94,được hộ tống bởi các công chức ông ta cam đoan với các công dân texas rằng các bước đang được thực hiện để bảo vệ an ninh công cộng,accompanied by those officials he assured texas citizens that steps were being taken to protect the public's safety
170,remote_dataset/fleurs_vi_en/train/vi/vi_00170.wav,remote_dataset/fleurs_vi_en/train/en/en_00170.wav,11.58,8.10,perry đặc biệt nói rất ít nơi khác trên thế giới có trang bị tốt hơn để đối phó với thách thức đặt ra trong tình huống này,perry specifically said there are few places in the world better equipped to meet the challenge that is posed in this case
171,remote_dataset/fleurs_vi_en/train/vi/vi_00171.wav,remote_dataset/fleurs_vi_en/train/en/en_00171.wav,9.12,11.22,thống đốc cũng tuyên bố hôm nay chúng tôi tìm hiểu được rằng một số trẻ em độ tuổi đi học được xác nhận là có tiếp xúc với bệnh nhân,the governor also stated today we learned that some school aged children have been identified as having had contact with the patient
172,remote_dataset/fleurs_vi_en/train/vi/vi_00172.wav,remote_dataset/fleurs_vi_en/train/en/en_00172.wav,9.36,8.70,ông nói tiếp ca nhiễm này rất nghiêm trọng hãy yên tâm rằng hệ thống của chúng ta đang hoạt động tốt như bình thường,he went on to say this case is serious rest assured that our system is working as well as it should
173,remote_dataset/fleurs_vi_en/train/vi/vi_00173.wav,remote_dataset/fleurs_vi_en/train/en/en_00173.wav,12.18,5.82,nếu được xác nhận khám phá này sẽ hoàn tất quá trình 8 năm tìm kiếm chiến hạm musashi của allen,if confirmed the find completes allen's eight-year search for the musashi
174,remote_dataset/fleurs_vi_en/train/vi/vi_00174.wav,remote_dataset/fleurs_vi_en/train/en/en_00174.wav,8.76,5.64,sau khi lập bản đồ đáy biển xác tàu đã được rô bốt ngầm điều khiển từ xa tìm thấy,following seabed mapping the wreck was found using an rov
175,remote_dataset/fleurs_vi_en/train/vi/vi_00175.wav,remote_dataset/fleurs_vi_en/train/en/en_00175.wav,13.86,16.56,allen một trong những người giàu nhất thế giới được biết là đã đầu tư rất nhiều tiền của vào thám hiểm đại dương và bắt đầu truy tìm ra tàu musashi từng gây chú ý trong suốt thời gian chiến tranh,one of the world's richest people allen has reportedly invested much of his wealth in marine exploration and began his quest to find the musashi out of a lifelong interest in the war
176,remote_dataset/fleurs_vi_en/train/vi/vi_00176.wav,remote_dataset/fleurs_vi_en/train/en/en_00176.wav,10.62,7.38,bà nhận được nhiều lời khen ngợi quan trọng trong thời gian ở atlanta và trở nên nổi tiếng về đường lối giáo dục cách tân trong môi trường đô thị,she gained critical acclaim during her time in atlanta and was recognized for innovative urban education
177,remote_dataset/fleurs_vi_en/train/vi/vi_00177.wav,remote_dataset/fleurs_vi_en/train/en/en_00177.wav,4.74,6.84,năm 2009 bà được trao danh hiệu giám thị quốc gia của năm,in 2009 she was awarded the title of national superintendent of the year
178,remote_dataset/fleurs_vi_en/train/vi/vi_00178.wav,remote_dataset/fleurs_vi_en/train/en/en_00178.wav,10.08,9.36,tại thời điểm trao giải các trường học ở atlanta đã cho thấy sự cải thiện đáng kể về điểm thi,at the time of the award atlanta schools had seen a large improvement on test scores
179,remote_dataset/fleurs_vi_en/train/vi/vi_00179.wav,remote_dataset/fleurs_vi_en/train/en/en_00179.wav,13.32,7.44,không lâu sau the atlanta journal-constitution đăng xuất bản một báo cáo chỉ ra các vấn đề với kết quả xét nghiệm,shortly after the atlanta journal-constitution published a report showing problems with test results
180,remote_dataset/fleurs_vi_en/train/vi/vi_00180.wav,remote_dataset/fleurs_vi_en/train/en/en_00180.wav,8.40,10.02,báo cáo cho thấy điểm kiểm tra đã tăng một cách đáng ngờ và cáo buộc nội bộ nhà trường đã phát hiện ra vấn đề nhưng không hành động gì cả,the report showed test scores had increased implausibly fast and alleged the school internally detected problems but didn't act on the findings
181,remote_dataset/fleurs_vi_en/train/vi/vi_00181.wav,remote_dataset/fleurs_vi_en/train/en/en_00181.wav,12.72,10.08,bằng chứng sau đó cho thấy các bài thi đã bị sửa đổi và hall cùng với 34 viên chức giáo dục khác đã bị truy tố vào năm 2013,evidence thereafter indicated test papers were tampered with hall along with 34 other education officials was indicted in 2013
182,remote_dataset/fleurs_vi_en/train/vi/vi_00182.wav,remote_dataset/fleurs_vi_en/train/en/en_00182.wav,8.88,7.02,chính quyền ireland đang nhấn mạnh sự khẩn cấp của việc nghị viện thông qua một đạo luật giúp giải quyết tình huống này,the irish government is stressing the urgency of parliamentary legislation to rectify the situation
183,remote_dataset/fleurs_vi_en/train/vi/vi_00183.wav,remote_dataset/fleurs_vi_en/train/en/en_00183.wav,14.16,11.40,một phát ngôn viên của chính phủ cho biết đứng từ quan điểm sức khỏe cộng đồng và tư pháp hình sự điều quan trọng hiện nay là luật pháp phải được ban hành càng sớm càng tốt,it is now important from both a public health and criminal justice perspective that the legislation be enacted as soon as possible said a government spokesperson
184,remote_dataset/fleurs_vi_en/train/vi/vi_00184.wav,remote_dataset/fleurs_vi_en/train/en/en_00184.wav,12.72,15.72,bộ trưởng y tế bày tỏ lo ngại cả về sức khỏe của các cá nhân lợi dụng tình trạng hợp pháp tạm thời của các chất bất hợp phát liên quan và về các bản án đã tuyên liên quan đến ma túy khi các thay đổi trái hiến pháp có hiệu lực,the health minister expressed concern both for the welfare of individuals taking advantage of the temporary legality of the substances involved and for drug-related convictions handed down since the now-unconstitutional changes came into effect
185,remote_dataset/fleurs_vi_en/train/vi/vi_00185.wav,remote_dataset/fleurs_vi_en/train/en/en_00185.wav,12.84,16.08,jarque đang tập luyện trong thời gian huấn luyện đầu mùa tại coverciano tại ý lúc đầu ngày anh ấy đang ở tại khách sạn của đội trước trận đấu theo kế hoạch diễn ra vào chủ nhật với bolonia,jarque was practicing during pre-season training at coverciano in italy earlier in the day he was staying in the team hotel ahead of a match planned for sunday against bolonia
186,remote_dataset/fleurs_vi_en/train/vi/vi_00186.wav,remote_dataset/fleurs_vi_en/train/en/en_00186.wav,7.80,6.30,anh ở trong khách sạn của đội trước trận đấu với bolonia dự kiến diễn ra vào chủ nhật,he was staying in the team hotel ahead of a match planned for sunday against bolonia
187,remote_dataset/fleurs_vi_en/train/vi/vi_00187.wav,remote_dataset/fleurs_vi_en/train/en/en_00187.wav,9.24,7.56,chiếc xe buýt hướng tới six flags st louis ở missouri để ban nhạc biểu diễn trước đám đông khán giả đã mua cháy vé,the bus was headed to six flags st louis in missouri for the band to play to a sold-out crowd
188,remote_dataset/fleurs_vi_en/train/vi/vi_00188.wav,remote_dataset/fleurs_vi_en/train/en/en_00188.wav,11.46,10.98,theo lời các nhân chứng vào lúc 1 giờ 15 phút sáng thứ bảy chiếc xe buýt đang đi trong lúc đèn xanh thì gặp chiếc xe hơi rẽ ngang trước mặt,at 1:15 a.m. saturday according to witnesses the bus was going through a green light when the car made a turn in front of it
189,remote_dataset/fleurs_vi_en/train/vi/vi_00189.wav,remote_dataset/fleurs_vi_en/train/en/en_00189.wav,8.46,10.20,từ ngày 9 tháng tám tâm bão morakot cách tỉnh phúc kiến của trung quốc khoảng bảy mươi cây số,as of the night of august 9 the eye of morakot was about seventy kilometres away from the chinese province of fujian
190,remote_dataset/fleurs_vi_en/train/vi/vi_00190.wav,remote_dataset/fleurs_vi_en/train/en/en_00190.wav,6.00,6.42,cơn bão được ước tính đang di chuyển về phía trung quốc với vận tốc 11 km/giờ,the typhoon is estimated to be moving toward china at eleven kph
191,remote_dataset/fleurs_vi_en/train/vi/vi_00191.wav,remote_dataset/fleurs_vi_en/train/en/en_00191.wav,6.36,5.82,hành khách đã được phân phát nước uống khi họ chờ dưới cái nóng 90 độ f,passengers were given water as they waited in 90f-degree heat
192,remote_dataset/fleurs_vi_en/train/vi/vi_00192.wav,remote_dataset/fleurs_vi_en/train/en/en_00192.wav,11.88,8.64,đội trưởng cứu hỏa scott kouns cho biết đó là một ngày nóng bức ở santa clara khi nhiệt độ lên tới khoảng 90 độ f,fire captain scott kouns said it was a hot day in the santa clara with temperatures in the 90s
193,remote_dataset/fleurs_vi_en/train/vi/vi_00193.wav,remote_dataset/fleurs_vi_en/train/en/en_00193.wav,12.96,10.62,nói một cách giảm nhẹ thì mắc kẹt bao lâu trên trò chơi tàu lượn siêu tốc cũng đều không thoải mái và cần ít nhất một tiếng đồng hồ để đưa người đầu tiên khỏi trò chơi,any length of time trapped on a roller coaster would be uncomfortable to say the least and it took at least an hour to get the first person off the ride
194,remote_dataset/fleurs_vi_en/train/vi/vi_00194.wav,remote_dataset/fleurs_vi_en/train/en/en_00194.wav,10.26,9.24,schumacher người đã nghỉ hưu năm 2006 sau bảy lần vô địch giải đua công thức 1 được sắp xếp để thay thế felipe massa bị thương,schumacher who retired in 2006 after winning the formula 1 championship seven times was due to replace the injured felipe massa
195,remote_dataset/fleurs_vi_en/train/vi/vi_00195.wav,remote_dataset/fleurs_vi_en/train/en/en_00195.wav,10.50,8.04,tay đua người brazil bị một vết thương nặng ở đầu sau khi bị tai nạn trong giải đua grand prix hungaria năm 2009,the brazilian suffered a serious head injury after a crash during the 2009 hungarian grand prix
196,remote_dataset/fleurs_vi_en/train/vi/vi_00196.wav,remote_dataset/fleurs_vi_en/train/en/en_00196.wav,7.56,6.36,massa phải ngồi ngoài ít nhất là hết mùa giải 2009,massa is due to be out for at least the rest of the 2009 season
197,remote_dataset/fleurs_vi_en/train/vi/vi_00197.wav,remote_dataset/fleurs_vi_en/train/en/en_00197.wav,7.86,9.00,arias được xét nghiệm dương tính nhẹ một loại vi-rút bộ trưởng chủ tịch rodrigo arias nói,arias tested positive for a mild case of the virus presidential minister rodrigo arias said
198,remote_dataset/fleurs_vi_en/train/vi/vi_00198.wav,remote_dataset/fleurs_vi_en/train/en/en_00198.wav,7.50,5.64,tình trạng sức khỏe của tổng thống vẫn ổn định mặc dù ông sẽ phải cách ly tại gia thêm vài ngày nữa,the president's condition is stable though he will be isolated at home for several days
199,remote_dataset/fleurs_vi_en/train/vi/vi_00199.wav,remote_dataset/fleurs_vi_en/train/en/en_00199.wav,8.40,9.42,ngoài việc bị sốt và đau họng thì tình rạng của tôi vẫn ổn và hoàn toàn có thể làm việc từ xa,apart from the fever and a sore throat i feel well and in good shape to carry out my work by telecommuting
200,remote_dataset/fleurs_vi_en/train/vi/vi_00200.wav,remote_dataset/fleurs_vi_en/train/en/en_00200.wav,8.16,6.12,tôi dự định trở lại tiếp tục đảm trách mọi bổn phận vào thứ hai tới arias nói trong một tuyên ngôn,i expect to return to all my duties on monday arias said in a statement
201,remote_dataset/fleurs_vi_en/train/vi/vi_00201.wav,remote_dataset/fleurs_vi_en/train/en/en_00201.wav,19.80,10.44,cơn bão felicia đã từng một lần được xếp vào hạng bão cấp độ 4 theo thang bão saffir-simpson đã yếu dần thành một đợt áp thấp nhiệt đới trước khi tan đi vào thứ ba,felicia once a category 4 storm on the saffir-simpson hurricane scale weakened to a tropical depression before dissipating tuesday
202,remote_dataset/fleurs_vi_en/train/vi/vi_00202.wav,remote_dataset/fleurs_vi_en/train/en/en_00202.wav,12.96,10.20,tàn dư của nó tạo ra những trận mưa trải khắp hầu hết các quần đảo mặc dù cho đến nay vẫn chưa có báo cáo nào về tình trạng lũ lụt hay thiệt hại,its remnants produced showers across most of the islands though as of yet no damage or flooding has been reported
203,remote_dataset/fleurs_vi_en/train/vi/vi_00203.wav,remote_dataset/fleurs_vi_en/train/en/en_00203.wav,6.90,7.76,"lượng mưa đạt 6,34 inch khi đo ở oahu được mô tả là có lợi",the precipitation reaching 6.34 inches at a gauge on oahu was described as beneficial
204,remote_dataset/fleurs_vi_en/train/vi/vi_00204.wav,remote_dataset/fleurs_vi_en/train/en/en_00204.wav,6.30,5.64,một số trận mưa rào đi kèm với sấm sét và thường xuyên có chớp,some of the rainfall was accompanied by thunderstorms and frequent lightning
205,remote_dataset/fleurs_vi_en/train/vi/vi_00205.wav,remote_dataset/fleurs_vi_en/train/en/en_00205.wav,15.12,17.40,ngày hôm qua chiếc máy bay twin otter mang số hiệu chuyến bay cg4684 của hãng hàng không airlines png cố gắng hạ cánh xuống kokoda nhưng đã huỷ hạ cánh một lần rồi,the twin otter had been trying to land at kokoda yesterday as airlines png flight cg4684 but had aborted once already
206,remote_dataset/fleurs_vi_en/train/vi/vi_00206.wav,remote_dataset/fleurs_vi_en/train/en/en_00206.wav,5.28,5.88,chiếc máy bay mất tích khoảng 10 phút trước khi hạ cánh ở lần tiếp cận thứ hai,about ten minutes before it was due to land from its second approach it disapeared
207,remote_dataset/fleurs_vi_en/train/vi/vi_00207.wav,remote_dataset/fleurs_vi_en/train/en/en_00207.wav,9.72,13.08,địa điểm vụ rơi được xác định hôm nay và khó tiếp cận đến mức hai cảnh sát viên được thả xuống rừng để đi bộ tới hiện trường để tìm người còn sống,the crash site was located today and is so inaccessable that two policemen were dropped into the jungle in order to hike to the scene and seek survivors
208,remote_dataset/fleurs_vi_en/train/vi/vi_00208.wav,remote_dataset/fleurs_vi_en/train/en/en_00208.wav,9.72,5.76,cuộc tìm kiếm bị cản trở bởi thời tiết xấu vốn đã khiến cho chiếc máy bay không thể hạ cánh,the search had been hampered by the same bad weather that had caused the aborted landing
209,remote_dataset/fleurs_vi_en/train/vi/vi_00209.wav,remote_dataset/fleurs_vi_en/train/en/en_00209.wav,6.72,8.40,theo báo cáo ghi nhận được một căn hộ trên đường macbeth đã phát nổ do rò rỉ ga,according to reports an apartment on macbeth street exploded due to a gas leak
210,remote_dataset/fleurs_vi_en/train/vi/vi_00210.wav,remote_dataset/fleurs_vi_en/train/en/en_00210.wav,7.92,7.74,một nhân viên của công ty gas đã đến hiện trường sau khi một người hàng xóm gọi điện thoại báo có rò rỉ gas,an official with the gas company was reporting to the scene after a neighbor called about a gas leak
211,remote_dataset/fleurs_vi_en/train/vi/vi_00211.wav,remote_dataset/fleurs_vi_en/train/en/en_00211.wav,4.50,3.54,khi viên chức đó đến căn hộ đã nổ tung,when the official arrived the apartment exploded
212,remote_dataset/fleurs_vi_en/train/vi/vi_00212.wav,remote_dataset/fleurs_vi_en/train/en/en_00212.wav,9.90,8.04,không có thương tích nghiêm trọng nào được ghi nhận nhưng ít nhất năm người tại hiện trường lúc vụ nổ xảy ra đã được điều trị các triệu chứng sốc,no major injuries were reported but at least five people on scene at the time of the explosion were treated for symptoms of shock
213,remote_dataset/fleurs_vi_en/train/vi/vi_00213.wav,remote_dataset/fleurs_vi_en/train/en/en_00213.wav,2.52,3.18,không ai có mặt trong căn hộ,no one was inside the apartment
214,remote_dataset/fleurs_vi_en/train/vi/vi_00214.wav,remote_dataset/fleurs_vi_en/train/en/en_00214.wav,4.92,5.04,vào thời điểm đó gần 100 người dân đã được sơ tán khỏi hiện trường,at the time nearly 100 residents were evacuated from the area
215,remote_dataset/fleurs_vi_en/train/vi/vi_00215.wav,remote_dataset/fleurs_vi_en/train/en/en_00215.wav,6.60,4.74,cả hai môn golf và rugby đều được lên kế hoạch trở lại thế vận hội,both golf and rugby are set to return to the olympic games
216,remote_dataset/fleurs_vi_en/train/vi/vi_00216.wav,remote_dataset/fleurs_vi_en/train/en/en_00216.wav,16.14,14.64,ủy ban olympic quốc tế đã bỏ phiếu đồng ý đưa các môn thể thao lên cuộc họp ban lãnh đạo tại berlin hôm nay bóng bầu dục đặc biệt là liên đoàn bóng bầu dục và gôn được chọn từ năm môn thể thao khác để được cân nhắc tham gia olympics,the international olympic committee voted to include the sports at its executive board meeting in berlin today rugby specifically rugby union and golf were selected over five other sports to be considered to participate in the olympics
217,remote_dataset/fleurs_vi_en/train/vi/vi_00217.wav,remote_dataset/fleurs_vi_en/train/en/en_00217.wav,13.44,12.96,các môn quần vợt karate và trượt patin đã cố gắng được đưa vào danh sách môn thi đấu olympic cũng như bóng chày và bóng mềm vốn bị loại theo phiếu bầu từ thế vận hội olympic năm 2005,squash karate and roller sports tried to get onto the olympic program as well as baseball and softball which were voted out of the olympic games in 2005
218,remote_dataset/fleurs_vi_en/train/vi/vi_00218.wav,remote_dataset/fleurs_vi_en/train/en/en_00218.wav,11.34,6.90,kết quả bỏ phiếu vẫn còn phải chờ đại hội đồng ioc phê chuẩn vào phiên họp tháng mười ở copenhagen,the vote must still be ratified by the full ioc at it's october meeting in copenhagen
219,remote_dataset/fleurs_vi_en/train/vi/vi_00219.wav,remote_dataset/fleurs_vi_en/train/en/en_00219.wav,5.16,3.84,không phải tất cả mọi người đều ủng hộ việc xếp thứ hạng với phụ nữ,not all were supportive of the inclusion of the women's ranks
220,remote_dataset/fleurs_vi_en/train/vi/vi_00220.wav,remote_dataset/fleurs_vi_en/train/en/en_00220.wav,12.24,13.14,vận động viên giành huy chương bạc olympic 2004 amir khan nói thật lòng tôi nghĩ phụ nữ không nên đánh nhau đó là ý kiến của tôi,2004 olympic silver medallist amir khan said deep down i think women shouldn't fight that's my opinion
221,remote_dataset/fleurs_vi_en/train/vi/vi_00221.wav,remote_dataset/fleurs_vi_en/train/en/en_00221.wav,11.52,7.68,bất chấp các ý kiến của mình ông nói sẽ hỗ trợ những vận động viên anh tại kỳ olympics 2012 được tổ chức tại luân đôn,despite his comments he said he will be supporting the british competitors at the 2012 olympics being held in london
222,remote_dataset/fleurs_vi_en/train/vi/vi_00222.wav,remote_dataset/fleurs_vi_en/train/en/en_00222.wav,7.08,8.94,phiên tòa diễn ra tại tòa án birmingham crown và phán quyết được đưa ra vào ngày 3 tháng tám,the trial took place at birmingham crown court and concluded on august 3
223,remote_dataset/fleurs_vi_en/train/vi/vi_00223.wav,remote_dataset/fleurs_vi_en/train/en/en_00223.wav,16.08,20.46,người dẫn chương trình bị bắt tại hiện trường đã phủ nhận việc tấn công và tuyên bố rằng anh ta sử dụng khúc gậy để bảo vệ bản thân khỏi những chai lọ ném vào mình bởi gần ba mươi người,the presenter who was arrested at the scene denied the attack and claimed he used the pole to protect himself from bottles being thrown at him by up to thirty people
224,remote_dataset/fleurs_vi_en/train/vi/vi_00224.wav,remote_dataset/fleurs_vi_en/train/en/en_00224.wav,7.32,6.36,blake cũng đã bị kết án vì cố gắng làm sai lệch tiến trình của vụ án công lý,blake was also convicted of attempting to pervert the course of justice
225,remote_dataset/fleurs_vi_en/train/vi/vi_00225.wav,remote_dataset/fleurs_vi_en/train/en/en_00225.wav,7.02,5.10,thẩm phán nói với blake sẽ không thể tránh khỏi rằng anh ta sẽ bị tống giam,the judge told blake it was almost inevitable he was going to be sent to jail
226,remote_dataset/fleurs_vi_en/train/vi/vi_00226.wav,remote_dataset/fleurs_vi_en/train/en/en_00226.wav,5.22,11.52,năng lượng đen là một nguồn năng lượng hoàn toàn vô hình và không ngừng tác động vào vũ trụ,dark energy is a completely invisible force that is constantly acting upon the universe
227,remote_dataset/fleurs_vi_en/train/vi/vi_00227.wav,remote_dataset/fleurs_vi_en/train/en/en_00227.wav,6.84,7.92,người ta chỉ biết đến sự tồn tại của nó vì tác động của nó lên việc mở rộng của vũ trụ,its existence is known only because of its effects on the expansion of the universe
228,remote_dataset/fleurs_vi_en/train/vi/vi_00228.wav,remote_dataset/fleurs_vi_en/train/en/en_00228.wav,16.50,10.26,các nhà khoa học đã phát hiện ra những vùng địa mạo rải rác khắp bề mặt của mặt trăng gọi là thùy đá có vẻ là kết quả của việc mặt trăng đang co rút lại với tốc độ rất chậm,scientists have discovered landforms littered across the moon's surface called lobate scarps that have apparently resulted from the moon's shrinking very slowly
229,remote_dataset/fleurs_vi_en/train/vi/vi_00229.wav,remote_dataset/fleurs_vi_en/train/en/en_00229.wav,10.20,10.08,những đường đứt gãy được tìm thấy trên khắp mặt trăng và bị phong hóa rất ít cho thấy những sự kiện địa chất tạo nên chúng mới diễn ra gần đây,these scarps were found all over the moon and appear to be minimally weathered indicating that the geologic events that created them were fairly recent
230,remote_dataset/fleurs_vi_en/train/vi/vi_00230.wav,remote_dataset/fleurs_vi_en/train/en/en_00230.wav,5.58,6.48,lý thuyết này mâu thuẫn với tuyên bố cho rằng mặt trăng hoàn toàn không có bất cứ hoạt động địa chất nào cả,this theory contradicts the claim that the moon is completely devoid of geologic activity
231,remote_dataset/fleurs_vi_en/train/vi/vi_00231.wav,remote_dataset/fleurs_vi_en/train/en/en_00231.wav,6.96,7.80,người này bị cáo buộc đã lái một chiếc xe ba bánh chứa đầy chất nổ lao vào đám đông,the man allegedly drove a three-wheeled vehicle armed with explosives into a crowd
232,remote_dataset/fleurs_vi_en/train/vi/vi_00232.wav,remote_dataset/fleurs_vi_en/train/en/en_00232.wav,8.94,6.30,người đàn ông bị nghi ngờ là người kích hoạt quả bom đã bị bắt giữ sau khi bị thương từ sau vụ nổ,the man suspected of detonating the bomb was detained after sustaining injuries from the blast
233,remote_dataset/fleurs_vi_en/train/vi/vi_00233.wav,remote_dataset/fleurs_vi_en/train/en/en_00233.wav,7.68,13.98,giới chức hiện vẫn chưa biết tên anh ta mặc dù họ biết anh ta là người dân tộc uighur,his name is still unknown to authorities although they do know he is a member of the uighur ethnic group
234,remote_dataset/fleurs_vi_en/train/vi/vi_00234.wav,remote_dataset/fleurs_vi_en/train/en/en_00234.wav,13.56,10.38,nadia sinh ngày 17 tháng 9 năm 2007 bằng cách sinh mổ tại phòng khám sản khoa ở aleisk nga với cân nặng kỷ lục 17 nặng khoảng 17 pound 1 ounce,nadia born on september 17 2007 by cesarean section at a maternity clinic in aleisk russia weighed in at a massive 17 pounds 1 ounce
235,remote_dataset/fleurs_vi_en/train/vi/vi_00235.wav,remote_dataset/fleurs_vi_en/train/en/en_00235.wav,4.32,4.02,tất cả chúng tôi đều sửng sốt người mẹ nói,we were all simply in shock the mother stated
236,remote_dataset/fleurs_vi_en/train/vi/vi_00236.wav,remote_dataset/fleurs_vi_en/train/en/en_00236.wav,8.88,6.90,khi được hỏi người cha đã nói điều gì cô trả lời ông chẳng thể nói được gì ông chỉ đứng đó chớp mắt,when asked what the father said she answered he couldn't say a thing he just stood there blinking
237,remote_dataset/fleurs_vi_en/train/vi/vi_00237.wav,remote_dataset/fleurs_vi_en/train/en/en_00237.wav,6.00,6.30,nó bắt đầu trông giống như nước nó trong suốt như nước,it's going to behave like water it's transparent just the way water is
238,remote_dataset/fleurs_vi_en/train/vi/vi_00238.wav,remote_dataset/fleurs_vi_en/train/en/en_00238.wav,8.28,9.78,vì vậy nếu bạn đứng ở bờ biển bạn có thể nhìn xuống thấy các loại sỏi đá hay chất bẩn dưới đáy biển,so if you were standing by the shoreline you would be able to see down to whatever pebbles or gunk that was on the bottom
239,remote_dataset/fleurs_vi_en/train/vi/vi_00239.wav,remote_dataset/fleurs_vi_en/train/en/en_00239.wav,10.98,11.16,theo như tôi biết chỉ có một hành tinh cho thấy động lực lớn hơn titan và tên của nó là trái đất stofan nói thêm,as far as we know there is only one planetary body that displays more dynamism than titan and its name is earth added stofan
240,remote_dataset/fleurs_vi_en/train/vi/vi_00240.wav,remote_dataset/fleurs_vi_en/train/en/en_00240.wav,13.38,12.78,vấn đề bắt đầu vào ngày 1 tháng một khi có hàng tá người dân đại phương phàn nàn với bưu điện obanazawa rằng họ không nhận được bưu thiếp năm mới truyền thống định kỳ,the issue started on january 1st when dozens of local residents started complaining to the obanazawa post office that they hadn't received their traditional and regular new year cards
242,remote_dataset/fleurs_vi_en/train/vi/vi_00242.wav,remote_dataset/fleurs_vi_en/train/en/en_00242.wav,19.02,18.24,"tàu vũ trụ không người lái bay theo quỹ đạo mặt trăng chandrayaan-1 phóng ra tàu thăm dò mặt trăng mip bay ngang qua bề mặt mặt trăng ở vận tốc 1,5 km/giây 3000 dặm/giờ và đã hạ cánh an toàn gần cực nam của mặt trăng",the unmanned lunar orbiter chandrayaan-1 ejected its moon impact probe mip which hurtled across the surface of the moon at 1.5 kilometres per second 3000 miles per hour and successfully crash landed near the moon's south pole
243,remote_dataset/fleurs_vi_en/train/vi/vi_00243.wav,remote_dataset/fleurs_vi_en/train/en/en_00243.wav,8.04,9.36,ngoài việc mang theo ba thiết bị khoa học quan trọng thiết bị thăm dò mặt trăng cũng mang theo hình ảnh quốc kỳ ấn độ được sơn ở tất cả các mặt,besides carrying three important scientific instruments the lunar probe also carried the image of the indian national flag painted on all sides
244,remote_dataset/fleurs_vi_en/train/vi/vi_00244.wav,remote_dataset/fleurs_vi_en/train/en/en_00244.wav,8.88,10.26,cảm ơn những ai đã ủng hộ một kẻ bị kết tội như tôi trích dẫn lời của siriporn trong một buổi họp báo,thanks for those who supported a convict like me siriporn was quoted as saying at a press conference
245,remote_dataset/fleurs_vi_en/train/vi/vi_00245.wav,remote_dataset/fleurs_vi_en/train/en/en_00245.wav,4.62,3.66,một số người có thể không đồng ý nhưng tôi không quan tâm,some may not agree but i don't care
246,remote_dataset/fleurs_vi_en/train/vi/vi_00246.wav,remote_dataset/fleurs_vi_en/train/en/en_00246.wav,4.80,4.26,tôi vui mừng vì có những người sẵn sàng ủng hộ tôi,i am happy that there are people willing to support me
247,remote_dataset/fleurs_vi_en/train/vi/vi_00247.wav,remote_dataset/fleurs_vi_en/train/en/en_00247.wav,14.76,15.00,kể từ khi pakistan độc lập khỏi sự cai trị của anh năm 1947 tổng tống pakistan đã chỉ định các cơ quan chính trị quản lý fata đơn vị thực hiện kiểm soát tự chủ gần hoàn toàn đối với các khu vực,since pakistani independence from british rule in 1947 the pakistani president has appointed political agents to govern fata who exercise near-complete autonomous control over the areas
248,remote_dataset/fleurs_vi_en/train/vi/vi_00248.wav,remote_dataset/fleurs_vi_en/train/en/en_00248.wav,8.16,10.20,những cơ quan này chịu trách nhiệm cung ứng các dịch vụ hành pháp và tư pháp theo điều 247 của hiến pháp pakistan,these agents are responsible for providing government and judicial services under article 247 of the pakistani constitution
250,remote_dataset/fleurs_vi_en/train/vi/vi_00250.wav,remote_dataset/fleurs_vi_en/train/en/en_00250.wav,7.74,10.74,tòa nhà là nơi ở của một số người hành hương đến thăm vùng đất thánh vào đêm đại hành hương,the building housed a number of pilgrims who came to visit the holy city at the eve of hajj pilgrimage
251,remote_dataset/fleurs_vi_en/train/vi/vi_00251.wav,remote_dataset/fleurs_vi_en/train/en/en_00251.wav,7.80,5.46,khách của nhà trọ phần lớn là công dân các tiểu vương quốc ả rập thống nhất,the hostel's guests were mostly citizens of the united arab emirates
252,remote_dataset/fleurs_vi_en/train/vi/vi_00252.wav,remote_dataset/fleurs_vi_en/train/en/en_00252.wav,4.68,5.46,số người chết hiện tại ít nhất là 15 và dự kiến sẽ còn tăng,the death toll is at least 15 a figure which is expected to rise
253,remote_dataset/fleurs_vi_en/train/vi/vi_00253.wav,remote_dataset/fleurs_vi_en/train/en/en_00253.wav,7.98,8.04,leonov còn được biết đến là phi hành gia số 11 từng là thành viên của nhóm phi hành gia đầu tiên của liên bang xô viết,leonov also known as cosmonaut no 11 was part of the soviet union's original team of cosmonauts
254,remote_dataset/fleurs_vi_en/train/vi/vi_00254.wav,remote_dataset/fleurs_vi_en/train/en/en_00254.wav,19.44,12.54,vào ngày 18 tháng 3 năm 1965 ông đã thực hiện hoạt động bên ngoài tàu không gian eva bởi con người đầu tiên hay còn gọi là đi bộ trong không gian ở một mình bên ngoài tàu vũ trụ chỉ hơn mười hai phút,on march 18 1965 he performed the first manned extravehicular activity eva or spacewalk remaining alone outside the spacecraft for just over twelve minutes
255,remote_dataset/fleurs_vi_en/train/vi/vi_00255.wav,remote_dataset/fleurs_vi_en/train/en/en_00255.wav,6.78,6.18,vì những công hiến của mình ông được phong là anh hùng liên xô đây là vinh dự lớn nhất ở liên xô,he received the hero of the soviet union the soviet union's highest honor for his work
256,remote_dataset/fleurs_vi_en/train/vi/vi_00256.wav,remote_dataset/fleurs_vi_en/train/en/en_00256.wav,10.50,8.64,mười năm sau ông lãnh đạo nhóm xô viết trong nhiệm vụ apollo-soyuz là biểu tượng cho sự chấm dứt cuộc chạy đua vào không gian,ten years later he led the soviet part of the apollo-soyuz mission symbolizing that the space race was over
257,remote_dataset/fleurs_vi_en/train/vi/vi_00257.wav,remote_dataset/fleurs_vi_en/train/en/en_00257.wav,6.84,5.82,bà nói không có thông tin tình báo nào cảnh báo về một cuộc tấn công sắp diễn ra,she said there is no intelligence to suggest that an attack is expected imminently
258,remote_dataset/fleurs_vi_en/train/vi/vi_00258.wav,remote_dataset/fleurs_vi_en/train/en/en_00258.wav,6.36,6.84,tuy nhiên việc giảm mức độ đe dọa xuống nghiêm trọng không có nghĩa là mối đe dọa tổng thể không còn nữa,however the reduction of the threat level to severe does not mean the overall threat has gone away
259,remote_dataset/fleurs_vi_en/train/vi/vi_00259.wav,remote_dataset/fleurs_vi_en/train/en/en_00259.wav,11.52,9.06,mặc dù các nhà chức trách không chắc chắn về mức độ tin cậy của mối đe dọa cơ quan thẩm quyền giao thông maryland đã đóng cửa theo lời khuyên của fbi,while authorities are unsure of the credibility of the threat the maryland transportaion authority made the closure with the urging of the fbi
260,remote_dataset/fleurs_vi_en/train/vi/vi_00260.wav,remote_dataset/fleurs_vi_en/train/en/en_00260.wav,8.58,10.20,xe ben được sử dụng để chặn các lối vào hình ống và 80 cảnh sát đã được điều động để điều tiết cho lái xe đi đường vòng,dump trucks were used to block tube entrances and assistance of 80 police were on hand to direct motorists to detours
261,remote_dataset/fleurs_vi_en/train/vi/vi_00261.wav,remote_dataset/fleurs_vi_en/train/en/en_00261.wav,6.12,6.14,không có báo cáo về ách tắc giao thông trầm trọng trên đường vành đai tuyến đường thay thế của thành phố,there were no heavy traffic delays reported on the beltway the city's alternate route
262,remote_dataset/fleurs_vi_en/train/vi/vi_00262.wav,remote_dataset/fleurs_vi_en/train/en/en_00262.wav,9.66,8.40,trước đó nigeria đã tuyên bố ý định tham gia afcfta trong tuần lễ trước thềm hội nghị thượng đỉnh,nigeria previously announced it planned to join the afcfta in the week leading up to the summit
263,remote_dataset/fleurs_vi_en/train/vi/vi_00263.wav,remote_dataset/fleurs_vi_en/train/en/en_00263.wav,9.00,9.12,ủy viên công thương của liên minh châu phi albert muchanga thông báo benin dự kiến tham gia,au trade and industry commissioner albert muchanga announced benin was to join
264,remote_dataset/fleurs_vi_en/train/vi/vi_00264.wav,remote_dataset/fleurs_vi_en/train/en/en_00264.wav,17.46,14.40,ủy viên nói chúng tôi chưa đồng thuận về quy tắc xuất xứ và nhượng bộ thuế quan nhưng thỏa thuận khung mà chúng tôi đã đạt được là đủ để bắt đầu giao thương vào ngày 1 tháng bảy năm 2020,the commissioner said we haven't yet agreed on rules of origin and tariff con[c]essions but the framework we have is enough to start trading on july 1 2020
265,remote_dataset/fleurs_vi_en/train/vi/vi_00265.wav,remote_dataset/fleurs_vi_en/train/en/en_00265.wav,15.30,9.78,trạm vẫn duy trì cao độ mặc dù bị mất một con quay hồi chuyển trước đó trong nhiệm vụ trạm vũ trụ cho đến khi kết thúc đi bộ trong không gian,the station maintained its attitude despite the loss of a gyroscope earlier in the space station mission until the end of the spacewalk
266,remote_dataset/fleurs_vi_en/train/vi/vi_00266.wav,remote_dataset/fleurs_vi_en/train/en/en_00266.wav,7.26,7.44,chiao và sharipov báo cáo ở khoảng cách an toàn đối với động cơ đẩy điều chỉnh dáng,chiao and sharipov reported being a safe distance from the attitude adjustment thrusters
268,remote_dataset/fleurs_vi_en/train/vi/vi_00268.wav,remote_dataset/fleurs_vi_en/train/en/en_00268.wav,12.72,9.30,vụ án được khởi tố tại virginia vì đây là quê nhà của công ty cung cấp dịch vụ internet hàng đầu aol là đơn vị đã đưa ra các cáo buộc,the case was prosecuted in virginia because it is the home to the leading internet service provider aol the company who instigated the charges
269,remote_dataset/fleurs_vi_en/train/vi/vi_00269.wav,remote_dataset/fleurs_vi_en/train/en/en_00269.wav,12.24,16.92,đây là lần đầu tiên một bản án đạt được nhờ áp dụng luật ban hành năm 2003 để hạn chế e-mail hàng loạt còn gọi là thư rác được phân phối vào hộp thư mặc dù người dùng không mong muốn,this is the first time a conviction has been gained using the legislation enacted in 2003 to curb bulk e-mail aka spam from unsolicited distribution into users mailboxes
270,remote_dataset/fleurs_vi_en/train/vi/vi_00270.wav,remote_dataset/fleurs_vi_en/train/en/en_00270.wav,13.38,13.26,cầu thủ 21 tuổi jesus gia nhập manchester city năm ngoái vào tháng giêng năm 2017 từ câu lạc bộ brazil palmeiras với mức phí được công bố là 27 triệu bảng anh,21-year-old jesus joined manchester city last year in january 2017 from brazilian club palmeiras for a reported fee of £27 million
271,remote_dataset/fleurs_vi_en/train/vi/vi_00271.wav,remote_dataset/fleurs_vi_en/train/en/en_00271.wav,10.68,8.94,kể từ đó cầu thủ brazil này đá chính trong 53 trận cho câu lạc bộ ở tất cả các giải đấu và ghi 24 bàn thắng,since then the brazilian has featured in 53 matches for the club in all competitions and has scored 24 goals
272,remote_dataset/fleurs_vi_en/train/vi/vi_00272.wav,remote_dataset/fleurs_vi_en/train/en/en_00272.wav,11.94,13.44,bác sĩ lee cũng bày tỏ sự lo ngại về những báo cáo rằng trẻ em ở thổ nhĩ kỳ nay đã bắt đầu bị nhiễm vi-rút cúm gia cầm a h5n1 mà không phát bệnh,dr. lee also expressed his concern about reports that children in turkey have now become infected with the ah5n1 avian influenza virus without becoming ill
273,remote_dataset/fleurs_vi_en/train/vi/vi_00273.wav,remote_dataset/fleurs_vi_en/train/en/en_00273.wav,10.02,7.02,một số nghiên cứu gợi ý rằng căn bệnh hẳn là đã trở nên ít nguy hiểm hơn trước khi tạo nên một đại dịch toàn cầu ông ghi nhận,some studies suggest that the disease must become less lethal before it can cause a global epidemic he noted
274,remote_dataset/fleurs_vi_en/train/vi/vi_00274.wav,remote_dataset/fleurs_vi_en/train/en/en_00274.wav,14.16,8.10,có lo ngại rằng nếu các triệu chứng của bệnh cúm chỉ ở mức độ nhẹ thì các bệnh nhân có thể tiếp tục lây nhiễm cho nhiều người khác trong quá trình sinh hoạt hàng ngày,there is concern that patients may continue to infect more people by going through their daily routines if the flu symptoms remain mild
275,remote_dataset/fleurs_vi_en/train/vi/vi_00275.wav,remote_dataset/fleurs_vi_en/train/en/en_00275.wav,12.24,13.44,leslie aun phát ngôn nhân của komen foundation cho biết tổ chức này đã thông qua quy tắc mới không cho phép tài trợ hay cấp vốn cho những tổ chức đang bị điều tra theo luật định,leslie aun a spokesperson for the komen foundation said the organization adopted a new rule that does not allow grants or funding to be awarded to organizations that are under legal investigation
276,remote_dataset/fleurs_vi_en/train/vi/vi_00276.wav,remote_dataset/fleurs_vi_en/train/en/en_00276.wav,17.64,15.36,chính sách của komen đã dẫn đến sự tạm ngừng hoạt động của tổ chức planned parenthood do một cuộc điều tra đang chờ xử lý về cách planned parenthood chi tiêu và báo cáo số tiền đang được thực hiện bởi đại diện cliff stearns,komen's policy disqualified planned parenthood due to a pending investigation on how planned parenthood spends and reports its money that is being conducted by representative cliff stearns
277,remote_dataset/fleurs_vi_en/train/vi/vi_00277.wav,remote_dataset/fleurs_vi_en/train/en/en_00277.wav,17.16,20.94,với tư cách là chủ tịch của tiểu ban điều tra và giám sát nằm dưới sự bảo trợ của ủy ban thương mại và năng lượng hạ viện ông stearns đang điều tra xem liệu thuế có được sử dụng hỗ trợ việc phá thai thông qua tổ chức kế hoạch hóa gia đình hoa kỳ,stearns is investigating whether taxes are used to fund abortions through planned parenthood in his role as chairman of the oversight and investigations subcommittee which is under the umbrella of the house energy and commerce committee
278,remote_dataset/fleurs_vi_en/train/vi/vi_00278.wav,remote_dataset/fleurs_vi_en/train/en/en_00278.wav,13.68,20.52,cựu thị trưởng massachusetts mitt romney chiến thắng trong cuộc bầu cử tổng thống sơ bộ của đảng cộng hòa tại florida hôm thứ tư với trên 46 phần trăm phiếu bầu,former massachusetts governor mitt romney won the florida republican party presidential primary election on tuesday with over 46% of the vote
279,remote_dataset/fleurs_vi_en/train/vi/vi_00279.wav,remote_dataset/fleurs_vi_en/train/en/en_00279.wav,8.34,7.68,cựu phát ngôn viên hoa kỳ của house newt gingrich về nhì với 32 phần trăm,former u.s. speaker of the house newt gingrich came in second with 32%
280,remote_dataset/fleurs_vi_en/train/vi/vi_00280.wav,remote_dataset/fleurs_vi_en/train/en/en_00280.wav,13.86,10.50,là tiểu bang theo quy tắc  thắng được tất” florida dành tất cả năm mươi phiếu đại biểu delegates của mình cho romney đưa ông trở thành ứng cử viên dẫn đầu của đảng cộng hòa,as a winner-takes-all state florida awarded all fifty of its delegates to romney pushing him ahead as the front-runner for the republican party nomination
281,remote_dataset/fleurs_vi_en/train/vi/vi_00281.wav,remote_dataset/fleurs_vi_en/train/en/en_00281.wav,12.00,9.24,những người tổ chức cuộc biểu tình nói rằng có khoảng 100.000 người đã tham gia ở khắp các thành phố của đức như berlin cologne hamburg và hanover,"organisers of the protest said about 100,000 people turned up in german cities such as berlin cologne hamburg and hanover"
282,remote_dataset/fleurs_vi_en/train/vi/vi_00282.wav,remote_dataset/fleurs_vi_en/train/en/en_00282.wav,6.36,5.34,ở berlin cảnh sát ước tính có khoảng 6.500 người biểu tình,"in berlin police estimated 6,500 protestors"
283,remote_dataset/fleurs_vi_en/train/vi/vi_00283.wav,remote_dataset/fleurs_vi_en/train/en/en_00283.wav,22.14,12.90,biểu tình cũng diễn ra tại paris sofia ở bulgaria vilnius ở lithuania valetta ở malta tallinn ở estonia edinburgh và glasgow ở scotland,protests also took place in paris sofia in bulgaria vilnius in lithuania valetta in malta tallinn in estonia and edinburgh and glasgow in scotland
284,remote_dataset/fleurs_vi_en/train/vi/vi_00284.wav,remote_dataset/fleurs_vi_en/train/en/en_00284.wav,7.86,6.48,ở luân đôn khoảng 200 người đã biểu tình bên ngoài một số văn phòng bản quyền lớn,in london about 200 people protested outside some major copyright holders' offices
285,remote_dataset/fleurs_vi_en/train/vi/vi_00285.wav,remote_dataset/fleurs_vi_en/train/en/en_00285.wav,16.98,13.68,những cuộc biểu tình lớn nổ ra ở ba lan khi nước này ký acta vào tháng trước đã dẫn đến việc chính phủ ba lan cho đến nay vẫn chưa quyết định phê chuẩn hiệp định này,last month there were major protests in poland when that country signed acta which has led to the polish government deciding not to ratify the agreement for now
286,remote_dataset/fleurs_vi_en/train/vi/vi_00286.wav,remote_dataset/fleurs_vi_en/train/en/en_00286.wav,7.44,12.54,latvia và slovakia đều đã trì hoãn tiến trình gia nhập acta,latvia and slovakia have both delayed the process of joining acta
287,remote_dataset/fleurs_vi_en/train/vi/vi_00287.wav,remote_dataset/fleurs_vi_en/train/en/en_00287.wav,25.56,13.76,mặt trận giải phóng động vật animal liberation và hiệp hội hoàng gia về phòng chống hành vi tàn ác đối với động vật royal society for the prevention of cruelty to animals một lần nữa kêu gọi bắt buộc lắp đặt máy quay quan sát trong tất cả các lò mổ của úc,animal liberation and the royal society for the prevention of cruelty to animals rspca are again calling for the mandatory installation of cctv cameras in all australian abattoirs
288,remote_dataset/fleurs_vi_en/train/vi/vi_00288.wav,remote_dataset/fleurs_vi_en/train/en/en_00288.wav,13.44,11.82,chánh thanh tra thuộc rspca new south wales david o'shannessy nói với abc rằng cần phải phổ biến hoạt động giám sát và kiểm tra lò mổ ở úc,rspca new south wales chief inspector david o'shannessy told the abc that surveillance and inspections of abattoirs should be commonplace in australia
289,remote_dataset/fleurs_vi_en/train/vi/vi_00289.wav,remote_dataset/fleurs_vi_en/train/en/en_00289.wav,11.28,16.38,đài cctv mới đây đã gửi một thông điệp mạnh mẽ đến những người làm việc với động vật rằng phúc lợi của họ là ưu tiên cao nhất,the cctv would certainly send a strong signal to those people working with animals that their welfare is of the highest priority
290,remote_dataset/fleurs_vi_en/train/vi/vi_00290.wav,remote_dataset/fleurs_vi_en/train/en/en_00290.wav,8.88,8.46,bản đồ động đất quốc tế của cục khảo sát địa chất hoa kỳ cho thấy không có động đất tại ai-xơ-len trong tuần trước,the united states geological survey international earthquake map showed no earthquakes in iceland in the week prior
292,remote_dataset/fleurs_vi_en/train/vi/vi_00292.wav,remote_dataset/fleurs_vi_en/train/en/en_00292.wav,10.56,13.44,hoạt động động đất lớn gây ra sự biến đổi pha đã xảy ra vào ngày 10 tháng 3 ở phía đông bắc của đỉnh núi lửa,the significant earthquake activity resulting in the phase change had took place on march 10 on the northeast side of the volcano's summit caldera
293,remote_dataset/fleurs_vi_en/train/vi/vi_00293.wav,remote_dataset/fleurs_vi_en/train/en/en_00293.wav,6.06,6.00,mây đen không liên quan đến hoạt động núi lửa được phát hiện tại chân núi,dark clouds unrelated to any volcanic activity were reported at the base of the mountain
294,remote_dataset/fleurs_vi_en/train/vi/vi_00294.wav,remote_dataset/fleurs_vi_en/train/en/en_00294.wav,7.32,7.38,những đám mây cho thấy nguy cơ nhầm lẫn rằng liệu có một vu phun trào đã xảy ra,the clouds presented the potential for confusion as to whether an actual eruption had taken place
295,remote_dataset/fleurs_vi_en/train/vi/vi_00295.wav,remote_dataset/fleurs_vi_en/train/en/en_00295.wav,10.80,10.98,con tàu luno đã có 120 - 160 mét khối nhiên liệu trên tàu khi nó bị hỏng và bị gió cùng sóng lớn đẩy vào đê chắn sóng,the luno had 120-160 cubic metres of fuel aboard when it broke down and high winds and waves pushed it into the breakwater
296,remote_dataset/fleurs_vi_en/train/vi/vi_00296.wav,remote_dataset/fleurs_vi_en/train/en/en_00296.wav,8.52,6.06,máy bay trực thăng đã giải cứu mười hai thủy thủ đoàn và chỉ có một người duy nhất bị thương gẫy mũi,helicopters rescued the twelve crewmembers and the only injury was a broken nose
297,remote_dataset/fleurs_vi_en/train/vi/vi_00297.wav,remote_dataset/fleurs_vi_en/train/en/en_00297.wav,10.92,14.58,con tàu dài 100 mét đang trên đường đi lấy lô hàng phân bón như thường lệ và ban đầu các quan chức lo ngại rằng con tàu có thể làm đổ hàng,the 100-metre ship was en route to pick up its usual fertiliser cargo and initially officials feared the vessel could spill a load
298,remote_dataset/fleurs_vi_en/train/vi/vi_00298.wav,remote_dataset/fleurs_vi_en/train/en/en_00298.wav,5.94,6.24,đề xuất sửa đổi đã được thông qua cho cả hai nhà trong năm 2011,the proposed amendment already passed both houses in 2011
299,remote_dataset/fleurs_vi_en/train/vi/vi_00299.wav,remote_dataset/fleurs_vi_en/train/en/en_00299.wav,13.32,11.28,một thay đổi đã được thực hiện đối với phần lập pháp này khi câu thứ hai được xóa đầu tiên bởi hạ viện và sau đó được thượng viện thông qua dưới hình thức tương tự vào hôm thứ hai,a change was made this legislative session when the second sentence was deleted first by the house of representatives and then was passed in a similar form by the senate monday
300,remote_dataset/fleurs_vi_en/train/vi/vi_00300.wav,remote_dataset/fleurs_vi_en/train/en/en_00300.wav,11.70,12.42,sự thất bại của bản án thứ hai trong đó đề xuất cấm các quan hệ chung sống như vợ chồng giữa người cùng giới có thể mở ra cánh cửa cho quan hệ chung sống như vợ chồng giữa người cùng giới trong tương lai,the failure of the second sentence which proposes to ban same-sex civil unions could possibly open the door for civil unions in the future
301,remote_dataset/fleurs_vi_en/train/vi/vi_00301.wav,remote_dataset/fleurs_vi_en/train/en/en_00301.wav,14.40,12.48,theo sau quá trình tố tụng này hjr-3 sẽ được xem xét lại bởi cơ quan lập pháp được bầu cử tiếp theo trong năm 2015 hoặc 2016 để tiếp tục quá trình xử lý,following the process hjr-3 will be reviewed again by the next elected legislature in either 2015 or 2016 to remain in process
302,remote_dataset/fleurs_vi_en/train/vi/vi_00302.wav,remote_dataset/fleurs_vi_en/train/en/en_00302.wav,9.78,8.88,thành tựu của vautier ngoài sự nghiệp đạo diễn còn có sự kiện tuyệt thực vào năm 1973 chống lại những gì ông cho là kiểm duyệt về mặt chính trị,vautier's achievements outside of directing include a hunger strike in 1973 against what he viewed as political censorship
303,remote_dataset/fleurs_vi_en/train/vi/vi_00303.wav,remote_dataset/fleurs_vi_en/train/en/en_00303.wav,8.64,7.86,luật của nước pháp đã thay đổi những hoạt động của ông bắt đầu từ năm ông mới 15 tuổi khi ông tham gia lực lượng kháng chiến pháp trong chiến tranh thế giới lần 2,french law was changed his activism went back to age 15 when he joined the french resistance during world war ii
304,remote_dataset/fleurs_vi_en/train/vi/vi_00304.wav,remote_dataset/fleurs_vi_en/train/en/en_00304.wav,6.66,4.10,ông ghi lại cuộc đời mình trong một quyển sách vào năm 1998,he documented himself in a 1998 book
305,remote_dataset/fleurs_vi_en/train/vi/vi_00305.wav,remote_dataset/fleurs_vi_en/train/en/en_00305.wav,10.56,7.14,vào những năm 1960 ông ta đã quay lại algeria mới độc lập để dạy đạo diễn phim,in the 1960s he headed back to newly-independent algeria to teach film directing
307,remote_dataset/fleurs_vi_en/train/vi/vi_00307.wav,remote_dataset/fleurs_vi_en/train/en/en_00307.wav,5.22,6.48,nguyên nhân gây ra cái chết được công bố là ung thư ống mật trong gan,the cause of death was announced as intrahepatic bile duct cancer
308,remote_dataset/fleurs_vi_en/train/vi/vi_00308.wav,remote_dataset/fleurs_vi_en/train/en/en_00308.wav,4.80,8.16,ông qua đời ở osaka vào thứ ba,he died in osaka on tuesday
309,remote_dataset/fleurs_vi_en/train/vi/vi_00309.wav,remote_dataset/fleurs_vi_en/train/en/en_00309.wav,12.18,13.14,không chỉ là cựu vô địch olympic và thế giới saito còn là chủ tịch ủy ban huấn luyện của liên đoàn judo toàn nhật bản vào lúc ông qua đời,as well as a former olympic and world champion saito was the all japan judo federation training committee chairman at the time of his death
310,remote_dataset/fleurs_vi_en/train/vi/vi_00310.wav,remote_dataset/fleurs_vi_en/train/en/en_00310.wav,6.48,10.32,có ít nhất 100 người đã tham dự bữa tiệc để kỷ niệm một năm ngày cưới của một cặp đôi tổ chức lễ cưới năm ngoái,at least 100 people had attended the party in order to celebrate the first anniversary of a couple whose wedding was held last year
311,remote_dataset/fleurs_vi_en/train/vi/vi_00311.wav,remote_dataset/fleurs_vi_en/train/en/en_00311.wav,9.12,5.16,một sự kiện kỷ niệm trang trọng đã được dời lại vào ngày hôm sau theo lời của các quan chức,a formal anniversary event was scheduled for a later date officials said
312,remote_dataset/fleurs_vi_en/train/vi/vi_00312.wav,remote_dataset/fleurs_vi_en/train/en/en_00312.wav,11.64,8.40,một năm trước cặp vợ chồng này đã kết hôn tại tiểu bang texas rồi chuyển đến thành phố buffalo để tổ chức ăn mừng cùng với bạn bè và người thân,the couple had married in texas one year ago and came to buffalo to celebrate with friends and relatives
313,remote_dataset/fleurs_vi_en/train/vi/vi_00313.wav,remote_dataset/fleurs_vi_en/train/en/en_00313.wav,9.36,9.36,người chồng 30 tuổi sinh tại buffalo là một trong bốn người bị thiệt mạng trong vụ nổ súng nhưng người vợ không bị thương,the 30-year-old husband who was born in buffalo was one of the four killed in the shooting but his wife was not hurt
314,remote_dataset/fleurs_vi_en/train/vi/vi_00314.wav,remote_dataset/fleurs_vi_en/train/en/en_00314.wav,17.70,12.30,karno là một thầy giáo dạy tiếng anh nổi tiếng nhưng gây ra nhiều tranh cãi là người đã giảng dạy tại trường modern education và king's glory và tuyên bố từng có 9.000 học viên vào lúc đỉnh cao sự nghiệp,"karno is a well-known but controversial english tutor who taught under modern education and king's glory who claimed to have 9,000 students at the peak of his career"
315,remote_dataset/fleurs_vi_en/train/vi/vi_00315.wav,remote_dataset/fleurs_vi_en/train/en/en_00315.wav,11.16,7.08,trong ghi chú của anh ta một số phụ huynh cho là có những từ ngữ thô thiển và anh ta cũng bị báo cáo là sử dụng ngôn từ tục tĩu trong lớp học,in his notes he used words which some parents considered coarse and he reportedly used profanity in class
316,remote_dataset/fleurs_vi_en/train/vi/vi_00316.wav,remote_dataset/fleurs_vi_en/train/en/en_00316.wav,11.46,10.62,trường luyện thi modern education cáo buộc ông về việc in quảng cáo cỡ lớn trên xe buýt khi chưa được phép và nói dối mình là trưởng ban gia sư tiếng anh,modern education accused him of printing large advertisements on buses without authorisation and lying by saying that he was the chief english tutor
317,remote_dataset/fleurs_vi_en/train/vi/vi_00317.wav,remote_dataset/fleurs_vi_en/train/en/en_00317.wav,8.16,5.90,trước đó ông ta cũng đã từng bị cáo buộc vi phạm bản quyền nhưng không bị truy tố,he has also been accused previously of copyright infringement but was not charged
318,remote_dataset/fleurs_vi_en/train/vi/vi_00318.wav,remote_dataset/fleurs_vi_en/train/en/en_00318.wav,9.60,11.28,một học trò cũ kể lại rằng ông ta thường sử dụng tiếng lóng trong lớp dạy kỹ năng hẹn hò và giống như một người bạn của học sinh,a former student said that he 'used slang in class taught dating skills in notes and was just like the students' friend.'
319,remote_dataset/fleurs_vi_en/train/vi/vi_00319.wav,remote_dataset/fleurs_vi_en/train/en/en_00319.wav,8.70,10.32,trong suốt ba thập kỷ qua mặc dù chính thức là nước cộng sản nhưng trung quốc đã phát triển kinh tế thị trường,during the last three decades despite officially remaining a communist state china has developed a market economy
320,remote_dataset/fleurs_vi_en/train/vi/vi_00320.wav,remote_dataset/fleurs_vi_en/train/en/en_00320.wav,4.50,5.46,cải cách kinh tế được thực hiện lần đầu tiên dưới sự lãnh đạo của đặng tiểu bình,the first economic reforms were made under the leadership of deng xiaoping
321,remote_dataset/fleurs_vi_en/train/vi/vi_00321.wav,remote_dataset/fleurs_vi_en/train/en/en_00321.wav,5.58,5.52,kể từ đó nền kinh tế của trung quốc đã tăng trưởng gấp 90 lần,since then china's economic size has grown by 90 times
322,remote_dataset/fleurs_vi_en/train/vi/vi_00322.wav,remote_dataset/fleurs_vi_en/train/en/en_00322.wav,11.34,9.36,lần đầu tiên từ trước đến nay năm ngoái trung quốc đã xuất khẩu xe hơi nhiều hơn đức và vượt qua mỹ để trở thành thị trường lớn nhất cho ngành công nghiệp này,for the first time last year china exported more cars than germany and surpassed the united states as the biggest market for this industry
323,remote_dataset/fleurs_vi_en/train/vi/vi_00323.wav,remote_dataset/fleurs_vi_en/train/en/en_00323.wav,8.52,6.72,tông thu nhập gdp của trung quốc có thể vượt hoa kỳ trong vòng hai thập kỷ tới,china's gdp could be larger than the united states within two decades
324,remote_dataset/fleurs_vi_en/train/vi/vi_00324.wav,remote_dataset/fleurs_vi_en/train/en/en_00324.wav,10.44,8.88,bão nhiệt đới danielle cơn bão thứ tư được đặt tên trong mùa bão năm 2010 ở đại tây dương đã hình thành ở vùng phía đông đại tây dương,tropical storm danielle fourth named storm of the 2010 atlantic hurricane season has formed in the eastern atlantic ocean
325,remote_dataset/fleurs_vi_en/train/vi/vi_00325.wav,remote_dataset/fleurs_vi_en/train/en/en_00325.wav,10.08,10.98,cơn bão cách miami florida khoảng 3.000 dặm có tốc độ gió duy trì tối đa 40 mph 64 kph,"the storm located approximately 3,000 miles from miami florida has maximum sustained winds of 40 mph 64 kph"
326,remote_dataset/fleurs_vi_en/train/vi/vi_00326.wav,remote_dataset/fleurs_vi_en/train/en/en_00326.wav,10.50,9.90,các nhà khoa học thuộc trung tâm dự báo bão quốc gia dự báo áp thấp nhiệt đới danielle sẽ mạnh lên thành bão vào thứ tư,scientists at the national hurricane center predict that danielle will strengthen to a hurricane by wednesday
327,remote_dataset/fleurs_vi_en/train/vi/vi_00327.wav,remote_dataset/fleurs_vi_en/train/en/en_00327.wav,12.60,8.94,vì cơn bão vẫn còn lâu mới đổ bộ vào đất liền nên vẫn khó đánh giá được mức độ tác động đối với nước mỹ hay vùng caribbean,as the storm is far from landfall it remains difficult to assess potential impact to the united states or caribbean
328,remote_dataset/fleurs_vi_en/train/vi/vi_00328.wav,remote_dataset/fleurs_vi_en/train/en/en_00328.wav,9.60,7.38,bobek sinh ra ở thủ đô zagreb của croatia anh có được danh tiếng khi chơi cho partizan belgrade,born in the croatian capital zagreb bobek gained fame while playing for partizan belgrade
329,remote_dataset/fleurs_vi_en/train/vi/vi_00329.wav,remote_dataset/fleurs_vi_en/train/en/en_00329.wav,4.32,7.20,ông gia nhập vào năm 1945 và hoạt động đến năm 1958,he joined them in 1945 and stayed until 1958
330,remote_dataset/fleurs_vi_en/train/vi/vi_00330.wav,remote_dataset/fleurs_vi_en/train/en/en_00330.wav,10.20,7.26,trong thời gian cùng chơi với đội anh ấy đã ghi được 403 bàn thắng trong 468 lần xuất hiện,during his time with the team he scored 403 goals in 468 appearances
331,remote_dataset/fleurs_vi_en/train/vi/vi_00331.wav,remote_dataset/fleurs_vi_en/train/en/en_00331.wav,6.78,9.60,không có ai có thể tham gia chơi và ghi bàn cho câu lạc bộ nhiều hơn bobek,no one else has ever made more appearances or scored more goals for the club than bobek
332,remote_dataset/fleurs_vi_en/train/vi/vi_00332.wav,remote_dataset/fleurs_vi_en/train/en/en_00332.wav,7.56,6.72,năm 1995 ông được bầu chọn là cầu thủ xuất sắc nhất trong lịch sử partizan,in 1995 he was voted the best player in partizan's history
333,remote_dataset/fleurs_vi_en/train/vi/vi_00333.wav,remote_dataset/fleurs_vi_en/train/en/en_00333.wav,7.38,6.78,lễ kỷ niệm bắt đầu bằng một chương trình đặc biệt của đoàn xiếc nổi tiếng thế giới cirque du soleil,the celebrations started with a special show by the world-renowned group cirque du soleil
334,remote_dataset/fleurs_vi_en/train/vi/vi_00334.wav,remote_dataset/fleurs_vi_en/train/en/en_00334.wav,9.84,10.94,tiếp theo là dàn nhạc giao hưởng quốc gia istanbul ban nhạc janissary cùng hai ca sĩ fatih erkoç và müslüm gürses,it was followed by the istanbul state symphony orchestra a janissary band and the singers fatih erkoç and müslüm gürses
336,remote_dataset/fleurs_vi_en/train/vi/vi_00336.wav,remote_dataset/fleurs_vi_en/train/en/en_00336.wav,15.54,10.38,nữ danh ca sezen aksu của thổ nhĩ kỳ trình diễn cùng với ca sĩ giọng nam cao alessandro safina của ý và ca sĩ haris alexiou của hy lạp,turkish diva sezen aksu performed with the italian tenor alessandro safina and greek singer haris alexiou
337,remote_dataset/fleurs_vi_en/train/vi/vi_00337.wav,remote_dataset/fleurs_vi_en/train/en/en_00337.wav,7.02,6.12,để kết thúc nhóm vũ công thổ nhĩ kỳ fire of anatolia đã trình diễn vở troy,to finish turkish dance group fire of anatolia performed the show troy
338,remote_dataset/fleurs_vi_en/train/vi/vi_00338.wav,remote_dataset/fleurs_vi_en/train/en/en_00338.wav,16.08,8.58,tay đua mô tô 13 tuổi peter lenz đã thiệt mạng liên quan đến một vụ đụng xe ở đường đua mô-tô indianapolis,peter lenz a 13-year-old motorcycle racer has died after being involved in a crash at the indianapolis motor speedway
339,remote_dataset/fleurs_vi_en/train/vi/vi_00339.wav,remote_dataset/fleurs_vi_en/train/en/en_00339.wav,8.76,10.92,khi đang trên vòng đua khởi động lenz đã ngã khỏi xe và sau đó bị tay đua xavier zayat đâm phải,while on his warm-up lap lenz fell off his bike and was then struck by fellow racer xavier zayat
340,remote_dataset/fleurs_vi_en/train/vi/vi_00340.wav,remote_dataset/fleurs_vi_en/train/en/en_00340.wav,10.32,7.78,tay đua này đã ngay lập tức được các nhân viên y tế theo dõi và đưa đến một bệnh viện địa phương tuy nhiên sau đó đã không qua khỏi,he was immediately attended to by the on-track medical staff and transported to a local hospital where he later died
341,remote_dataset/fleurs_vi_en/train/vi/vi_00341.wav,remote_dataset/fleurs_vi_en/train/en/en_00341.wav,4.56,3.90,zayat không bị thương trong vụ tai nạn,zayat was unhurt in the accident
342,remote_dataset/fleurs_vi_en/train/vi/vi_00342.wav,remote_dataset/fleurs_vi_en/train/en/en_00342.wav,10.32,10.68,về vấn đề tình hình tài chính toàn cầu zapatero tiếp tục nói rằng hệ thống tài chính là một phần của kinh tế một phần quan trọng,regarding the global financial situation zapatero continued by saying that the financial system is a part of the economy a crucial part
343,remote_dataset/fleurs_vi_en/train/vi/vi_00343.wav,remote_dataset/fleurs_vi_en/train/en/en_00343.wav,13.26,10.98,chúng ta đã rơi vào cuộc khủng hoảng tài chính trong suốt một năm trong đó thời gian tồi tệ nhất là hai tháng vừa qua và tôi nghĩ giờ đây các thị trường tài chánh đang bắt đầu hồi phục,we have a year-long financial crisis which has had its most acute moment in the past two months and i think now the financial markets are beginning to recover
344,remote_dataset/fleurs_vi_en/train/vi/vi_00344.wav,remote_dataset/fleurs_vi_en/train/en/en_00344.wav,11.40,9.72,tuần trước naked news thông báo sẽ tăng đáng kể các ngôn ngữ quốc tế cần thiết trong bản tin với ba chương trình phát sóng mới,last week naked news announced that it would dramatically increase its international language mandate to news reporting with three new broadcasts
345,remote_dataset/fleurs_vi_en/train/vi/vi_00345.wav,remote_dataset/fleurs_vi_en/train/en/en_00345.wav,10.26,13.20,đã báo cáo bằng tiếng anh và nhật tổ chức toàn cầu đang phát hành các chương trình bằng cả tiếng tây ban nha ý hàn quốc cho truyền hình web và thiết bị di động,already reporting in english and japanese the global organization is launching spanish italian and korean-language programs for television the web and mobile devices
346,remote_dataset/fleurs_vi_en/train/vi/vi_00346.wav,remote_dataset/fleurs_vi_en/train/en/en_00346.wav,8.70,8.28,thật may là chẳng có gì xảy ra với tôi nhưng tôi đã chứng kiến một cảnh tượng khủng khiếp khi người ta cố phá cửa sổ để thoát ra ngoài,luckily nothing happened to me but i saw a macabre scene as people tried to break windows in order to get out
347,remote_dataset/fleurs_vi_en/train/vi/vi_00347.wav,remote_dataset/fleurs_vi_en/train/en/en_00347.wav,4.86,6.96,người ta dùng ghế đập vào kính nhưng cửa sổ không vỡ,people were hitting the panes with chairs but the windows were unbreakable
348,remote_dataset/fleurs_vi_en/train/vi/vi_00348.wav,remote_dataset/fleurs_vi_en/train/en/en_00348.wav,10.98,8.88,một tấm kính cuối cùng cũng bể và họ bắt đầu thoát ra bằng cửa sổ franciszek kowal một người sống sót cho biết,one of the panes finally broke and they started to get out by the window said survivor franciszek kowal
349,remote_dataset/fleurs_vi_en/train/vi/vi_00349.wav,remote_dataset/fleurs_vi_en/train/en/en_00349.wav,12.60,9.60,các ngôi sao phát ra ánh sáng và nhiệt bởi vì năng lượng được tạo ra khi các nhân hydro hợp nhất hay hợp thể để tạo nên những nguyên tố nặng hơn,stars give off light and heat because of the energy made when hydrogen atoms are merged or fused together to form heavier elements
350,remote_dataset/fleurs_vi_en/train/vi/vi_00350.wav,remote_dataset/fleurs_vi_en/train/en/en_00350.wav,6.12,5.82,các nhà khoa học đang nghiên cứu để tạo ra một lò phản ứng có thể tạo ra năng lượng theo cách này,scientists are working to create a reactor that can make energy in the same way
351,remote_dataset/fleurs_vi_en/train/vi/vi_00351.wav,remote_dataset/fleurs_vi_en/train/en/en_00351.wav,8.82,8.34,tuy vậy đây là một vấn đề rất khó giải quyết và sẽ mất nhiều năm nữa chúng ta mới được chứng kiến các nhà máy điện nhiệt hạch hữu dụng được xây dựng,this however is a very hard problem to solve and will take many years before we see useful fusion reactors built
352,remote_dataset/fleurs_vi_en/train/vi/vi_00352.wav,remote_dataset/fleurs_vi_en/train/en/en_00352.wav,5.16,4.98,kim thép nổi trên mặt nước do sức căng bề mặt,the steel needle floats on top of the water because of surface tension
353,remote_dataset/fleurs_vi_en/train/vi/vi_00353.wav,remote_dataset/fleurs_vi_en/train/en/en_00353.wav,12.96,10.26,sức căng bề mặt xảy ra do lực hấp dẫn giữa các phân tử nước trên bề mặt nước lớn hơn so với lực hấp dẫn với các phân tử khí phía trên chúng,surface tension happens because the water molecules at the surface of the water are strongly attracted to each other more than they are to the air molecules above them
354,remote_dataset/fleurs_vi_en/train/vi/vi_00354.wav,remote_dataset/fleurs_vi_en/train/en/en_00354.wav,7.68,10.26,các phân tử nước tạo ra lớp da vô hình trên bề mặt của nước cho phép những thứ như cây kim có thể nổi trên mặt nước,the water molecules make an invisible skin on the water's surface that allows things like the needle to float on top of the water
355,remote_dataset/fleurs_vi_en/train/vi/vi_00355.wav,remote_dataset/fleurs_vi_en/train/en/en_00355.wav,14.16,12.06,lưỡi dao của giầy trượt băng hiện đại là lưỡi kép và có một đường rãnh nông ở giữa lưỡi dao kép giúp giầy bám vào mặt băng tốt hơn ngay cả ở góc nghiêng,the blade on a modern ice skate has a double edge with a concave hollow between them the two edges allow for a better grasp of the ice even when tilted
356,remote_dataset/fleurs_vi_en/train/vi/vi_00356.wav,remote_dataset/fleurs_vi_en/train/en/en_00356.wav,10.74,9.48,do phía dưới của lưỡi dao cong nhẹ khi lưỡi dao nghiêng sang một bên này hoặc bên kia phần cạnh tiếp xúc với băng cũng cong,because the bottom of the blade is slightly curved as the blade tilts to one side or the other the edge which is in contact with the ice also curves
357,remote_dataset/fleurs_vi_en/train/vi/vi_00357.wav,remote_dataset/fleurs_vi_en/train/en/en_00357.wav,10.14,10.98,điều này giúp người trượt băng có thể đổi hướng nếu giày trượt nghiêng sang phải người trượt băng sẽ rẽ qua bên phải còn nếu giày trượt nghiêng sang trái người trượt băng sẽ rẽ qua bên trái,this causes the skater to turn if the skates tilt to the right the skater turns right if the skates tilt to the left the skater turns left
359,remote_dataset/fleurs_vi_en/train/vi/vi_00359.wav,remote_dataset/fleurs_vi_en/train/en/en_00359.wav,8.16,4.98,họ thực hiện việc này bằng việc phóng ra các hạt vật chất ánh sáng nhỏ được gọi là photon,they do this by emitting a tiny particle of light called a photon
360,remote_dataset/fleurs_vi_en/train/vi/vi_00360.wav,remote_dataset/fleurs_vi_en/train/en/en_00360.wav,14.46,13.56,các nhà khoa học gọi quá trình này là phát xạ kích thích vì những hạt nguyên tử bị kích thích bởi ánh sáng tạo ra sự phát xạ của các hạt photon ánh sáng và ánh sáng là một loại của bức xạ,scientists call this process stimulated emission of radiation because the atoms are stimulated by the bright light causing the emission of a photon of light and light is a type of radiation
361,remote_dataset/fleurs_vi_en/train/vi/vi_00361.wav,remote_dataset/fleurs_vi_en/train/en/en_00361.wav,7.74,9.72,hình vẽ tiếp theo cho thấy hạt nhân đang phóng ra các photon tất nhiên trong thực tế photon nhỏ hơn rất nhiều so với trong hình,the next picture shows the atoms emitting photons of course in reality photons are a lot smaller than those in the picture
362,remote_dataset/fleurs_vi_en/train/vi/vi_00362.wav,remote_dataset/fleurs_vi_en/train/en/en_00362.wav,7.20,4.46,hạt pho-ton thậm chí còn nhỏ hơn cả những thứ cấu thành nguyên tử,photons are even smaller than the stuff that makes up atoms
363,remote_dataset/fleurs_vi_en/train/vi/vi_00363.wav,remote_dataset/fleurs_vi_en/train/en/en_00363.wav,7.02,9.36,sau hàng trăm giờ phát sáng dây tóc bóng đèn cuối cùng cũng bị cháy và bóng đèn không sáng được nữa,after hundreds of hours of operation the filament in the bulb eventually burns out and the light bulb no longer works
364,remote_dataset/fleurs_vi_en/train/vi/vi_00364.wav,remote_dataset/fleurs_vi_en/train/en/en_00364.wav,5.88,7.98,bóng đèn sau đó cần thay thế phải thật cẩn thận khi thay thế bóng đèn,the light bulb then needs replacing it is necessary to be careful in replacing the light bulb
365,remote_dataset/fleurs_vi_en/train/vi/vi_00365.wav,remote_dataset/fleurs_vi_en/train/en/en_00365.wav,6.36,5.66,trước tiên phải tắt công tắc thiết bị chiếu sáng hoặc ngắt cáp,first the switch for the light fixture needs to be turned off or the cable disconnected
366,remote_dataset/fleurs_vi_en/train/vi/vi_00366.wav,remote_dataset/fleurs_vi_en/train/en/en_00366.wav,15.48,15.00,đó là bởi vì dòng diện vào trong các ổ cắm nơi có phần kim loại của bóng đèn có thể làm cho bạn bị điện giật nghiêm trọng nếu bạn chạm vào bên trong ổ cắm hoặc chuôi đèn khi một phần vẫn còn trong ổ cắm,this is because electricity flowing into the socket where the metallic part of bulb sits can give you a severe electric shock if you touch the inside of the socket or the metal base of the bulb while it is still partly in the socket
367,remote_dataset/fleurs_vi_en/train/vi/vi_00367.wav,remote_dataset/fleurs_vi_en/train/en/en_00367.wav,7.02,6.12,cơ quan chính của hệ tuần hoàn là trái tim đảm nhiệm công việc bơm máu đi khắp cơ thể,the major organ of the circulatory system is the heart which pumps the blood
368,remote_dataset/fleurs_vi_en/train/vi/vi_00368.wav,remote_dataset/fleurs_vi_en/train/en/en_00368.wav,9.96,9.48,máu từ tim chảy trong những đường ống gọi là động mạch và chảy về tim trong những đường ống gọi là tĩnh mạch đường ống nhỏ nhất gọi là mao quản,blood goes away from the heart in tubes called arteries and comes back to the heart in tubes called veins the smallest tubes are called capillaries
369,remote_dataset/fleurs_vi_en/train/vi/vi_00369.wav,remote_dataset/fleurs_vi_en/train/en/en_00369.wav,9.30,10.50,răng của khủng long ba sừng không chỉ có thể nghiền nát lá cây mà cả những nhánh cây và rễ cây rất cứng,a triceratops' teeth would have been able to crush not only leaves but even very tough branches and roots
370,remote_dataset/fleurs_vi_en/train/vi/vi_00370.wav,remote_dataset/fleurs_vi_en/train/en/en_00370.wav,8.34,7.44,một số nhà khoa học cho rằng khủng long triceratop ăn cây mè một loại thực vật có rất nhiều trong kỷ phấn trắng,some scientists think triceratops ate cycads which are a type of plant that was common in the cretaceous
371,remote_dataset/fleurs_vi_en/train/vi/vi_00371.wav,remote_dataset/fleurs_vi_en/train/en/en_00371.wav,4.86,5.82,những cây này nhìn giống cây cọ nhỏ có tán lá sắc nhọn,these plants look like a small palm tree with a crown of sharp spiky leaves
372,remote_dataset/fleurs_vi_en/train/vi/vi_00372.wav,remote_dataset/fleurs_vi_en/train/en/en_00372.wav,8.70,9.12,khủng long ba sừng triceratop có thể dùng chiếc mỏ cứng của nó để xử sạch lá trước khi ăn thân,a triceratops could have used its strong beak to strip off the leaves before eating the trunk
373,remote_dataset/fleurs_vi_en/train/vi/vi_00373.wav,remote_dataset/fleurs_vi_en/train/en/en_00373.wav,16.20,13.98,các nhà khoa học khác cho rằng những cây này có độc tính rất mạnh nên khó có khả năng khủng long lại ăn mặc dù ngày nay lười và các loài động vật khác như vẹt một hậu duệ của khủng long có thể ăn lá hoặc quả có độc,other scientists argue that these plants are very poisonous so it is unlikely that any dinosaur ate them even though today the sloth and other animals like the parrot a descendant of the dinosaurs can eat poisonous leaves or fruit
375,remote_dataset/fleurs_vi_en/train/vi/vi_00375.wav,remote_dataset/fleurs_vi_en/train/en/en_00375.wav,13.50,19.68,một người nặng 200 pao 90kg trên trái đất sẽ nặng khoảng 36 pao 16kg trên io. vì vậy tất nhiên trọng lực sẽ ít tác động lên bạn,a person who weighs 200 pounds 90kg on earth would weigh about 36 pounds 16kg on io. so the gravity of course pulls less on you
376,remote_dataset/fleurs_vi_en/train/vi/vi_00376.wav,remote_dataset/fleurs_vi_en/train/en/en_00376.wav,9.06,9.90,mặt trời không có vỏ như trái đất mà chúng ta có thể đặt chân lên được toàn bộ mặt trời được tạo thành từ khí lửa và plasma,the sun doesn't have a crust like the earth that you can stand on the whole sun is made out of gases fire and plasma
377,remote_dataset/fleurs_vi_en/train/vi/vi_00377.wav,remote_dataset/fleurs_vi_en/train/en/en_00377.wav,4.92,4.74,càng ở xa tâm mặt trời thì khí này càng loãng hơn,the gas becomes thinner as you go farther from the center of the sun
378,remote_dataset/fleurs_vi_en/train/vi/vi_00378.wav,remote_dataset/fleurs_vi_en/train/en/en_00378.wav,8.34,9.24,phần bên ngoài mà chúng ta nhìn thấy khi nhìn vào mặt trời được gọi là quang quyển có nghĩa là quả cầu ánh sáng,the outer-part we see when we look at the sun is called the photosphere which means ball of light
379,remote_dataset/fleurs_vi_en/train/vi/vi_00379.wav,remote_dataset/fleurs_vi_en/train/en/en_00379.wav,12.18,11.10,khoảng ba ngàn năm sau vào năm 1610 nhà thiên văn học người ý galileo galilei đã sử dụng kính viễn vọng quan sát thấy sao kim có các chu kỳ giống như mặt trăng,about three thousand years later in 1610 italian astronomer galileo galilei used a telescope to observe that venus has phases just as the moon does
380,remote_dataset/fleurs_vi_en/train/vi/vi_00380.wav,remote_dataset/fleurs_vi_en/train/en/en_00380.wav,15.54,14.10,pha xảy ra vì chỉ có một mặt của sao kim hoặc của mặt trăng đối diện mặt trời được chiếu sáng. các pha của sao kim đã góp phần chứng minh cho thuyết copernicus cho rằng các hành tinh quay quanh mặt trời,phases happen because only the side of venus or of the moon facing the sun is lighted. the phases of venus supported the theory of copernicus that the planets go around the sun
381,remote_dataset/fleurs_vi_en/train/vi/vi_00381.wav,remote_dataset/fleurs_vi_en/train/en/en_00381.wav,11.58,8.76,vài năm sau vào năm 1639 jeremiah horrocks một nhà thiên văn học người anh đã quan sát được lộ trình của sao kim,then a few years later in 1639 an english astronomer named jeremiah horrocks observed a transit of venus
382,remote_dataset/fleurs_vi_en/train/vi/vi_00382.wav,remote_dataset/fleurs_vi_en/train/en/en_00382.wav,7.26,8.88,nước anh đã có một thời gian dài sống trong hòa bình sau khi tái chiếm danelaw,england had experienced a long period of peace after the reconquest of the danelaw
383,remote_dataset/fleurs_vi_en/train/vi/vi_00383.wav,remote_dataset/fleurs_vi_en/train/en/en_00383.wav,11.16,9.90,tuy nhiên năm 991 ethelred phải đối mặt với một hạm đội viking lớn nhất kể từ thời đại guthrum ở thế kỷ trước,however in 991 ethelred was faced with a viking fleet larger than any since guthrum's a century earlier
384,remote_dataset/fleurs_vi_en/train/vi/vi_00384.wav,remote_dataset/fleurs_vi_en/train/en/en_00384.wav,11.04,9.36,hạm đội này do olaf trygvasson người gốc na uy dẫn dắt và có tham vọng giành lại đất nước từ sự thống trị của người đan mạch,this fleet was led by olaf trygvasson a norwegian with ambitions to reclaim his country from danish domination
385,remote_dataset/fleurs_vi_en/train/vi/vi_00385.wav,remote_dataset/fleurs_vi_en/train/en/en_00385.wav,14.64,11.82,sau những thất bại quân sự đầu tiên vua etherlred đã có thể đồng ý các điều khoản với olaf người quay trở về từ na uy để cố gắng đạt lại vương quốc của mình với thành công lẫn lộn,after initial military setbacks ethelred was able to agree to terms with olaf who returned to norway to try to gain his kingdom with mixed success
386,remote_dataset/fleurs_vi_en/train/vi/vi_00386.wav,remote_dataset/fleurs_vi_en/train/en/en_00386.wav,15.36,17.10,hangeul là bảng chữ cái được phát minh chỉ nhằm mục đích sử dụng thông dụng hàng ngày. bảng chữ cái được phát minh vào năm 1444 trong triều đại vua sejong 1418 - 1450,hangeul is the only purposely invented alphabet in popular daily use. the alphabet was invented in 1444 during the reign of king sejong 1418 – 1450
387,remote_dataset/fleurs_vi_en/train/vi/vi_00387.wav,remote_dataset/fleurs_vi_en/train/en/en_00387.wav,9.60,7.26,vua sejong là vua thứ tư trong triều đại joseon và là một trong những vị vua được kính trọng nhất,king sejong was the fourth king of the joseon dynasty and is one of the most highly regarded
388,remote_dataset/fleurs_vi_en/train/vi/vi_00388.wav,remote_dataset/fleurs_vi_en/train/en/en_00388.wav,10.86,8.34,ban đầu ông đặt tên cho bảng chữ cái hangeul là huấn dân chính âm có nghĩa là âm thanh chuẩn xác để hướng dẫn mọi người,he originally named the hangeul alphabet hunmin jeongeum which means the correct sounds for the instruction of the people
389,remote_dataset/fleurs_vi_en/train/vi/vi_00389.wav,remote_dataset/fleurs_vi_en/train/en/en_00389.wav,12.36,13.20,có rất nhiều giả thuyết xung quanh sự ra đời của tiếng phạn một trong số đó là về một cuộc di cư của người aryan từ phương tây vào ấn độ mang theo ngôn ngữ của họ,there are many theories to how sanskrit came into existence one of them is about an aryan migration from the west into india who brought their language with them
390,remote_dataset/fleurs_vi_en/train/vi/vi_00390.wav,remote_dataset/fleurs_vi_en/train/en/en_00390.wav,8.40,6.78,sanskrit là một ngôn ngữ cổ đại và sánh ngang với ngôn ngữ la-tinh được dùng ở châu âu,sanskrit is an ancient language and is comparable to the latin language spoken in europe
391,remote_dataset/fleurs_vi_en/train/vi/vi_00391.wav,remote_dataset/fleurs_vi_en/train/en/en_00391.wav,11.40,10.64,cuốn sách được biết đến đầu tiên trên thế giới được viết bằng tiếng phạn sau sự biên soạn của áo nghĩa thư tiếng phạn bị phai mờ do sự phân cấp,the earliest known book in the world was written in sanskrit after the compilation of upanishads sanskrit just faded due to hierarchy
392,remote_dataset/fleurs_vi_en/train/vi/vi_00392.wav,remote_dataset/fleurs_vi_en/train/en/en_00392.wav,17.34,11.10,tiếng phạn là ngôn ngữ rất phức tạp và phong phú được sử dụng như nguồn tham khảo cho các ngôn ngữ ấn độ hiện đại giống như tiếng latinh là nguồn gốc của các ngôn ngữ châu âu như tiếng pháp và tiếng tây ban nha,sanskrit is a very complex and rich language which has served to be the source for many modern indian languages just like latin is the source for european languages like french and spanish
393,remote_dataset/fleurs_vi_en/train/vi/vi_00393.wav,remote_dataset/fleurs_vi_en/train/en/en_00393.wav,8.52,8.22,khi trận chiến trên đất pháp chấm dứt đức bắt đầu chuẩn bị xâm lược đảo quốc anh,with the battle for france over germany began to get ready to invade the island of britain
394,remote_dataset/fleurs_vi_en/train/vi/vi_00394.wav,remote_dataset/fleurs_vi_en/train/en/en_00394.wav,15.12,13.50,đức đặt mật danh cho cuộc tấn công này là chiến dịch sư tử biển hầu hết vũ khí hạng nặng và đồ tiếp tế của quân đội anh đều bị mất khi di tản khỏi dunkirk nên đội quân của họ khá yếu,germany code-named the attack operation sealion most of the british army's heavy weapons and supplies had been lost when it evacuated from dunkirk so the army was fairly weak
395,remote_dataset/fleurs_vi_en/train/vi/vi_00395.wav,remote_dataset/fleurs_vi_en/train/en/en_00395.wav,12.30,9.96,nhưng hải quân hoàng gia vẫn mạnh hơn nhiều so với hải quân đức  kriegsmarine” và có thể đã phá hủy bất kỳ hạm đội xâm lược nào di chuyển qua eo biển anh,but the royal navy was still much stronger than the german navy  kriegsmarine” and could have destroyed any invasion fleet sent across the english channel
396,remote_dataset/fleurs_vi_en/train/vi/vi_00396.wav,remote_dataset/fleurs_vi_en/train/en/en_00396.wav,10.74,10.68,tuy nhiên rất ít chiến hạm của hải quân hoàng gia đóng trên những tuyến đường có thể bị xâm lược vì các đô đốc lo ngại rằng tàu của họ sẽ bị không quân đức đánh chìm,however very few royal navy ships were based near the likely invasion routes as the admirals were afraid they would be sunk by german air attack
397,remote_dataset/fleurs_vi_en/train/vi/vi_00397.wav,remote_dataset/fleurs_vi_en/train/en/en_00397.wav,9.96,7.80,ta hãy bắt đầu với phần giải thích về kế hoạch của ý ý về căn bản là em út của đức và nhật bản,let's start with an explanation about italy's plans italy was mainly the little brother of germany and japan
398,remote_dataset/fleurs_vi_en/train/vi/vi_00398.wav,remote_dataset/fleurs_vi_en/train/en/en_00398.wav,9.96,7.98,họ có quân đội và hải quân yếu hơn mặc dù học mới chỉ xây dựng bốn tàu mới trước khi bắt đầu cuộc chiến tranh,it had a weaker army and a weaker navy although they had just built four new ships right before the beginning of the war
399,remote_dataset/fleurs_vi_en/train/vi/vi_00399.wav,remote_dataset/fleurs_vi_en/train/en/en_00399.wav,16.20,17.28,những mục tiêu chính của ý là các quốc gia tại châu phi để đoạt được những quốc gia ấy họ sẽ cần phải có một căn cứ trú quân để các đội quân của họ có thể giong buồm vượt qua địa trung hải và xâm chiếm châu phi,italy's main goals were african countries to capture those countries they would need to have a troop launching pad so as troops could sail across the mediterranean sea and invade africa
400,remote_dataset/fleurs_vi_en/train/vi/vi_00400.wav,remote_dataset/fleurs_vi_en/train/en/en_00400.wav,9.48,10.86,vì vậy họ cần phải loại bỏ các căn cứ và chiến hạm của anh ở ai cập ngoài những nhiệm vụ đó các chiến hạm của ý không còn vai trò nào khác,for that they had to get rid of british bases and ships in egypt besides those actions italy's battleships were not supposed to do anything else
401,remote_dataset/fleurs_vi_en/train/vi/vi_00401.wav,remote_dataset/fleurs_vi_en/train/en/en_00401.wav,6.84,8.04,bây giờ hãy xét đến nhật bản nhật bản là một đảo quốc cũng giống như nước anh,now for japan japan was an island country just like britain
402,remote_dataset/fleurs_vi_en/train/vi/vi_00402.wav,remote_dataset/fleurs_vi_en/train/en/en_00402.wav,6.42,8.94,tàu ngầm là những con tàu được thiết kế để chạy bên dưới mặt nước và liên tục hoạt động ở đó trong thời gian dài,submarines are ships designed to travel underwater and remain there for an extended amount of time
403,remote_dataset/fleurs_vi_en/train/vi/vi_00403.wav,remote_dataset/fleurs_vi_en/train/en/en_00403.wav,9.84,8.40,tàu ngầm được sử dụng trong thế chiến thứ nhất và thế chiến thứ hai lúc đó chúng rất chậm và có tầm bắn hạn chế,submarines were used in world war i and world war ii back then they were very slow and had a very limited shooting range
404,remote_dataset/fleurs_vi_en/train/vi/vi_00404.wav,remote_dataset/fleurs_vi_en/train/en/en_00404.wav,12.48,12.36,vào thời điểm bắt đầu cuộc chiến hầu hết họ đều đi trên mặt biển nhưng khi máy ra đa bắt đầu phát triển và trở nên chính xác hơn các tàu ngầm buộc phải đi dưới mặt nước để tránh bị phát hiện,in the beginning of the war they mostly travelled on top of the sea but as radar began developing and becoming more accurate the submarines were forced to go under water to avoid being seen
405,remote_dataset/fleurs_vi_en/train/vi/vi_00405.wav,remote_dataset/fleurs_vi_en/train/en/en_00405.wav,8.16,7.44,tàu ngầm của đức có tên là u-boat người đức rất giỏi lèo lái và vận hành tàu ngầm của mình,german submarines were called u-boats the germans were very good at navigating and operating their submarines
406,remote_dataset/fleurs_vi_en/train/vi/vi_00406.wav,remote_dataset/fleurs_vi_en/train/en/en_00406.wav,8.40,6.00,với thành công của họ về tàu ngầm sau chiến tranh người đức không được tin tưởng để sở hữu nhiều tàu ngầm,because of their success with submarines after the war germans aren't trusted to have many of them
407,remote_dataset/fleurs_vi_en/train/vi/vi_00407.wav,remote_dataset/fleurs_vi_en/train/en/en_00407.wav,11.76,14.16,có vua tutankhamun hay còn được gọi là vua tut ông vua nhỏ là một trong những vị vua ai cập cổ đại nổi tiếng nhất trong thời hiện đại,yes king tutankhamun sometimes referred to as king tut or the boy king is one of the most well known ancient egyptian kings in modern times
408,remote_dataset/fleurs_vi_en/train/vi/vi_00408.wav,remote_dataset/fleurs_vi_en/train/en/en_00408.wav,9.48,9.12,thú vị là ông không được xem là người rất quan trọng trong thời cổ đại và không có tên trong hầu hết các danh sách vua cổ đại,interestingly he was not considered to be very important in ancient times and was not recorded on most ancient king lists
409,remote_dataset/fleurs_vi_en/train/vi/vi_00409.wav,remote_dataset/fleurs_vi_en/train/en/en_00409.wav,15.36,12.06,tuy nhiên việc tìm ra mộ phần của ông năm 1922 khiến ông trở nên nổi tiếng trong khi nhiều ngôi mộ trong quá khứ đã bị cướp ngôi mộ này hầu như không bị xáo trộn gì,however the discovery of his tomb in 1922 made him a celebrity while many tombs of the past were robbed this tomb was left virtually undisturbed
410,remote_dataset/fleurs_vi_en/train/vi/vi_00410.wav,remote_dataset/fleurs_vi_en/train/en/en_00410.wav,10.20,9.10,hầu hết những đồ vật chôn theo nhà vua tutankhamun đều giữ được nguyên trạng gồm cả hàng ngàn vật dụng làm từ kim loại quý và đá hiếm,most of the items buried with tutankhamun have been well preserved including thousands of artefacts made from precious metals and rare stones
411,remote_dataset/fleurs_vi_en/train/vi/vi_00411.wav,remote_dataset/fleurs_vi_en/train/en/en_00411.wav,13.26,8.28,phát minh bánh xe nan hoa làm cho những cỗ xe ngựa chiến của người assyria nhẹ hơn nhanh hơn và sẵn sàng hơn để đánh bại các binh lính và cỗ xe khác,the invention of spoke wheels made assyrian chariots lighter faster and better prepared to outrun soldiers and other chariots
412,remote_dataset/fleurs_vi_en/train/vi/vi_00412.wav,remote_dataset/fleurs_vi_en/train/en/en_00412.wav,15.42,10.10,những mũi tên bắn ra từ loại nỏ đáng sợ của họ có thể xuyên qua áo giáp của binh lính đối phương khoảng năm 1000 trước công nguyên người assyria đã ra mắt lực lượng kỵ binh đầu tiên,arrows from their deadly crossbows could penetrate the armor of rival soldiers about 1000 b.c. the assyrians introduced the first cavalry
413,remote_dataset/fleurs_vi_en/train/vi/vi_00413.wav,remote_dataset/fleurs_vi_en/train/en/en_00413.wav,12.00,9.96,kỵ binh là một đội quân chiến đấu trên lưng ngựa khi ấy yên ngựa chưa được phát minh ra vì vậy các kỵ binh assyria đã cưỡi ngựa không yên đi chinh chiến,a cavalry is an army that fights on horseback the saddle had not yet been invented so the assyrian cavalry fought on the bare backs of their horses
414,remote_dataset/fleurs_vi_en/train/vi/vi_00414.wav,remote_dataset/fleurs_vi_en/train/en/en_00414.wav,22.14,17.70,chúng ta biết đến rất nhiều chính trị gia nhà khoa học và nghệ sĩ hy lạp có lẽ người nổi tiếng nhất của nền văn hóa này là homer nhà thơ mù huyền thoại tác giả của hai kiệt tác văn học hy lạp trường ca iliad và odyssey,we know many greek politicians scientists and artists possibly the most known person of this culture is homer the legendary blind poet who composed two masterpieces of greek literature the poems iliad and odyssey
415,remote_dataset/fleurs_vi_en/train/vi/vi_00415.wav,remote_dataset/fleurs_vi_en/train/en/en_00415.wav,13.74,9.96,sophocles và aristophanes vẫn là những kịch tác gia nổi tiếng và các vở kịch của họ được xem là thuộc hàng những tác phẩm văn học vĩ đại nhất của thế giới,sophocles and aristophanes are still popular playwrights and their plays are considered to be among the greatest works of world literature
416,remote_dataset/fleurs_vi_en/train/vi/vi_00416.wav,remote_dataset/fleurs_vi_en/train/en/en_00416.wav,10.20,10.80,một danh nhân khác của hy lạp là nhà toán học pythagoras được biết đến nhiều nhất qua định lý về mối liên hệ giữa các cạnh tam giác vuông,another famous greek is a mathematician pythagoras mostly known for his famous theorem about relations of the sides of right triangles
417,remote_dataset/fleurs_vi_en/train/vi/vi_00417.wav,remote_dataset/fleurs_vi_en/train/en/en_00417.wav,10.44,9.30,có nhiều ước tính khác nhau về bao nhiêu người nói tiếng hindi được ước tính đây là ngôn ngữ được nói phổ biến thứ hai và thứ tư trên thế giới,there are varying estimates for how many people speak hindi it is estimated to be between the second and fourth most commonly spoken language in the world
418,remote_dataset/fleurs_vi_en/train/vi/vi_00418.wav,remote_dataset/fleurs_vi_en/train/en/en_00418.wav,7.56,8.52,số lượng người bản ngữ khác nhau tùy thuộc vào việc kết hợp chặt chẽ giữa các phương ngữ với nhau hay không,the number of native speakers varies depending on whether or not very closely related dialects are counted
419,remote_dataset/fleurs_vi_en/train/vi/vi_00419.wav,remote_dataset/fleurs_vi_en/train/en/en_00419.wav,10.26,11.46,ước tính có khoảng 340 triệu đến 500 triệu người nói và có tới 800 triệu người có thể hiểu được ngôn ngữ này,estimates range from 340 million to 500 million speakers and as many as 800 million people can understand the language
420,remote_dataset/fleurs_vi_en/train/vi/vi_00420.wav,remote_dataset/fleurs_vi_en/train/en/en_00420.wav,12.66,12.18,tiếng hindi và tiếng urdu giống nhau về mặt từ vựng nhưng khác về chữ viết trong trò chuyện hàng ngày người nói được cả hai ngôn ngữ này thường có thể hiểu ý của nhau,hindi and urdu are similar in vocabulary but different in script in everyday conversations speakers of both languages can usually understand each other
421,remote_dataset/fleurs_vi_en/train/vi/vi_00421.wav,remote_dataset/fleurs_vi_en/train/en/en_00421.wav,6.66,8.34,vào khoảng thế kỷ 15 vùng phía bắc estonia chịu ảnh hưởng rất lớn của văn hóa đức,around the 15th century northern estonia was under great cultural influence of germany
422,remote_dataset/fleurs_vi_en/train/vi/vi_00422.wav,remote_dataset/fleurs_vi_en/train/en/en_00422.wav,9.24,9.78,một số thầy tu người đức muốn đưa đức chúa tới gần người bản địa hơn nên họ tạo ra tiếng e-xtô-ni-a,some german monks wanted to bring god closer to the native people so they invented the estonian literal language
423,remote_dataset/fleurs_vi_en/train/vi/vi_00423.wav,remote_dataset/fleurs_vi_en/train/en/en_00423.wav,7.56,7.74,nó dựa theo bảng chữ cái của đức và một ký tự õ/õ được thêm vào,it was based on the german alphabet and one character õ/õ was added
424,remote_dataset/fleurs_vi_en/train/vi/vi_00424.wav,remote_dataset/fleurs_vi_en/train/en/en_00424.wav,8.58,10.56,theo thời gian có rất nhiều từ được vay mượn từ tiếng đức kết hợp đây là khởi đầu của thời kỳ khai sáng,as time passed many words that were borrowed from german coalesced this was the beginning of enlightenment
425,remote_dataset/fleurs_vi_en/train/vi/vi_00425.wav,remote_dataset/fleurs_vi_en/train/en/en_00425.wav,6.12,9.00,theo truyền thống người thừa kế ngai vàng sẽ tham gia vào quân đội ngay sau khi học xong,traditionally the heir to the throne would go straight into the military after finishing school
427,remote_dataset/fleurs_vi_en/train/vi/vi_00427.wav,remote_dataset/fleurs_vi_en/train/en/en_00427.wav,7.20,6.18,thái tử charles là thành viên đầu tiên của hoàng gia anh được trao bằng đại học,charles was the first member of the british royal family to be awarded a degree
428,remote_dataset/fleurs_vi_en/train/vi/vi_00428.wav,remote_dataset/fleurs_vi_en/train/en/en_00428.wav,9.00,10.74,thổ nhĩ kỳ thuộc châu âu  đông thrace hay rumelia tại bán đảo balkan bao gồm 3% quốc gia,european turkey eastern thrace or rumelia in the balkan peninsula includes 3% of the country
429,remote_dataset/fleurs_vi_en/train/vi/vi_00429.wav,remote_dataset/fleurs_vi_en/train/en/en_00429.wav,13.80,12.08,lãnh thổ của thổ nhĩ kỳ dài hơn 1.600 km 1.000 dặm và rộng 800 km 500 dặm có hình giống như hình chữ nhật,"the territory of turkey is more than 1,600 kilometres 1,000 mi long and 800 km 500 mi wide with a roughly rectangular shape"
430,remote_dataset/fleurs_vi_en/train/vi/vi_00430.wav,remote_dataset/fleurs_vi_en/train/en/en_00430.wav,36.66,28.56,diện tích nước thổ nhĩ kỳ kể cả các hồ chiếm 783.562 km<sup>2</sup> 300.948 dặm vuông trong đó có 755.688 km<sup>2 </sup>291.773 dặm vuông thuộc vùng tây nam châu á và 23.764 km<sup>2 </sup>9.174 dặm vuông thuộc về châu âu,"turkey's area including lakes occupies 783,562 square kilometres 300,948 sq mi of which 755,688 square kilometres 291,773 sq mi are in south west asia and 23,764 square kilometres 9,174 sq mi in europe"
431,remote_dataset/fleurs_vi_en/train/vi/vi_00431.wav,remote_dataset/fleurs_vi_en/train/en/en_00431.wav,8.04,9.96,diện tích của thổ nhĩ kỳ nằm thứ 37 các nước lớn nhất thế giới và nó bằng khoảng kích thước của đô thị nước pháp và anh cộng lại,turkey's area makes it the world's 37th-largest country and is about the size of metropolitan france and the united kingdom combined
432,remote_dataset/fleurs_vi_en/train/vi/vi_00432.wav,remote_dataset/fleurs_vi_en/train/en/en_00432.wav,10.26,10.68,thổ nhĩ kỳ được bao quanh bởi các vùng biển ở ba phía biển aegean về phía tây biển đen về phía bắc và biển địa trung hải về phía nam,turkey is encircled by seas on three sides the aegean sea to the west the black sea to the north and the mediterranean sea to the south
433,remote_dataset/fleurs_vi_en/train/vi/vi_00433.wav,remote_dataset/fleurs_vi_en/train/en/en_00433.wav,9.36,7.44,luxembourg có một lịch sử lâu dài nhưng nền độc lập của họ chỉ bắt đầu có từ năm 1839,luxembourg has a long history but its independence dates from 1839
434,remote_dataset/fleurs_vi_en/train/vi/vi_00434.wav,remote_dataset/fleurs_vi_en/train/en/en_00434.wav,12.66,9.60,rất nhiều khu vực hiện nay của bỉ trước đây từng là đất của luxembourg nhưng sau đó đã thuộc về người bỉ kể từ cách mạng bỉ những năm 1830,present-day parts of belgium were part of luxembourg in the past but became belgian after the 1830s belgian revolution
435,remote_dataset/fleurs_vi_en/train/vi/vi_00435.wav,remote_dataset/fleurs_vi_en/train/en/en_00435.wav,8.16,8.40,luxembourg luôn cố gắng duy trì tư cách là nước trung lập nhưng họ đã bị đức chiếm đóng trong cả thế chiến i và ii,luxembourg has always tried to remain a neutral country but it was occupied in both world war i and world war ii by germany
436,remote_dataset/fleurs_vi_en/train/vi/vi_00436.wav,remote_dataset/fleurs_vi_en/train/en/en_00436.wav,10.50,8.58,vào năm 1957 luxembourg trở thành thành viên sáng lập của tổ chức ngày nay được gọi là liên minh châu âu,in 1957 luxembourg became a founding member of the organization which is today known as the european union
437,remote_dataset/fleurs_vi_en/train/vi/vi_00437.wav,remote_dataset/fleurs_vi_en/train/en/en_00437.wav,12.96,11.34,drukgyal dzong là khu phế tích của một pháo đài kiêm tu viện phật giáo nằm ở thượng vùng quận paro trong làng phondey,the drukgyal dzong is a ruined fortress and buddhist monastery in the upper part of the paro district in phondey village
438,remote_dataset/fleurs_vi_en/train/vi/vi_00438.wav,remote_dataset/fleurs_vi_en/train/en/en_00438.wav,15.54,11.58,chuyện kể rằng vào năm 1649 zhabdrung ngawang namgyel đã dựng nên pháo đài này để tưởng niệm chiến thắng của chính ông trước quân tây tạng-mông cổ,it is said that in 1649 zhabdrung ngawang namgyel created the fortress to commemorate his victory against the tibetan-mongol forces
439,remote_dataset/fleurs_vi_en/train/vi/vi_00439.wav,remote_dataset/fleurs_vi_en/train/en/en_00439.wav,16.38,15.60,vào năm 1951 một vụ hỏa hoạn xảy ra khiến cho chỉ còn sót lại một số di tích của drukgyal dzong như hình ảnh của zhabdrung ngawang namgyal,in 1951 a fire caused for only some of the relics of the drukgyal dzong to remain such as the image of zhabdrung ngawang namgyal
440,remote_dataset/fleurs_vi_en/train/vi/vi_00440.wav,remote_dataset/fleurs_vi_en/train/en/en_00440.wav,7.92,10.20,sau trận hỏa hoạn pháo đài được bảo tồn chăm sóc và vẫn là một trong những điểm thu hút ấn tượng nhất của bhutan,after the fire the fortress was preserved and protected remaining to be one of bhutan's most sensational attractions
441,remote_dataset/fleurs_vi_en/train/vi/vi_00441.wav,remote_dataset/fleurs_vi_en/train/en/en_00441.wav,7.08,6.84,trong thế kỷ 18 cambodia bị kìm kẹp giữa hai nước láng giềng hùng mạnh là thái lan và việt nam,during the 18th century cambodia found itself squeezed between two powerful neighbors thailand and vietnam
442,remote_dataset/fleurs_vi_en/train/vi/vi_00442.wav,remote_dataset/fleurs_vi_en/train/en/en_00442.wav,9.90,9.24,người thái đã nhiều lần xâm lược cam-pu-chia trong thế kỉ thứ 18 và năm 1772 họ đã phá hủy phnom phen,the thais invaded cambodia several times in the 18th century and in 1772 they destroyed phnom phen
443,remote_dataset/fleurs_vi_en/train/vi/vi_00443.wav,remote_dataset/fleurs_vi_en/train/en/en_00443.wav,4.68,12.66,những năm cuối thế kỷ 18 việt nam cũng xâm lược campuchia,in the last years of the 18th century the vietnamese also invaded cambodia
444,remote_dataset/fleurs_vi_en/train/vi/vi_00444.wav,remote_dataset/fleurs_vi_en/train/en/en_00444.wav,7.98,8.04,mười tám phần trăm người dân venezuela hiện bị thất nghiệp và hầu hết những người còn đi làm đều làm việc trong nền kinh tế không chính thức,eighteen percent of venezuelans are unemployed and most of those who are employed work in the informal economy
445,remote_dataset/fleurs_vi_en/train/vi/vi_00445.wav,remote_dataset/fleurs_vi_en/train/en/en_00445.wav,10.68,10.68,hai phần ba số người venezuela đi làm làm việc trong ngành dịch vụ gần một phần tư làm việc trong ngành công nghiệp và một phần năm trong ngành nông nghiệp,two thirds of venezuelans who work do so in the service sector nearly a quarter work in industry and a fifth work in agriculture
446,remote_dataset/fleurs_vi_en/train/vi/vi_00446.wav,remote_dataset/fleurs_vi_en/train/en/en_00446.wav,10.80,8.50,dầu mỏ là một ngành công nghiệp quan trọng của venezuela đây là đất nước xuất khẩu ròng dầu mỏ dù chỉ có 1% người dân làm việc trong ngành này,an important industry for venezuelans is oil where the country is a net exporter even though only one percent work in the oil industry
447,remote_dataset/fleurs_vi_en/train/vi/vi_00447.wav,remote_dataset/fleurs_vi_en/train/en/en_00447.wav,10.86,9.60,thời kỳ mới giành độc lập quốc gia các chuyên gia của vườn thực vật singapore đã có công biến hòn đảo này thành một thành phố vườn nhiệt đới,early in the nation's independence singapore botanic gardens' expertise helped to transform the island into a tropical garden city
448,remote_dataset/fleurs_vi_en/train/vi/vi_00448.wav,remote_dataset/fleurs_vi_en/train/en/en_00448.wav,9.84,9.90,vào năm 1981 vanda miss joaquim một giống lan lai đã được chọn làm quốc hoa,in 1981 vanda miss joaquim an orchid hybrid was chosen as the nation's national flower
450,remote_dataset/fleurs_vi_en/train/vi/vi_00450.wav,remote_dataset/fleurs_vi_en/train/en/en_00450.wav,7.68,8.76,và sau đó trở lại miền bắc đi qua miền tây một lần nữa vượt sông mara sau mùa mưa vào khoảng tháng tư,and then back to the north through the west once again crossing the mara river after the rains in around april
452,remote_dataset/fleurs_vi_en/train/vi/vi_00452.wav,remote_dataset/fleurs_vi_en/train/en/en_00452.wav,14.04,14.28,"học cách tạo ra phương tiện truyền thông tương tác yêu cầu kỹ năng tiêu chuẩn và truyền thống cũng như các công cụ thành thạo trong các lớp tương tác xây dựng cốt truyện chỉnh sửa âm thanh và video kể chuyện,...",learning to create interactive media requires conventional and traditional skills as well as tools mastered in interactive classes storyboarding audio and video editing story telling etc.
453,remote_dataset/fleurs_vi_en/train/vi/vi_00453.wav,remote_dataset/fleurs_vi_en/train/en/en_00453.wav,11.46,8.94,thiết kế tương tác yêu cầu bạn đánh giá lại các giả định của mình về sản xuất truyền thông và học cách tư duy theo những cách thức phi tuyến tính,interactive design requires that you re-assess your assumptions about media production and learn to think in a non-linear ways
454,remote_dataset/fleurs_vi_en/train/vi/vi_00454.wav,remote_dataset/fleurs_vi_en/train/en/en_00454.wav,11.82,10.68,thiết kế tương tác đòi hỏi các thành phần của dự án được kết nối với nhau nhưng cũng mang ý nghĩa như một thực thể tách rời,interactive design requires that components of a project connect to each other but also make sense as a separate entity
455,remote_dataset/fleurs_vi_en/train/vi/vi_00455.wav,remote_dataset/fleurs_vi_en/train/en/en_00455.wav,11.10,10.92,nhược điểm của ống kính zoom là sự phức tạp của tiêu cự và số lượng chi tiết ống kính cần thiết để đạt được phạm vi độ dài tiêu cự lớn hơn ống kính một tiêu cự,the disadvantage of zoom lenses is that the focal complexity and number of lens elements required to achieve a range of focal lengths is much greater than for prime lenses
456,remote_dataset/fleurs_vi_en/train/vi/vi_00456.wav,remote_dataset/fleurs_vi_en/train/en/en_00456.wav,10.32,7.38,điều này ngày càng trở nên đơn giản khi các nhà sản xuất ống kính đạt được tiêu chuẩn cao hơn trong sản xuất ống kính,this is becoming less of an issue as lens manufacturers achieve higher standards in lens production
457,remote_dataset/fleurs_vi_en/train/vi/vi_00457.wav,remote_dataset/fleurs_vi_en/train/en/en_00457.wav,8.46,9.06,điều này giúp cho ống kính khuếch đại tạo ra những hình ảnh với chất lượng có thể sánh ngang với hình ảnh được tạo ra bởi ống kính có tiêu cự cố định,this has allowed zoom lenses to produce pictures of a quality comparable to that achieved by lenses with fixed focal length
458,remote_dataset/fleurs_vi_en/train/vi/vi_00458.wav,remote_dataset/fleurs_vi_en/train/en/en_00458.wav,9.42,7.98,một bất lợi khác của ống kính phóng đại là độ mở ống kính tốc độ chụp tối đa thường thấp,another disadvantage of zoom lenses is that the maximum aperture the speed of the lens is usually lower
459,remote_dataset/fleurs_vi_en/train/vi/vi_00459.wav,remote_dataset/fleurs_vi_en/train/en/en_00459.wav,9.00,9.48,việc này khiến cho những ống kính giá rẻ khó có thể sử dụng trong điều kiện thiếu sáng mà không có đèn flash,this makes inexpensive zoom lenses hard to use in low-light conditions without a flash
460,remote_dataset/fleurs_vi_en/train/vi/vi_00460.wav,remote_dataset/fleurs_vi_en/train/en/en_00460.wav,6.72,6.90,một trong những vấn đề thường gặp khi cố chuyển định danh phim sang dvd chính là quét chồng lấn,one of the most common problems when trying to convert a movie to dvd format is the overscan
461,remote_dataset/fleurs_vi_en/train/vi/vi_00461.wav,remote_dataset/fleurs_vi_en/train/en/en_00461.wav,8.76,5.58,hầu hết tv đều được thiết kế theo hướng làm hài lòng công chúng,most televisions are made in a way to please the general public
462,remote_dataset/fleurs_vi_en/train/vi/vi_00462.wav,remote_dataset/fleurs_vi_en/train/en/en_00462.wav,7.62,6.72,vì lý do nói trên những gì bạn thấy trên truyền hình đều có các đường viền cắt ở trên dưới và hai bên,for that reason everything you see on the tv had the borders cut top bottom and sides
463,remote_dataset/fleurs_vi_en/train/vi/vi_00463.wav,remote_dataset/fleurs_vi_en/train/en/en_00463.wav,9.60,8.34,việc này để đảm bảo hình ảnh có thể phủ toàn màn hình nó gọi là quét chồng lấn,this is made to ensure that the image covers the whole screen that is called overscan
464,remote_dataset/fleurs_vi_en/train/vi/vi_00464.wav,remote_dataset/fleurs_vi_en/train/en/en_00464.wav,14.04,11.40,thật không may khi bạn làm một đĩa dvd phần biên của nó có lẽ cũng sẽ bị cắt đi và nếu video có phụ đề quá gần với phần phía dưới chúng sẽ không hiển thị hết,unfortunately when you make a dvd it's borders will most likely be cut too and if the video had subtitles too close to the bottom they won't be fully shown
465,remote_dataset/fleurs_vi_en/train/vi/vi_00465.wav,remote_dataset/fleurs_vi_en/train/en/en_00465.wav,11.70,10.02,tòa lâu đài truyền thống thời trung cổ từ lâu đã là niềm cảm hứng sáng tạo gợi lên hình ảnh của những cuộc cưỡi ngựa đấu thương những buổi yến tiệc và những hiệp sĩ dưới thời vua arthur,the traditional medieval castle has long inspired the imagination conjuring up images of jousts banquets and arthurian chivalry
467,remote_dataset/fleurs_vi_en/train/vi/vi_00467.wav,remote_dataset/fleurs_vi_en/train/en/en_00467.wav,14.28,8.46,nhưng liệu trí tưởng tượng của chúng ta có dựa trên thực tế tại sao ban đầu người ta lại xây dựng lâu đài lâu đài được thiết kế và xây dựng như thế nào,but is our imagination based on reality why were castles built in the first place how were they designed and built
468,remote_dataset/fleurs_vi_en/train/vi/vi_00468.wav,remote_dataset/fleurs_vi_en/train/en/en_00468.wav,12.24,7.62,là một ví dụ điển hình cho giai đoạn này lâu đài kirby muxloe giống một căn nhà được gia cố và phòng bị hơn là một lâu đài thực thụ,typical for the period kirby muxloe castle is more of a fortified house than a true castle
469,remote_dataset/fleurs_vi_en/train/vi/vi_00469.wav,remote_dataset/fleurs_vi_en/train/en/en_00469.wav,9.72,10.26,những cửa sổ lắp kính lớn và những bức tường mỏng manh sẽ không thể chống chịu lâu trước một cuộc tấn công mãnh liệt,its large glazed windows and thin walls would not have been able to resist a determined attack for long
470,remote_dataset/fleurs_vi_en/train/vi/vi_00470.wav,remote_dataset/fleurs_vi_en/train/en/en_00470.wav,12.12,20.88,vào những năm 1480 khi mới được vua hastings bắt đầu xây dựng đất nước khá thanh bình và chỉ cần phòng vệ để chống lại những băng cướp lang thang nhỏ,in the 1480s when its construction was begun by lord hastings the country was relatively peaceful and defense was only required against small bands of roving marauders
471,remote_dataset/fleurs_vi_en/train/vi/vi_00471.wav,remote_dataset/fleurs_vi_en/train/en/en_00471.wav,10.98,7.98,các cân quyền lực là một hệ thống mà trong đó các quốc gia châu âu tìm cách duy trì chủ quyền quốc gia của toàn bộ các nhà nước châu âu,the balance of power was a system in which european nations sought to maintain the national sovereignty of all european states
472,remote_dataset/fleurs_vi_en/train/vi/vi_00472.wav,remote_dataset/fleurs_vi_en/train/en/en_00472.wav,12.84,11.64,ý tưởng là tất cả các quốc gia châu âu phải tìm cách ngăn một quốc gia trở nên quá mạnh và vì vậy các chính phủ quốc gia thường thay đổi đồng minh để duy trì thế cân bằng,the concept was that all european nations had to seek to prevent one nation from becoming powerful and thus national governments often changed their alliances in order to maintain the balance
473,remote_dataset/fleurs_vi_en/train/vi/vi_00473.wav,remote_dataset/fleurs_vi_en/train/en/en_00473.wav,9.84,7.44,chiến tranh kế vị tây ban nha đã đánh dấu chiến tranh đầu tiên mà vấn đề trọng tâm là sự cân bằng quyền lực,the war of spanish succession marked the first war whose central issue was the balance of power
474,remote_dataset/fleurs_vi_en/train/vi/vi_00474.wav,remote_dataset/fleurs_vi_en/train/en/en_00474.wav,14.04,12.90,việc này đánh dấu sự thay đổi quan trọng vì các cường quốc châu âu sẽ không còn cớ là chiến tranh tôn giáo vì vậy cuộc chiến tranh ba mươi năm sẽ là cuộc chiến cuối cùng được gắn mác chiến tranh tôn giáo,this marked an important change as european powers would no longer have the pretext of being religious wars thus the thirty years' war would be the last war to be labeled a religious war
475,remote_dataset/fleurs_vi_en/train/vi/vi_00475.wav,remote_dataset/fleurs_vi_en/train/en/en_00475.wav,13.74,13.08,đền artemis tại ephesus đã bị phá hủy vào ngày 21 tháng 7 năm 356 tcn vì hành động đốt phá do herostratus,the temple of artemis at ephesus was destroyed on july 21 356 bce in an act of arson committed by herostratus
476,remote_dataset/fleurs_vi_en/train/vi/vi_00476.wav,remote_dataset/fleurs_vi_en/train/en/en_00476.wav,14.64,11.28,theo truyền thuyết mục tiêu của y là trở nên nổi tiếng bằng mọi giá người ephesians đã phẫn nộ tuyên bố rằng tên của herostratus sẽ không bao giờ được ghi chép lại,according to the story his motivation was fame at any cost the ephesians outraged announced that herostratus' name never be recorded
477,remote_dataset/fleurs_vi_en/train/vi/vi_00477.wav,remote_dataset/fleurs_vi_en/train/en/en_00477.wav,11.82,14.22,về sau sử gia hy lạp strabo đã ghi nhận tên gọi ấy và được lưu truyền đến ngày nay ngôi đền đã bị phá hủy vào đúng ngày mà alexander đại đế ra đời,the greek historian strabo later noted the name which is how we know today the temple was destroyed on the same night that alexander the great was born
478,remote_dataset/fleurs_vi_en/train/vi/vi_00478.wav,remote_dataset/fleurs_vi_en/train/en/en_00478.wav,10.68,12.84,alexander với tư cách là vua đã đề nghị bỏ tiền ra xây dựng lại đền thờ nhưng bị khước từ sau này khi ông mất ngôi đền đã được xây lại vào năm 323 trước công nguyên,alexander as king offered to pay to rebuild the temple but his offer was denied later after alexander died the temple was rebuilt in 323 bce
479,remote_dataset/fleurs_vi_en/train/vi/vi_00479.wav,remote_dataset/fleurs_vi_en/train/en/en_00479.wav,12.78,10.08,hãy đảm bảo tay của bạn được thư giãn nhất có thể khi nhấn tất cả các nốt nhạc chính xác và cố gắng đừng làm nhiều cử động ngón tay không cần thiết,make sure your hand is as relaxed as possible while still hitting all the notes correctly also try not to make much extraneous motion with your fingers
480,remote_dataset/fleurs_vi_en/train/vi/vi_00480.wav,remote_dataset/fleurs_vi_en/train/en/en_00480.wav,12.12,13.14,chơi đàn theo cách này sẽ giúp bạn giảm mất sức tối đa hãy nhớ rằng bạn không cần phải dùng nhiều lực để ấn phím nhằm tăng âm lượng như khi chơi đàn piano,this way you will tire yourself out as little as possible remember there's no need to hit the keys with a lot of force for extra volume like on the piano
481,remote_dataset/fleurs_vi_en/train/vi/vi_00481.wav,remote_dataset/fleurs_vi_en/train/en/en_00481.wav,7.26,5.52,trên đàn phong cầm để tăng âm lượng bạn sử dụng ống thổi tác động mạnh hơn hoặc nhanh hơn,on the accordion to get extra volume you use the bellows with more pressure or speed
482,remote_dataset/fleurs_vi_en/train/vi/vi_00482.wav,remote_dataset/fleurs_vi_en/train/en/en_00482.wav,10.56,11.88,chủ nghĩa thần bí theo đuổi mối quan hệ nhận diện hay nhận thức về thực tế tối thượng thần tính sự thật tâm linh hay chúa trời,mysticism is the pursuit of communion with identity with or conscious awareness of an ultimate reality divinity spiritual truth or god
483,remote_dataset/fleurs_vi_en/train/vi/vi_00483.wav,remote_dataset/fleurs_vi_en/train/en/en_00483.wav,9.72,8.76,các tín đồ tìm kiếm một trải nghiệm trực tiếp bằng trực giác hoặc hiểu biết sâu sắc về thực tại thiêng liêng/một hoặc nhiều vị thần,the believer seeks a direct experience intuition or insight into divine reality/the deity or dieties
484,remote_dataset/fleurs_vi_en/train/vi/vi_00484.wav,remote_dataset/fleurs_vi_en/train/en/en_00484.wav,5.58,7.08,những người tham gia theo đuổi những cách sống khác nhau hoặc luyện tập để nhằm nuôi dưỡng những trải nghiệm đó,followers pursue certain ways of living or practices that are intended to nurture those experiences
485,remote_dataset/fleurs_vi_en/train/vi/vi_00485.wav,remote_dataset/fleurs_vi_en/train/en/en_00485.wav,16.62,13.74,chủ nghĩa thần bí có thể được phân biệt với các hình thức tín ngưỡng tôn giáo và thờ phượng khác bằng cách nó nhấn mạnh vào trải nghiệm cá nhân trực tiếp về một trạng thái ý thức duy nhất đặc biệt là những trải nghiệm có đặc tính an nhiên sâu sắc vui mừng hoặc dễ xuất thần,mysticism can be distinguished from other forms of religious belief and worship by its emphasis on the direct personal experience of a unique state of consciousness particularly those of a peaceful insightful blissful or even ecstatic character
486,remote_dataset/fleurs_vi_en/train/vi/vi_00486.wav,remote_dataset/fleurs_vi_en/train/en/en_00486.wav,17.10,12.96,đạo sikh là một tôn giáo xuất phát từ tiểu lục địa ấn độ nó bắt nguồn ở vùng punjab trong thế kỷ 15 từ một sự phân chia giáo phái bên trong ấn độ giáo truyền thống,sikhism is a religion from the indian sub-continent it originated in the punjab region during the 15th century from a sectarian split within the hindu tradition
487,remote_dataset/fleurs_vi_en/train/vi/vi_00487.wav,remote_dataset/fleurs_vi_en/train/en/en_00487.wav,11.10,13.26,người sikh xem đức tin của họ là tôn giáo tách biệt với ấn độ giáo mặc dù họ thừa nhận nguồn gốc và truyền thống từ ấn độ giáo của tôn giáo đó,sikhs consider their faith to be a separate religion from hinduism though they acknowledge its hindu roots and traditions
488,remote_dataset/fleurs_vi_en/train/vi/vi_00488.wav,remote_dataset/fleurs_vi_en/train/en/en_00488.wav,25.92,19.20,người theo sikh giáo gọi tôn giáo của mình là gurmat tức là punjabi vì đường lối của guru guru là một khía cạnh cơ bản của mọi tôn giáo ấn độ nhưng trong sikh giáo đã chiếm vai trò quan trọng tạo thành cốt lõi trong tư tưởng của sikh giáo,sikhs call their religion gurmat which is punjabi for way of the guru the guru is a fundamental aspect of all indian religions but in sikhism has taken on an importance that forms the core of sikh beliefs
489,remote_dataset/fleurs_vi_en/train/vi/vi_00489.wav,remote_dataset/fleurs_vi_en/train/en/en_00489.wav,16.56,11.94,tôn giáo này được thành lập vào thế kỷ thứ 15 bởi guru nanak 1469–1539. kế tiếp theo đó là sự xuất hiện của thêm chín vị đạo sư,the religion was founded in the 15th century by guru nanak 1469–1539. there followed in succession a further nine gurus
490,remote_dataset/fleurs_vi_en/train/vi/vi_00490.wav,remote_dataset/fleurs_vi_en/train/en/en_00490.wav,23.52,14.64,tuy nhiên vào tháng sáu năm 1956 một cuộc bạo loạn nổ ra tại ba lan đã thách thức các cam kết của krushchev ban đầu chỉ là cuộc biểu tình phản đối tình trạng khan hiếm thực phẩm và giảm lương của công nhân nhưng về sau đã biến thành cuộc tổng biểu tình phản đối chủ nghĩa cộng sản,however in june 1956 krushchev's promises were put to the test when riots in poland where workers were protesting against food shortages and wage cuts turned into a general protest against communism
491,remote_dataset/fleurs_vi_en/train/vi/vi_00491.wav,remote_dataset/fleurs_vi_en/train/en/en_00491.wav,19.56,17.76,mặc dù cuối cùng krushchev vẫn điều xe tăng đến để thiết lập lại trật tự nhưng ông cũng đã nhượng bộ đối với một số đòi hỏi về mặt kinh tế và đồng ý bổ nhiệm wladyslaw gomulka một người được lòng dân chúng làm thủ tướng mới,although in the end krushchev sent in tanks to restore order he did give way to some economic demands and agreed to appoint the popular wladyslaw gomulka as the new prime minister
492,remote_dataset/fleurs_vi_en/train/vi/vi_00492.wav,remote_dataset/fleurs_vi_en/train/en/en_00492.wav,19.56,18.54,nền văn minh lưu vực sông ấn là một nền văn minh thời đồ đồng ở khu vực phía tây bắc tiểu lục địa ấn độ bao gồm phần lớn nước pakistan ngày nay một số vùng thuộc miền tây bắc ấn độ và đông bắc afghanistan,the indus valley civilization was a bronze age civilisation in the northwest indian subcontinent encompassing most of modern-day pakistan and some regions in northwest india and northeast afghanistan
493,remote_dataset/fleurs_vi_en/train/vi/vi_00493.wav,remote_dataset/fleurs_vi_en/train/en/en_00493.wav,5.64,7.74,nền văn minh phát triển rực rỡ bên lưu vực sông indus từ đó cũng được mang tên này,the civilisation flourished in the basins of the indus river wherefore it derives its name
494,remote_dataset/fleurs_vi_en/train/vi/vi_00494.wav,remote_dataset/fleurs_vi_en/train/en/en_00494.wav,26.40,22.20,mặc dù một số học giả suy đoán rằng vì cũng tồn tại ở các lưu vực của sông sarasvati nay đã khô cạn nên nền văn minh này cần được gọi là nền văn minh indus-sarasvati mặc dù một số người gọi là nền văn minh harappan theo tên của harappa di tích đầu tiên của nền văn minh này được khai quật vào thập niên 1920,although some scholars speculate that since the civilisation also existed in the basins of the now dried up sarasvati river it should be aptly called the indus-sarasvati civilization while some call it the harappan civilization after harappa the first of its sites to be excavated in the 1920s
495,remote_dataset/fleurs_vi_en/train/vi/vi_00495.wav,remote_dataset/fleurs_vi_en/train/en/en_00495.wav,9.60,6.06,bản chất quân sự của đế chế la mã góp phần thúc đẩy thêm sự phát triển của những tiến bộ về y khoa,the militaristic nature of the roman empire aided in the development of medical advances
496,remote_dataset/fleurs_vi_en/train/vi/vi_00496.wav,remote_dataset/fleurs_vi_en/train/en/en_00496.wav,11.64,9.54,các bác sĩ bắt đầu được hoàng đế augustus tuyển chọn và thậm chí thành lập tập đoàn y khoa la mã đầu tiên để sử dụng sau các trận chiến,doctors began to be recruited by emperor augustus and even formed the first roman medical corps for use in the aftermath of battles
497,remote_dataset/fleurs_vi_en/train/vi/vi_00497.wav,remote_dataset/fleurs_vi_en/train/en/en_00497.wav,13.62,9.60,các bác sỹ phẫu thuật lúc này đã có hiểu biết về các loại thuốc an thần trong đó có morphin chiết xuất từ hạt anh túc và scopolamine từ hạt giống cỏ dại,surgeons had knowledge of various sedatives including morphine from extracts of poppy seeds and scopolamine from herbane seeds
498,remote_dataset/fleurs_vi_en/train/vi/vi_00498.wav,remote_dataset/fleurs_vi_en/train/en/en_00498.wav,11.88,10.20,họ đã thành thục trong thủ thuật cắt bỏ chi để cứu bệnh nhân khỏi hoại tử cũng như kĩ thuật cầm máu và kẹp động mạch để ngăn máu chảy,they became proficient at amputation to save patients from gangrene as well as tourniquets and arterial clamps to stem blood flow
499,remote_dataset/fleurs_vi_en/train/vi/vi_00499.wav,remote_dataset/fleurs_vi_en/train/en/en_00499.wav,11.52,9.96,trải qua nhiều thế kỷ đế chế la mã đã đạt được nhiều thành tựu trong lĩnh vực y học và tạo nên nhiều kiến thức mà chúng ta biết ngày nay,over multiple centuries the roman empire led to great gains in the field of medicine and formed much of the knowledge we know today
500,remote_dataset/fleurs_vi_en/train/vi/vi_00500.wav,remote_dataset/fleurs_vi_en/train/en/en_00500.wav,17.58,15.00,origami thuần khiết là loại origami với quy tắc là mỗi lần chỉ được gấp một hình những kiểu gấp phức tạp hơn như gấp kết hợp là không được phép và tất cả nếp gấp đều phải thẳng,pureland origami is origami with the restriction that only one fold may be done at a time more complex folds like reverse folds are not allowed and all folds have straightforward locations
501,remote_dataset/fleurs_vi_en/train/vi/vi_00501.wav,remote_dataset/fleurs_vi_en/train/en/en_00501.wav,13.50,7.34,nó được phát triển bởi john smith trong những năm 1970 để giúp những người không có kinh nghiệm trong tập tài liệu hoặc những người có khả năng vận động hạn chế,it was developed by john smith in the 1970s to help inexperienced folders or those with limited motor skills
502,remote_dataset/fleurs_vi_en/train/vi/vi_00502.wav,remote_dataset/fleurs_vi_en/train/en/en_00502.wav,10.56,11.70,trẻ em phát triển nhận thức về chủng tộc và định kiến rập khuôn chủng tộc từ rất sớm và những định kiến rập khuôn chủng tộc này ảnh hưởng đến hành vi,children develop an awareness of race and racial stereotypes quite young and these racial stereotypes affect behavior
503,remote_dataset/fleurs_vi_en/train/vi/vi_00503.wav,remote_dataset/fleurs_vi_en/train/en/en_00503.wav,15.96,10.82,ví dụ những trẻ thuộc nhóm dân thiểu số hay bị rập khuôn cho là không học giỏi ở trường sẽ có xu hướng không học giỏi ở trường một khi chúng biết về sự định hình rập khuôn liên quan đến chủng tộc của mình,for instance children who identify with a racial minority that is stereotyped as not doing well in school tend to not do well in school once they learn about the stereotype associated with their race
504,remote_dataset/fleurs_vi_en/train/vi/vi_00504.wav,remote_dataset/fleurs_vi_en/train/en/en_00504.wav,6.24,8.40,myspace hiện là trang web phổ biến thứ ba tại hoa kỳ với 54 triệu hồ sơ người dùng,myspace is the third most popular website used in the united states and has 54 million profiles currently
505,remote_dataset/fleurs_vi_en/train/vi/vi_00505.wav,remote_dataset/fleurs_vi_en/train/en/en_00505.wav,6.72,5.16,những trang web này thu hút được nhiều sự chú ý đặc biệt là trong môi trường giáo dục,these websites have gotten a lot of attention especially in the education setting
506,remote_dataset/fleurs_vi_en/train/vi/vi_00506.wav,remote_dataset/fleurs_vi_en/train/en/en_00506.wav,7.98,11.52,cũng có những mặt tích cực của các website này như dễ xây dựng một trang có thể bao gồm blog video ảnh và những tính năng khác,there are positive aspects to these websites which include being able to easily setup a class page which can include blogs videos photos and other features
507,remote_dataset/fleurs_vi_en/train/vi/vi_00507.wav,remote_dataset/fleurs_vi_en/train/en/en_00507.wav,10.44,11.52,trang này có thể sử dụng dễ dàng bằng cách chỉ cung cấp một địa chỉ web giúp dễ nhớ và dễ đánh máy đối với những học sinh gặp khó khăn trong việc sử dụng bàn phím hoặc đánh vần,this page can easily be accessed by providing just one web address which makes it easy to remember and easy to type in for students who may have trouble using the keyboard or with spelling
508,remote_dataset/fleurs_vi_en/train/vi/vi_00508.wav,remote_dataset/fleurs_vi_en/train/en/en_00508.wav,9.00,8.58,nó có thể được điều chỉnh để tạo sự dễ dàng cho việc đọc và nhiều hoặc ít màu sắc theo ý muốn,it can be customized to make it easy to read and also with as much or little color as desired
509,remote_dataset/fleurs_vi_en/train/vi/vi_00509.wav,remote_dataset/fleurs_vi_en/train/en/en_00509.wav,11.76,14.58,chứng giảm chú ý là một hội chứng thần kinh được đặc trưng bởi bộ ba hội chứng gồm bốc đồng mất tập trung tăng động hoặc thừa năng lượng,attention deficit disorder is a neurological syndrome whose classic defining triad of symptoms including impulsivity distractibility and hyperactivity or excess energy
510,remote_dataset/fleurs_vi_en/train/vi/vi_00510.wav,remote_dataset/fleurs_vi_en/train/en/en_00510.wav,12.48,12.00,đây không phải là khuyết tật học tập mà là rối loạn học tập nó ảnh hưởng đến 3 tới 5% tổng số trẻ em có thể lên đến 2 triệu trẻ em mỹ,it is not a learning disability it is a learning disorder it affects 3 to 5% of all children perhaps as many as 2 million american children
511,remote_dataset/fleurs_vi_en/train/vi/vi_00511.wav,remote_dataset/fleurs_vi_en/train/en/en_00511.wav,13.02,15.90,trẻ mắc chứng rối loạn giảm chú ý add khó tập trung vào những thứ như bài tập ở trường nhưng các em có thể tập trung vào những thứ các em thích như chơi trò chơi xem phim hoạt hình yêu thích hoặc viết câu không có dấu chấm câu,children with add have a hard time focusing on things like school work but they can concentrate on things they enjoy doing like playing games or watching their favorite cartoons or writing sentences without punctuation
512,remote_dataset/fleurs_vi_en/train/vi/vi_00512.wav,remote_dataset/fleurs_vi_en/train/en/en_00512.wav,17.28,17.88,những đứa trẻ này có khuynh hướng tham gia vào nhiều chuyện rắc rối vì chúng tham gia vào những hành vi nguy hiểm đánh nhau và thách thức người nắm quyền hầu để kích thích não bộ của chúng bởi não bộ của chúng không thể kích thích bằng những phương pháp thông thường,these children tend to get into a lot of trouble because they engage in risky behaviors get into fights and challenge authority in order to stimulate their brain since their brain can not be stimulated by normal methods
513,remote_dataset/fleurs_vi_en/train/vi/vi_00513.wav,remote_dataset/fleurs_vi_en/train/en/en_00513.wav,17.28,10.32,chứng giảm chú ý ảnh hưởng đến mối quan hệ với bạn bè vì những đứa trẻ khác không thể hiểu vì sao đứa trẻ này lại cư xử như vậy tại sao nó lại phát âm như vậy hoặc mức độ trưởng thành của chúng là khác nhau,add affects relationships with other peers because other children can not understand why they act the way that they do or why they spell they way they do or that their maturity level is different
514,remote_dataset/fleurs_vi_en/train/vi/vi_00514.wav,remote_dataset/fleurs_vi_en/train/en/en_00514.wav,10.02,8.94,khi khả năng tiếp nhận kiến thức và học hỏi thay đổi theo cách nói trên thì tốc độ căn bản của việc tiếp thu kiến thức cũng sẽ thay đổi,as the ability to obtain knowledge and to learn changed in such a way as mentioned above the base rate at which knowledge was obtained changed
515,remote_dataset/fleurs_vi_en/train/vi/vi_00515.wav,remote_dataset/fleurs_vi_en/train/en/en_00515.wav,13.62,15.36,cách tiếp cận để có được thông tin là khác nhau không còn áp lực trong việc thu hồi riêng lẻ nhưng khả năng thu hồi văn bản trở nên tập trung hơn,the approach to obtaining information was different no longer did pressure reside within individual recall but the ability to recall text became more of a focus
516,remote_dataset/fleurs_vi_en/train/vi/vi_00516.wav,remote_dataset/fleurs_vi_en/train/en/en_00516.wav,7.98,6.84,về bản chất thời kỳ phục hưng đã tạo nên sự thay đổi lớn về cách thức nghiên cứu và truyền bá kiến thức,in essence the renaissance made a significant change in the approach to learning and the dissemination of knowledge
517,remote_dataset/fleurs_vi_en/train/vi/vi_00517.wav,remote_dataset/fleurs_vi_en/train/en/en_00517.wav,11.64,8.52,khác với các loài linh trưởng khác vượn nhân hình không còn dùng tay để vận động hay nâng đỡ trọng lượng cơ thể hoặc để đánh đu trên cây nữa,unlike other primates hominids no longer use their hands in locomotion or bearing weight or swinging through the trees
518,remote_dataset/fleurs_vi_en/train/vi/vi_00518.wav,remote_dataset/fleurs_vi_en/train/en/en_00518.wav,12.00,10.56,bàn tay và bàn chân của tinh tinh có kích thước và chiều dài bằng nhau phản ảnh việc sử dụng bàn tay để nâng đỡ cơ thể khi đi theo kiểu chống tay xuống đất,the chimpanzee's hand and foot are similar in size and length reflecting the hand's use for bearing weight in knuckle walking
519,remote_dataset/fleurs_vi_en/train/vi/vi_00519.wav,remote_dataset/fleurs_vi_en/train/en/en_00519.wav,5.16,6.24,bàn tay của người ngắn hơn bàn chân và có các đốt thẳng hơn,the human hand is shorter than the foot with straighter phalanges
520,remote_dataset/fleurs_vi_en/train/vi/vi_00520.wav,remote_dataset/fleurs_vi_en/train/en/en_00520.wav,8.76,19.68,hóa thạch xương bàn tay hai đến ba triệu năm tuổi cho thấy sự biến đổi trong chuyên môn hóa của bàn tay từ di chuyển đến thao tác,fossil hand bones two million to three million years old reveal this shift in specialization of the hand from locomotion to manipulation
521,remote_dataset/fleurs_vi_en/train/vi/vi_00521.wav,remote_dataset/fleurs_vi_en/train/en/en_00521.wav,8.88,13.92,một số người tin rằng việc trải qua nhiều giấc mơ tỉnh do tác động con người thường xuyên cũng đủ để gây ra mệt mỏi,some people believe that experiencing many artificially induced lucid dreams often enough can be very exhausting
522,remote_dataset/fleurs_vi_en/train/vi/vi_00522.wav,remote_dataset/fleurs_vi_en/train/en/en_00522.wav,9.36,7.86,nguyên nhân chính cho hiện tượng này là kết quả của những giấc mơ tỉnh kéo dài thời gian giữa các trạng thái rem,the main reason for this phenomenon is the result of the lucid dreams expanding the length of time between rem states
523,remote_dataset/fleurs_vi_en/train/vi/vi_00523.wav,remote_dataset/fleurs_vi_en/train/en/en_00523.wav,11.22,10.44,với rem ít hơn mỗi đêm trạng thái mà trong đó bạn trải nghiệm giấc ngủ thực và cơ thể bạn phục hồi trở nên ít xảy ra để trở thành một vấn đề,with fewer rems per night this state in which you experience actual sleep and your body recovers becomes infrequent enough to become a problem
524,remote_dataset/fleurs_vi_en/train/vi/vi_00524.wav,remote_dataset/fleurs_vi_en/train/en/en_00524.wav,7.92,6.12,việc này thật kiệt sức như kiểu bạn phải thức dậy mỗi hai mươi hoặc ba mươi phút để xem tv,this is just as exhausting as if you were to wake up every twenty or thirty minutes and watch tv
525,remote_dataset/fleurs_vi_en/train/vi/vi_00525.wav,remote_dataset/fleurs_vi_en/train/en/en_00525.wav,5.52,9.60,tác động phụ thuộc vào tần suất não bộ của bạn gắng sức để mơ tỉnh mỗi đêm,the effect is dependent on how often your brain attempts to lucidly dream per night
526,remote_dataset/fleurs_vi_en/train/vi/vi_00526.wav,remote_dataset/fleurs_vi_en/train/en/en_00526.wav,18.72,17.94,gần như từ đầu mọi việc diễn ra không mấy tốt đẹp cho người ý ở bắc phi trong vòng một tuần kể từ khi ý tuyên chiến vào ngày 10 tháng 6 năm 1940 trung đoàn kỵ binh thứ 11 của anh đã chiếm giữ pháo đài capuzzo ở libya,things did not go well for the italians in north africa almost from the start within a week of italy's declaration of war on june 10 1940 the british 11th hussars had seized fort capuzzo in libya
527,remote_dataset/fleurs_vi_en/train/vi/vi_00527.wav,remote_dataset/fleurs_vi_en/train/en/en_00527.wav,11.34,8.10,trong cuộc phục kích phía đông bardia quân đội anh đã bắt giữ được tổng chỉ huy mười quân đoàn mười của ý tướng lastucci,in an ambush east of bardia the british captured the italian tenth army's engineer-in-chief general lastucci
528,remote_dataset/fleurs_vi_en/train/vi/vi_00528.wav,remote_dataset/fleurs_vi_en/train/en/en_00528.wav,21.42,12.00,vào ngày 28 tháng sáu marshal italo balbo người nắm toàn quyền libya và là người thừa kế rõ ràng của mussolini đã bị giết bởi những người cùng phe khi hạ cánh ở tobruk,on june 28 marshal italo balbo the governor-general of libya and apparent heir to mussolini was killed by friendly fire while landing in tobruk
529,remote_dataset/fleurs_vi_en/train/vi/vi_00529.wav,remote_dataset/fleurs_vi_en/train/en/en_00529.wav,12.12,8.64,môn đấu kiếm hiện đại được chơi ở rất nhiều cấp độ từ sinh viên theo học tại trường đại học đến chuyên nghiệp và thi đấu olympic,the modern sport of fencing is played at many levels from students learning at a university to professional and olympic competition
530,remote_dataset/fleurs_vi_en/train/vi/vi_00530.wav,remote_dataset/fleurs_vi_en/train/en/en_00530.wav,8.04,10.74,môn thể thao này chủ yếu thi đấu theo hình thức song đấu một người đấu kiếm tay đôi với một người khác,the sport is primarily played in a duel format one fencer dueling another
531,remote_dataset/fleurs_vi_en/train/vi/vi_00531.wav,remote_dataset/fleurs_vi_en/train/en/en_00531.wav,5.70,6.18,gôn là một hoạt động giải trí trong đó người chơi sử dụng gậy để đánh bóng vào lỗ,golf is a game in which players use clubs to hit balls into holes
532,remote_dataset/fleurs_vi_en/train/vi/vi_00532.wav,remote_dataset/fleurs_vi_en/train/en/en_00532.wav,10.74,9.84,một vòng thông thường gồm mười tám lỗ với người chơi thường bắt đầu ở lỗ đầu tiên trong sân và kết thúc ở lỗ thứ mười tám,eighteen holes are played during a regular round with players usually starting on the first hole on the course and finishing on the eighteenth
533,remote_dataset/fleurs_vi_en/train/vi/vi_00533.wav,remote_dataset/fleurs_vi_en/train/en/en_00533.wav,8.82,5.58,người chơi cần ít lần đánh hay lần vung gậy nhất để hoàn tất đường bóng sẽ chiến thắng,the player who takes the fewest strokes or swings of the club to complete the course wins
534,remote_dataset/fleurs_vi_en/train/vi/vi_00534.wav,remote_dataset/fleurs_vi_en/train/en/en_00534.wav,8.52,8.70,trò chơi này được chơi trên cỏ cỏ xung quanh lỗ được cắt ngắn hơn và được gọi là vùng xanh green,the game is played on grass and the grass around the hole is mown shorter and called the green
535,remote_dataset/fleurs_vi_en/train/vi/vi_00535.wav,remote_dataset/fleurs_vi_en/train/en/en_00535.wav,10.20,9.06,có lẽ loại hình du lịch phổ biến nhất là loại hình mà hầu hết mọi người đều kết hợp khi đi du lịch đó là du lịch giải trí,perhaps the most common type of tourism is what most people associate with traveling recreation tourism
536,remote_dataset/fleurs_vi_en/train/vi/vi_00536.wav,remote_dataset/fleurs_vi_en/train/en/en_00536.wav,8.70,7.62,đó là khi người ta đi đến một địa điểm khác xa so với cuộc sống thường nhật của mình để thư giãn và tìm niềm vui,this is when people go to a place that is very different from their regular day-to-day life to relax and have fun
537,remote_dataset/fleurs_vi_en/train/vi/vi_00537.wav,remote_dataset/fleurs_vi_en/train/en/en_00537.wav,7.32,8.04,bãi biển công viên giải trí và khu cắm trại là những địa điểm phổ biến nhất mà khách du lịch giải trí thường đến,beaches theme parks and camp grounds are often the most common places frequented by recreational tourists
538,remote_dataset/fleurs_vi_en/train/vi/vi_00538.wav,remote_dataset/fleurs_vi_en/train/en/en_00538.wav,13.62,12.30,nếu mục đích của việc đến thăm một địa điểm cụ thể nào đó là để tìm hiểu lịch sử và văn hóa ở nơi đó thì loại hình du lịch này được gọi là du lịch văn hóa,if the objective of one's visit to a particular place is to get to know its history and culture then this type of tourism is known as cultural tourism
539,remote_dataset/fleurs_vi_en/train/vi/vi_00539.wav,remote_dataset/fleurs_vi_en/train/en/en_00539.wav,12.78,12.72,du khách có thể tham quan nhiều danh lam thắng cảnh khác nhau của một quốc gia cụ thể hoặc họ có thể chọn lựa chỉ tập trung vào tham quan một khu vực nhất định,tourists may visit different landmarks of a particular country or they may simply opt to focus on just one area
540,remote_dataset/fleurs_vi_en/train/vi/vi_00540.wav,remote_dataset/fleurs_vi_en/train/en/en_00540.wav,7.44,5.34,nhận thấy động thái này phe thực dân cũng kêu gọi tiếp viện,the colonists seeing this activity had also called for reinforcements
541,remote_dataset/fleurs_vi_en/train/vi/vi_00541.wav,remote_dataset/fleurs_vi_en/train/en/en_00541.wav,14.76,11.46,quân tiếp viện cho các tiền đồn bao gồm trung đoàn 1 và 3 new hampshire có 200 binh sĩ dưới sự chỉ huy của đại tá john stark và james reed cả hai ông về sau đều lên tướng,troops reinforcing the forward positions included the 1st and 3rd new hampshire regiments of 200 men under colonels john stark and james reed both later became generals
542,remote_dataset/fleurs_vi_en/train/vi/vi_00542.wav,remote_dataset/fleurs_vi_en/train/en/en_00542.wav,8.04,5.70,bên stark vào vị trí phòng thủ dọc theo hàng rào về phía bắc vị trí của bên thực dân,stark's men took positions along the fence on the north end of the colonist's position
543,remote_dataset/fleurs_vi_en/train/vi/vi_00543.wav,remote_dataset/fleurs_vi_en/train/en/en_00543.wav,16.20,14.28,khi thủy triều xuống mở ra một khoảng hở dọc theo dòng sông huyền bí chảy qua vùng phía đông bắc của bán đảo họ nhanh chóng mở rộng hàng rào bằng một bức tường đá ngắn về hướng bắc kéo dài đến mép nước trên một bãi biển nhỏ,when low tide opened a gap along the mystic river along the northeast of the peninsula they quickly extended the fence with a short stone wall to the north ending at the water's edge on a small beach
544,remote_dataset/fleurs_vi_en/train/vi/vi_00544.wav,remote_dataset/fleurs_vi_en/train/en/en_00544.wav,10.08,9.06,gridley hoặc stark đã cho chôn một cái cọc trước hàng rào khoảng 100 feet 30 m và ra lệnh không ai được bắn cho đến khi nào quân địch đi qua cọc đó,gridley or stark placed a stake about 100 feet 30 m in front of the fence and ordered that no one fire until the regulars passed it
545,remote_dataset/fleurs_vi_en/train/vi/vi_00545.wav,remote_dataset/fleurs_vi_en/train/en/en_00545.wav,7.38,6.72,kế hoạch của mỹ là dựa vào việc phát động tấn công phối hợp từ ba hướng khác nhau,the american plan relied on launching coordinated attacks from three different directions
546,remote_dataset/fleurs_vi_en/train/vi/vi_00546.wav,remote_dataset/fleurs_vi_en/train/en/en_00546.wav,11.34,23.04,đại tướng john cadwalder sẽ mở cuộc tấn công nghi binh chống lại nơi đóng quân của quân anh tại bordentown để chặn đứng bất kỳ quân tiếp viện nào,general john cadwalder would launch a diversionary attack against the british garrison at bordentown in order to block off any reinforcements
547,remote_dataset/fleurs_vi_en/train/vi/vi_00547.wav,remote_dataset/fleurs_vi_en/train/en/en_00547.wav,12.12,15.54,tướng james ewing sẽ đưa 700 lính qua sông ở bến phà trenton chiếm giữ cây cầu qua con lạch assunpink và chặn quân địch trốn thoát,general james ewing would take 700 militia across the river at trenton ferry seize the bridge over the assunpink creek and prevent any enemy troops from escaping
548,remote_dataset/fleurs_vi_en/train/vi/vi_00548.wav,remote_dataset/fleurs_vi_en/train/en/en_00548.wav,18.66,13.74,lực lượng tấn công chính bao gồm 2.400 người sẽ qua sông chín dặm về phía bắc trenton và sau đó chia làm hai đội một dưới quyền chỉ huy của greene và một dưới sự chỉ huy của sullivan để tiến hành cuộc tấn công trước bình minh,"the main assault force of 2,400 men would cross the river nine miles north of trenton and then split into two groups one under greene and one under sullivan in order to launch a pre-dawn attack"
549,remote_dataset/fleurs_vi_en/train/vi/vi_00549.wav,remote_dataset/fleurs_vi_en/train/en/en_00549.wav,12.48,9.12,với sự thay đổi từ 1/4 sang 1/2 dặm chạy tốc độ trở nên ít quan trọng hơn nhiều và sức bền trở thành điều kiện tiên quyết,with the change from the quarter to the half mile run speed becomes of much less importance and endurance becomes an absolute necessity
550,remote_dataset/fleurs_vi_en/train/vi/vi_00550.wav,remote_dataset/fleurs_vi_en/train/en/en_00550.wav,15.84,11.22,tất nhiên một vận động viên hạng nhất trên đường đua nửa dặm người có thể về đích trước hai phút phải sở hữu một tốc độ khá lớn nhưng sức bền phải được trau dồi ở mọi thử thách nguy hiểm,of course a first-class half-miler a man who can beat two minutes must be possessed of a fair amount of speed but endurance must be cultivated at all hazards
551,remote_dataset/fleurs_vi_en/train/vi/vi_00551.wav,remote_dataset/fleurs_vi_en/train/en/en_00551.wav,10.92,9.36,cách tốt nhất để chuẩn bị cho mùa thi đấu môn chạy là chạy xuyên quốc gia trong mùa đông kết hợp với tập luyện phần cơ thể phía trên,some cross country running during the winter combined with gymnasium work for the upper part of the body is the best preparation for the running season
552,remote_dataset/fleurs_vi_en/train/vi/vi_00552.wav,remote_dataset/fleurs_vi_en/train/en/en_00552.wav,11.40,11.64,áp dụng chế độ dinh dưỡng hợp lý không thôi không thể tạo nên một màn trình diễn xuất sắc nhưng nó có thể tác động đáng kể đến sức khỏe tổng thể cho các vận động viên trẻ,proper nutritional practices alone cannot generate elite performances but they can significantly affect young athletes' overall wellness
553,remote_dataset/fleurs_vi_en/train/vi/vi_00553.wav,remote_dataset/fleurs_vi_en/train/en/en_00553.wav,15.00,12.30,duy trì sự cân bằng năng lượng lành mạnh thực hành thói quen uống nước hiệu quả và hiểu rõ mọi khía cạnh của việc tập luyện bổ sung có thể giúp vận động viên cải thiện thành tích và tăng niềm yêu thích thể thao của họ,maintaining a healthy energy balance practicing effective hydration habits and understanding the various aspects of supplementation practices can help athletes improve their performance and increase their enjoyment of the sport
554,remote_dataset/fleurs_vi_en/train/vi/vi_00554.wav,remote_dataset/fleurs_vi_en/train/en/en_00554.wav,12.36,8.90,chạy cự ly trung bình là một môn thể thao tương đối rẻ tuy nhiên hiện có nhiều cách hiểu sai về những thiết bị cần thiết cho việc tham gia bộ môn này,middle distance running is a relatively inexpensive sport however there are many misconceptions regarding the few pieces of equipment required to participate
555,remote_dataset/fleurs_vi_en/train/vi/vi_00555.wav,remote_dataset/fleurs_vi_en/train/en/en_00555.wav,6.84,6.60,các sản phẩm có thể được mua nếu cần nhưng hầu như sẽ có rất ít hoặc không ảnh hưởng thực sự đến phong độ,products can be purchased as needed but most will have little or no real impact on performance
556,remote_dataset/fleurs_vi_en/train/vi/vi_00556.wav,remote_dataset/fleurs_vi_en/train/en/en_00556.wav,9.24,6.18,vận động viên có thể cảm thấy thích một sản phẩm nào đó ngay cả khi nó không mang lại lợi ích nào,athletes may feel that they prefer a product even when it provides no real benefits
557,remote_dataset/fleurs_vi_en/train/vi/vi_00557.wav,remote_dataset/fleurs_vi_en/train/en/en_00557.wav,5.40,6.06,nguyên tử có thể được xem là nền tảng cơ bản của mọi vật chất,the atom can be considered to be one of the fundamental building blocks of all matter
558,remote_dataset/fleurs_vi_en/train/vi/vi_00558.wav,remote_dataset/fleurs_vi_en/train/en/en_00558.wav,13.80,31.38,chiếu theo mô hình bohr giản hóa đây là một thực thể vô cùng phức tạp bao gồm một hạt nhân có các electron xoay quanh theo quỹ đạo gần giống như các hành tinh xoay quanh mặt trời xem hình 1.1,its a very complex entity which consists according to a simplified bohr model of a central nucleus orbited by electrons somewhat similar to planets orbiting the sun see figure 1.1
559,remote_dataset/fleurs_vi_en/train/vi/vi_00559.wav,remote_dataset/fleurs_vi_en/train/en/en_00559.wav,5.58,6.48,nhân gồm có hai loại hạt neutron và proton,the nucleus consists of two particles neutrons and protons
560,remote_dataset/fleurs_vi_en/train/vi/vi_00560.wav,remote_dataset/fleurs_vi_en/train/en/en_00560.wav,10.02,7.44,proton mang điện tích dương trong khi neutron không mang điện tích electron thì mang điện tích âm,protons have a positive electric charge while neutrons have no charge the electrons have a negative electric charge
561,remote_dataset/fleurs_vi_en/train/vi/vi_00561.wav,remote_dataset/fleurs_vi_en/train/en/en_00561.wav,9.24,12.30,khi kiểm tra nạn nhân bạn phải khảo sát hiện trường trước để bảo đảm an toàn cho bản thân,to check the victim you must first survey the scene to ensure your safety
562,remote_dataset/fleurs_vi_en/train/vi/vi_00562.wav,remote_dataset/fleurs_vi_en/train/en/en_00562.wav,8.76,6.66,bạn cần phải để ý vị trí của nạn nhân khi tiến lại gần họ và để ý xem có lá cờ đỏ nào không,you need to notice the victim's position as you approach him or her and any automatic red flags
563,remote_dataset/fleurs_vi_en/train/vi/vi_00563.wav,remote_dataset/fleurs_vi_en/train/en/en_00563.wav,4.92,6.90,nếu bạn bị tổn thương khi cố gắng giúp đỡ thì có lẽ bạn chỉ khiến vấn đề tồi tệ hơn,if you get hurt trying to help you may only serve to make matters worse
564,remote_dataset/fleurs_vi_en/train/vi/vi_00564.wav,remote_dataset/fleurs_vi_en/train/en/en_00564.wav,14.16,10.20,nghiên cứu chỉ ra rằng trầm cảm sợ hãi và rối loạn nhận thức gián tiếp là mối quan hệ giữa sự đau đớn và bất lực với những người bị đau phần lưng dưới,the study found that depression fear and catastrophising mediated the relationship between pain and disability in lower back pain sufferers
565,remote_dataset/fleurs_vi_en/train/vi/vi_00565.wav,remote_dataset/fleurs_vi_en/train/en/en_00565.wav,9.42,12.30,chỉ những tác động do tình trạng bi kịch hóa không phải là trầm cảm hay sợ hãi mới là đối tượng của các buổi hoạt động vật lý được thiết kế hàng tuần,only the effects of catastrophizing not depression and fear was conditional of regular weekly structured pa sessions
566,remote_dataset/fleurs_vi_en/train/vi/vi_00566.wav,remote_dataset/fleurs_vi_en/train/en/en_00566.wav,18.96,11.28,những người tham gia hoạt động bình thường đã yêu cầu sự giúp đỡ nhiều hơn trong nhận thức tiêu cực về việc phân biệt sự khác nhau của cơn đau giữa đau mãn tính và sự mất thoải mái trong hoạt động thể chất bình thường,those participating in regular activity required more support in terms of negative perception of pain distinguishing the differences of chronic pain and discomfort feel from normal physical movement
567,remote_dataset/fleurs_vi_en/train/vi/vi_00567.wav,remote_dataset/fleurs_vi_en/train/en/en_00567.wav,7.80,8.82,thị lực hay khả năng nhìn thấy phụ thuộc vào các cơ quan thụ cảm trong hệ thống thị giác hay mắt,vision or the ability to see depends on visual system sensory organs or eyes
568,remote_dataset/fleurs_vi_en/train/vi/vi_00568.wav,remote_dataset/fleurs_vi_en/train/en/en_00568.wav,9.54,7.12,có nhiều loại cấu trúc khác nhau của mắt với mức độ phức tạp tùy thuộc vào nhu cầu của sinh vật,there are many different constructions of eyes ranging in complexity depending on the requirements of the organism
569,remote_dataset/fleurs_vi_en/train/vi/vi_00569.wav,remote_dataset/fleurs_vi_en/train/en/en_00569.wav,19.68,12.66,các cấu trúc khác nhau có những khả năng khác nhau và có độ nhạy riêng với các bước sóng khác nhau và có các độ tinh khác nhau các cấu trúc này cũng yêu cầu quy trình xử lý khác nhau để thông tin đầu vào có ý nghĩa cũng như các con số khác nhau để hoạt động tối ưu,the different constructions have different capabilities are sensitive to different wave-lengths and have differing degrees of acuity also they require different processing to make sense of the input and different numbers to work optimally
570,remote_dataset/fleurs_vi_en/train/vi/vi_00570.wav,remote_dataset/fleurs_vi_en/train/en/en_00570.wav,9.78,8.64,một quần thể là tập hợp của nhiều sinh vật của một loài cụ thể trong một khu vực địa lí nhất định,a population is the collection of organisms of a particular species within a given geographic area
571,remote_dataset/fleurs_vi_en/train/vi/vi_00571.wav,remote_dataset/fleurs_vi_en/train/en/en_00571.wav,7.56,13.68,khi tất cả các cá thể trong một quần thể giống hệt nhau về một đặc điểm kiểu hình cụ thể thì chúng được gọi là đơn hình,when all individuals in a population are identical with regard to a particular phenotypic trait they are known as monomorphic
572,remote_dataset/fleurs_vi_en/train/vi/vi_00572.wav,remote_dataset/fleurs_vi_en/train/en/en_00572.wav,5.52,6.30,khi có người thể hiện nhiều biến dị của một đặc điểm cụ thể cho biết họ có tính cách đa hình,when the individuals show several variants of a particular trait they are polymorphic
573,remote_dataset/fleurs_vi_en/train/vi/vi_00573.wav,remote_dataset/fleurs_vi_en/train/en/en_00573.wav,6.84,5.10,kiến lê dương di chuyển và cũng làm tổ ở nhiều giai đoạn khác nhau,army ant colonies march and nest in different phases as well
574,remote_dataset/fleurs_vi_en/train/vi/vi_00574.wav,remote_dataset/fleurs_vi_en/train/en/en_00574.wav,11.10,7.68,trong giai đoạn di chuyển từ nơi này đến nơi khác kiến quân đội di chuyển vào ban đêm và dừng ở một nơi nào đó vào ban ngày,in the nomadic phase army ants march at night and stop to camp during the day
575,remote_dataset/fleurs_vi_en/train/vi/vi_00575.wav,remote_dataset/fleurs_vi_en/train/en/en_00575.wav,13.56,10.44,giai đoạn bầy đàn bắt đầu từ giai đoạn du mục khi thức ăn có sẵn suy giảm trong giai đoạn này bầy đàn tạo những chiếc tổ tạm thời thay đổi từng ngày,the colony begins a nomadic phase when available food has decreased during this phase the colony makes temporary nests that are changed everyday
576,remote_dataset/fleurs_vi_en/train/vi/vi_00576.wav,remote_dataset/fleurs_vi_en/train/en/en_00576.wav,6.12,7.02,mỗi chặng du mục hoặc hành quân này kéo dài đến xấp xỉ 17 ngày,each of these nomadic rampages or marches lasts for approximately 17 days
577,remote_dataset/fleurs_vi_en/train/vi/vi_00577.wav,remote_dataset/fleurs_vi_en/train/en/en_00577.wav,12.90,11.88,tế bào là gì từ tế bào bắt nguồn từ tiếng la-tinh cella nghĩa là căn phòng nhỏ và được sử dụng đầu tiên bởi một nhà nghiên cứu quan sát cấu trúc của gỗ bần dưới kính hiển vi,what is a cell the word cell comes from the latin word cella meaning small room and it was first coined by a microscopist observing the structure of cork
578,remote_dataset/fleurs_vi_en/train/vi/vi_00578.wav,remote_dataset/fleurs_vi_en/train/en/en_00578.wav,7.32,9.00,tế bào là đơn vị cơ bản trong các thực thể sống và tất cả các cơ quan được tạo thành từ một hay nhiều tế bào,the cell is the basic unit of all living things and all organisms are composed of one or more cells
579,remote_dataset/fleurs_vi_en/train/vi/vi_00579.wav,remote_dataset/fleurs_vi_en/train/en/en_00579.wav,10.98,10.92,tế bào là đối tượng căn bản và thiết yếu để nghiên cứu về sự sống cho nên chúng thường được gọi là những viên gạch xây nên sự sống,cells are so basic and critical to the study of life in fact that they are often referred to as the building blocks of life
581,remote_dataset/fleurs_vi_en/train/vi/vi_00581.wav,remote_dataset/fleurs_vi_en/train/en/en_00581.wav,9.42,17.28,những xung lực thần kinh này có thể được truyền đi nhanh chóng khắp cơ thể giúp giữ cho cơ thể an toàn khỏi mối nguy hiểm tiềm ẩn,these nerve impulses can be sent so quickly throughout the body which helps keep the body safe from any potential threat
582,remote_dataset/fleurs_vi_en/train/vi/vi_00582.wav,remote_dataset/fleurs_vi_en/train/en/en_00582.wav,9.00,6.96,so với những cơn bão cấp độ mạnh khác lốc xoáy tấn công một khu vực nhỏ hơn nhưng lại có thể phá huỷ mọi thứ trên đường di chuyển của chúng,tornadoes strike a small area compared to other violent storms but they can destroy everything in their path
583,remote_dataset/fleurs_vi_en/train/vi/vi_00583.wav,remote_dataset/fleurs_vi_en/train/en/en_00583.wav,10.14,9.96,cơn lốc nhổ bật gốc cây xé toạc bảng hiệu trên các tòa nhà và nhấc bổng những chiếc xe hơi lên trời hai phần trăm số cơn lốc dữ dội nhất có thể kéo dài đến hơn ba giờ,tornadoes uproot trees rip boards from buildings and fling cars up into the sky the most violent two percent of tornadoes last more than three hours
585,remote_dataset/fleurs_vi_en/train/vi/vi_00585.wav,remote_dataset/fleurs_vi_en/train/en/en_00585.wav,6.54,9.18,con người đã tạo ra và sử dụng thấu kính phóng đại trong hàng ngàn năm,humans have been making and using lenses for magnification for thousands and thousands of years
586,remote_dataset/fleurs_vi_en/train/vi/vi_00586.wav,remote_dataset/fleurs_vi_en/train/en/en_00586.wav,7.92,5.58,tuy nhiên chiếc kính viễn vọng thực sự đầu tiên được chế tạo tại châu âu vào cuối thế kỉ 16,however the first true telescopes were made in europe in the late 16th century
587,remote_dataset/fleurs_vi_en/train/vi/vi_00587.wav,remote_dataset/fleurs_vi_en/train/en/en_00587.wav,8.88,7.68,các kính viễn vọng này sử dụng kết hợp hai thấu kính để làm cho đối tượng cách xa xuất hiện gần hơn và to hơn,these telescopes used a combination of two lenses to make distant objects appear both nearer and larger
588,remote_dataset/fleurs_vi_en/train/vi/vi_00588.wav,remote_dataset/fleurs_vi_en/train/en/en_00588.wav,13.32,14.88,tham lam và ích kỷ luôn tồn tại trong chúng ta và nó là bản chất của sự kết hợp khi lợi nhuận luôn đạt được nhiều hơn trong một khoảng thời gian ngắn bằng những hành động ích kỷ,greed and selfishness will always be with us and it is the nature of cooperation that when the majority benefit there will always be more to gain in the short term by acting selfishly
589,remote_dataset/fleurs_vi_en/train/vi/vi_00589.wav,remote_dataset/fleurs_vi_en/train/en/en_00589.wav,7.92,6.54,hy vọng rằng hầu hết mọi người sẽ nhận ra lựa chọn dài hạn tốt nhất cho họ là hợp tác với người khác,hopefully most people will realise that their long term best option is to work together with others
590,remote_dataset/fleurs_vi_en/train/vi/vi_00590.wav,remote_dataset/fleurs_vi_en/train/en/en_00590.wav,17.40,14.16,nhiều người mơ ước đến ngày mà loài người có thể đi đến một vì sao khác và khám phá những thế giới khác một số người thắc mắc là có cái gì ở ngoài kia và một số người tin rằng người ngoài hành tinh hoặc những dạng sống khác có thể tồn tại ở một hành tinh khác,many people dream of the day when humans can travel to another star and explore other worlds some people wonder what's out there some belive that aliens or other life may live on another plant
591,remote_dataset/fleurs_vi_en/train/vi/vi_00591.wav,remote_dataset/fleurs_vi_en/train/en/en_00591.wav,9.90,10.32,nhưng nếu việc này xảy ra thì sẽ không xảy ra trong thời gian lâu dài những ngôi sao trải rộng đến mức có những ngôi sao gọi là hàng xóm cách xa nhau đến hàng nghìn tỷ dặm,but if this ever does happen probably won't happen for a very long time the stars are so spread out that there are trillions of miles between stars that are neighbors
592,remote_dataset/fleurs_vi_en/train/vi/vi_00592.wav,remote_dataset/fleurs_vi_en/train/en/en_00592.wav,10.92,7.38,biết đâu một ngày nào đó cháu chắt của bạn sẽ đứng trên một đỉnh núi ở một thế giới ngoài hành tinh và thắc mắc về tổ tiên thời cổ đại của chúng,maybe one day your great grandchildren will be standing atop an alien world wondering about their ancient ancestors
593,remote_dataset/fleurs_vi_en/train/vi/vi_00593.wav,remote_dataset/fleurs_vi_en/train/en/en_00593.wav,8.94,6.72,động vật được tạo nên từ tế bào chúng ăn và tiêu hóa thức ăn bên trong hầu hết các loài động vật có thể di chuyển,animals are made of many cells they eat things and digest them inside most animals can move
594,remote_dataset/fleurs_vi_en/train/vi/vi_00594.wav,remote_dataset/fleurs_vi_en/train/en/en_00594.wav,6.54,9.48,chỉ động vật có não mặc dù không phải tất cả các động vật đều có não; ví dụ như sứa không có não,only animals have brains though not even all animals do; jellyfish for example do not have brains
595,remote_dataset/fleurs_vi_en/train/vi/vi_00595.wav,remote_dataset/fleurs_vi_en/train/en/en_00595.wav,9.96,12.12,động vật sinh sống ở khắp nơi trên trái đất chúng đào hang trong lòng đất bơi dưới đại dương và bay trên bầu trời,animals are found all over the earth they dig in the ground swim in the oceans and fly in the sky
596,remote_dataset/fleurs_vi_en/train/vi/vi_00596.wav,remote_dataset/fleurs_vi_en/train/en/en_00596.wav,7.62,7.08,tế bào là đơn vị chức năng và cấu tạo nhỏ nhất trong cơ thể vật sống,a cell is the smallest structural and functional unit of a living things organism
597,remote_dataset/fleurs_vi_en/train/vi/vi_00597.wav,remote_dataset/fleurs_vi_en/train/en/en_00597.wav,6.30,5.76,từ cell xuất phát từ chữ cella trong tiếng latinh có nghĩa là căn phòng nhỏ,cell comes from the latin word cella which means small room
598,remote_dataset/fleurs_vi_en/train/vi/vi_00598.wav,remote_dataset/fleurs_vi_en/train/en/en_00598.wav,10.68,7.80,nếu quan sát những sinh vật sống dưới kính hiển vi bạn sẽ thấy rằng chúng được tạo nên bởi những khối vuông hoặc những quả cầu nhỏ,if you look at living things under a microscope you will see that they are made of small squares or balls
599,remote_dataset/fleurs_vi_en/train/vi/vi_00599.wav,remote_dataset/fleurs_vi_en/train/en/en_00599.wav,9.24,6.90,robert hooke nhà sinh vật học người anh nhìn thấy những khối vuông nhỏ trong gỗ bần khi quan sát dưới kính hiển vi,robert hooke a biologist from england saw small squares in cork with a microscope
600,remote_dataset/fleurs_vi_en/train/vi/vi_00600.wav,remote_dataset/fleurs_vi_en/train/en/en_00600.wav,5.28,4.80,chúng nhìn giống những căn phòng ông là người đầu tiên quan sát được tế bào chết,they looked like rooms he was the first person to observe dead cells
601,remote_dataset/fleurs_vi_en/train/vi/vi_00601.wav,remote_dataset/fleurs_vi_en/train/en/en_00601.wav,8.40,6.06,các nguyên tố và hợp chất có thể chuyển từ trạng thái này qua trạng thái khác mà vẫn không thay đổi,elements and compounds can move from one state to another and not change
602,remote_dataset/fleurs_vi_en/train/vi/vi_00602.wav,remote_dataset/fleurs_vi_en/train/en/en_00602.wav,6.36,8.78,ni-tơ dạng khí có cùng tính chất như ni-tơ dạng lỏng trạng thái lỏng đặc hơn nhưng phân tử thì giống nhau,nitrogen as a gas still has the same properties as liquid nitrogen the liquid state is denser but the molecules are still the same
603,remote_dataset/fleurs_vi_en/train/vi/vi_00603.wav,remote_dataset/fleurs_vi_en/train/en/en_00603.wav,10.20,9.30,nước là một ví dụ khác hợp chất nước được tạo thành từ hai nguyên tử hydro và một nguyên tử oxy,water is another example the compound water is made up of two hydrogen atoms and one oxygen atom
604,remote_dataset/fleurs_vi_en/train/vi/vi_00604.wav,remote_dataset/fleurs_vi_en/train/en/en_00604.wav,7.86,5.88,nó có cùng cấu trúc phân tử bất luận ở thể khí thể rắn hay thể lỏng,it has the same molecular structure whether it is a gas liquid or solid
605,remote_dataset/fleurs_vi_en/train/vi/vi_00605.wav,remote_dataset/fleurs_vi_en/train/en/en_00605.wav,6.24,6.78,mặc dù trạng thái vật lí có thay đổi nhưng trạng thái hóa học vẫn giữ nguyên,although its physical state may change its chemical state remains the same
606,remote_dataset/fleurs_vi_en/train/vi/vi_00606.wav,remote_dataset/fleurs_vi_en/train/en/en_00606.wav,10.08,8.28,thời gian là thứ luôn xoay quanh chúng ta và ảnh hưởng mọi hành động của chúng ta nhưng cũng rất khó để hiểu,time is something that is all around us and affects everything we do yet is difficult to understand
607,remote_dataset/fleurs_vi_en/train/vi/vi_00607.wav,remote_dataset/fleurs_vi_en/train/en/en_00607.wav,6.48,6.96,các học giả tôn giáo triết học và khoa học đã nghiên cứu về thời gian trong hàng nghìn năm,time has been studied by religious philosophical and scientific scholars for thousands of years
608,remote_dataset/fleurs_vi_en/train/vi/vi_00608.wav,remote_dataset/fleurs_vi_en/train/en/en_00608.wav,9.36,7.08,chúng ta chứng nghiệm thời gian qua một loạt sự kiện từ tương lai chuyển qua hiện tại và trở thành quá khứ,we experience time as a series of events passing from the future through the present to the past
609,remote_dataset/fleurs_vi_en/train/vi/vi_00609.wav,remote_dataset/fleurs_vi_en/train/en/en_00609.wav,8.40,5.16,thời gian cũng là cách mà chúng ta chuẩn bị cho thời lượng độ dài của sự kiện,time is also how we compare the duration length of events
610,remote_dataset/fleurs_vi_en/train/vi/vi_00610.wav,remote_dataset/fleurs_vi_en/train/en/en_00610.wav,13.20,10.26,bạn có thể tự mình đánh dấu thời gian trôi qua bằng cách quan sát chu kỳ của sự kiện tuần hoàn sự kiện tuần hoàn là điều gì đó xảy ra lặp đi lặp lại đều đặn,you can mark the passing of time yourself by observing the repetition of a cyclical event a cyclical event is something that happens again and again regularly
611,remote_dataset/fleurs_vi_en/train/vi/vi_00611.wav,remote_dataset/fleurs_vi_en/train/en/en_00611.wav,5.70,4.54,máy tính ngày nay được dùng để thao tác hình ảnh và video,computers today are used to manipulate pictures and videos
612,remote_dataset/fleurs_vi_en/train/vi/vi_00612.wav,remote_dataset/fleurs_vi_en/train/en/en_00612.wav,13.08,9.30,hoạt hình phức tạp có thể được thực hiện trên máy vi tính và thể loại hoạt hình này ngày càng được sử dụng nhiều hơn trên truyền hình và trong phim ảnh,sophisticated animations can be constructed on computers and this kind of animation is increasingly being used in television and films
613,remote_dataset/fleurs_vi_en/train/vi/vi_00613.wav,remote_dataset/fleurs_vi_en/train/en/en_00613.wav,6.06,6.00,âm nhạc thường được ghi lại bằng cách sử dụng những máy tính chuyên dụng để xử lý và phối trộn âm thanh lại với nhau,music is often recorded using sophisticated computers to process and mix sounds together
614,remote_dataset/fleurs_vi_en/train/vi/vi_00614.wav,remote_dataset/fleurs_vi_en/train/en/en_00614.wav,15.90,11.58,trong khoảng thời gian dài ở thế kỷ xix và xx người ta cho rằng những cư dân đầu tiên của new zealand là người maori những người săn bắn loài chim khổng lồ mang tên moa,for a long time during the nineteenth and twentieth centuries it was believed the first inhabitants of new zealand were the maori people who hunted giant birds called moas
616,remote_dataset/fleurs_vi_en/train/vi/vi_00616.wav,remote_dataset/fleurs_vi_en/train/en/en_00616.wav,14.76,12.60,tuy nhiên bằng chứng mới cho thấy moriori là nhóm người maori lục địa di cư từ new zealand sang quần đảo chatham phát triển văn hóa hòa bình độc đáo của riêng họ,however new evidence suggests that the moriori were a group of mainland maori who migrated from new zealand to the chatham islands developing their own distinctive peaceful culture
618,remote_dataset/fleurs_vi_en/train/vi/vi_00618.wav,remote_dataset/fleurs_vi_en/train/en/en_00618.wav,11.58,9.00,họ tự gọi mình là moriori một số cuộc giao tranh đã xảy ra và cuối cùng người moriori bị xóa sổ,they called themselves the moriori there were a few skirmishes and in the end the moriori were wiped out
619,remote_dataset/fleurs_vi_en/train/vi/vi_00619.wav,remote_dataset/fleurs_vi_en/train/en/en_00619.wav,13.14,8.48,các cá nhân đã tham gia trong nhiều thập kỷ giúp chúng tôi đánh giá năng lực và niềm đam mê của bản thân nhưng cũng đánh giá thẳng thắn về khó khăn cũng như thất bại,individuals who had been involved for several decades helped us appreciate our strengths and passions while candidly assessing difficulties and even failures
620,remote_dataset/fleurs_vi_en/train/vi/vi_00620.wav,remote_dataset/fleurs_vi_en/train/en/en_00620.wav,18.00,16.20,khi lắng nghe người khác chia sẻ câu chuyện của bản thân gia đình và tổ chức của họ chúng ta thu thập được những kiến thức quý báu về quá khứ và một số nhân vật có ảnh hưởng tốt hay xấu đến văn hóa của tổ chức đó,while listening to individuals share their individual family and organizational stories we gained valuable insight into the past and some of the personalities who influenced for good or ill the culture of the organization
621,remote_dataset/fleurs_vi_en/train/vi/vi_00621.wav,remote_dataset/fleurs_vi_en/train/en/en_00621.wav,12.06,10.20,mặc dù sự hiểu biết về một lịch sử của người nào đó không có nghĩa mang lại sự hiểu biết về văn hóa nhưng ít nhất nó cũng giúp mọi người hiểu được tình hình trong bối cảnh lịch sử của tổ chức,while understanding one's history does not assume understanding of culture it does at least help people gain a sense of where they fall within the history of the organization
622,remote_dataset/fleurs_vi_en/train/vi/vi_00622.wav,remote_dataset/fleurs_vi_en/train/en/en_00622.wav,13.80,12.06,trong quá trình đánh giá những thành công và nhận thức về những thất bại mỗi cá nhân và tất cả những người tham gia sẽ khám phá nhiều hơn về các giá trị sứ mệnh và các lực lượng điều khiển của tổ chức này,while assessing the successes and becoming aware of failures individuals and the whole of the participating persons discover more deeply the values mission and driving forces of the organization
623,remote_dataset/fleurs_vi_en/train/vi/vi_00623.wav,remote_dataset/fleurs_vi_en/train/en/en_00623.wav,13.08,13.50,trong trường hợp này việc gợi nhớ lại những trường hợp trước đó về hoạt động khởi nghiệp và kết quả thành công đã giúp mọi người cởi mở hơn đối với những thay đổi và hướng đi mới cho nhà thờ địa phương,in this instance recalling previous instances of entrepreneurial behavior and resulting successes helped people to be open to new changes and new direction for the local church
624,remote_dataset/fleurs_vi_en/train/vi/vi_00624.wav,remote_dataset/fleurs_vi_en/train/en/en_00624.wav,7.32,7.92,những câu chuyện thành công như vậy đã làm giảm những nỗi sợ về sự thay đổi trong khi tạo nên những khuynh hướng tích cực về sự thay đổi trong tương lai,such success stories lessened the fears of change while creating positive inclinations toward change in the future
625,remote_dataset/fleurs_vi_en/train/vi/vi_00625.wav,remote_dataset/fleurs_vi_en/train/en/en_00625.wav,11.46,15.00,tư duy hội tụ là kỹ thuật giải quyết vấn đề bằng cách kết hợp các ý tưởng hoặc lĩnh vực khác nhau để tìm ra giải pháp,convergent thinking patterns are problem solving techniques that unite different ideas or fields to find a solution
626,remote_dataset/fleurs_vi_en/train/vi/vi_00626.wav,remote_dataset/fleurs_vi_en/train/en/en_00626.wav,14.70,11.58,sự tập trung tâm trí là tốc độ sự hợp lý và tính chính xác cũng như sự xác định thực tế áp dụng lại các kỹ thuật có sẵn thu thập thông tin,the focus of this mindset is speed logic and accuracy also identification of facts reapplying existing techniques gathering information
627,remote_dataset/fleurs_vi_en/train/vi/vi_00627.wav,remote_dataset/fleurs_vi_en/train/en/en_00627.wav,7.68,8.64,yếu tố quan trọng nhất của tư duy này là chỉ có một câu trả lời đúng bạn chỉ được nghĩ tới hai câu trả lời đúng hoặc sai,the most important factor of this mindset is there is only one correct answer you only think of two answers namely right or wrong
628,remote_dataset/fleurs_vi_en/train/vi/vi_00628.wav,remote_dataset/fleurs_vi_en/train/en/en_00628.wav,4.62,5.82,kiểu suy nghĩ này liên quan đến một môn khoa học hoặc quy trình chuẩn nhất định,this type of thinking is associated with certain science or standard procedures
629,remote_dataset/fleurs_vi_en/train/vi/vi_00629.wav,remote_dataset/fleurs_vi_en/train/en/en_00629.wav,9.48,9.30,những người có lối suy nghĩ này có khả năng suy luận ghi nhớ khuôn mẫu giải quyết vấn đề và thực hiện những thử nghiệm khoa học,people with this type of thinking have logical thinking are able to memorize patterns solve problems and work on scientific tests
630,remote_dataset/fleurs_vi_en/train/vi/vi_00630.wav,remote_dataset/fleurs_vi_en/train/en/en_00630.wav,6.12,7.38,cho đến nay con người là loài giỏi nhất trong việc đọc suy nghĩ của người khác,humans are by far the most talented species in reading the minds of others
631,remote_dataset/fleurs_vi_en/train/vi/vi_00631.wav,remote_dataset/fleurs_vi_en/train/en/en_00631.wav,8.46,8.70,điều đó có nghĩa là chúng ta có thể dự đoán được những gì người khác nhận thức dự định tin tưởng biết hoặc mong muốn,that means we are able to successfully predict what other humans perceive intend believe know or desire
632,remote_dataset/fleurs_vi_en/train/vi/vi_00632.wav,remote_dataset/fleurs_vi_en/train/en/en_00632.wav,13.32,18.96,trong những khả năng này hiểu được ý định của người khác là rất quan trọng nó giúp chúng ta giải quyết những sự mơ hồ có thể có của hành động lý tính,among these abilities understanding the intention of others is crucial it allows us to resolve possible ambiguities of physical actions
633,remote_dataset/fleurs_vi_en/train/vi/vi_00633.wav,remote_dataset/fleurs_vi_en/train/en/en_00633.wav,7.26,8.94,ví dụ khi bạn nhìn thấy ai đó làm vỡ kính xe hơi bạn có thể giả định là anh ta đang muốn trộm xe của một người lạ,for example if you were to see someone breaking a car window you would probably assume he was trying to steal a stranger's car
634,remote_dataset/fleurs_vi_en/train/vi/vi_00634.wav,remote_dataset/fleurs_vi_en/train/en/en_00634.wav,12.00,9.00,sẽ cần phải phán xét anh ta theo cách khác nếu anh ta bị mất chìa khóa xe và anh ta chỉ cố gắng đột nhập vào chiếc xe của chính mình,he would need to be judged differently if he had lost his car keys and it was his own car that he was trying to break into
635,remote_dataset/fleurs_vi_en/train/vi/vi_00635.wav,remote_dataset/fleurs_vi_en/train/en/en_00635.wav,19.56,15.06,mri dựa trên một hiện tượng vật lý được gọi là hưởng từ hạt nhân nmr được phát hiện bởi felix bloch làm việc tại đại học stanford và edward purcell đến từ đại học harvard vào những năm 1930,mri is based on a physics phenomenon called nuclear magnetic resonance nmr which was discovered in the 1930s by felix bloch working at stanford university and edward purcell from harvard university
636,remote_dataset/fleurs_vi_en/train/vi/vi_00636.wav,remote_dataset/fleurs_vi_en/train/en/en_00636.wav,7.26,7.98,trong sự cộng hưởng này lực từ trường và sóng vô tuyến tạo nên các nguyên tử phát ra những tín hiệu vô tuyến siêu nhỏ,in this resonance magnetic field and radio waves cause atoms to give off tiny radio signals
637,remote_dataset/fleurs_vi_en/train/vi/vi_00637.wav,remote_dataset/fleurs_vi_en/train/en/en_00637.wav,14.76,13.74,vào năm 1970 raymond damadian một bác sĩ y khoa đồng thời là nhà nghiên cứu khoa học đã tìm ra cơ sở cho việc sử dụng hình ảnh cộng hưởng từ làm công cụ chẩn đoán y khoa,in the year 1970 raymond damadian a medical doctor and research scientist discovered the basis for using magnetic resonance imaging as a tool for medical diagnosis
638,remote_dataset/fleurs_vi_en/train/vi/vi_00638.wav,remote_dataset/fleurs_vi_en/train/en/en_00638.wav,6.84,8.28,bốn năm sau phát minh này được cấp bằng sáng chế đây là bằng sáng chế đầu tiên trên thế giới được cấp cho lĩnh vực mri,four years later a patent was granted which was the world's first patent issued in the field of mri
639,remote_dataset/fleurs_vi_en/train/vi/vi_00639.wav,remote_dataset/fleurs_vi_en/train/en/en_00639.wav,10.26,9.84,năm 1977 tiến sĩ damadian đã hoàn thành công trình máy quét mri toàn thân đầu tiên cái mà ông gọi là bất khuất,in 1977 dr damadian completed the construction of the first whole-body mri scanner which he called the indomitable
640,remote_dataset/fleurs_vi_en/train/vi/vi_00640.wav,remote_dataset/fleurs_vi_en/train/en/en_00640.wav,7.38,5.94,phương pháp giao tiếp bất đồng bộ khuyến khích dành thời gian để suy nghĩ và phản ứng lại người khác,asynchronous communication encourages time for reflection and reaction to others
641,remote_dataset/fleurs_vi_en/train/vi/vi_00641.wav,remote_dataset/fleurs_vi_en/train/en/en_00641.wav,10.02,8.40,phương pháp này giúp học sinh học tập ở nhịp độ phù hợp theo khả năng của bản thân và kiểm soát nhịp độ lãnh hội thông tin được truyền đạt,it allows students the ability to work at their own pace and control the pace of instructional information
642,remote_dataset/fleurs_vi_en/train/vi/vi_00642.wav,remote_dataset/fleurs_vi_en/train/en/en_00642.wav,10.44,11.76,ngoài ra giới hạn thời gian cũng giảm đi vì có thể sắp xếp linh hoạt giờ làm việc. bremer 1998,in addition there are fewer time restrictions with the possibility of flexible working hours. bremer 1998
643,remote_dataset/fleurs_vi_en/train/vi/vi_00643.wav,remote_dataset/fleurs_vi_en/train/en/en_00643.wav,6.78,11.64,việc sử dụng mạng internet và hệ thống web giúp người học tiếp cận thông tin mọi lúc,the use of the internet and the world wide web allows learners to have access to information at all times
644,remote_dataset/fleurs_vi_en/train/vi/vi_00644.wav,remote_dataset/fleurs_vi_en/train/en/en_00644.wav,10.32,10.56,học sinh cũng có thể gửi những thắc mắc đến giáo viên vào bất cứ lúc nào trong ngày và sẽ được trả lời khá nhanh chóng thay vì phải chờ đến lần gặp mặt kế tiếp,students can also submit questions to instructors at any time of day and expect reasonably quick responses rather than waiting until the next face-to-face meeting
645,remote_dataset/fleurs_vi_en/train/vi/vi_00645.wav,remote_dataset/fleurs_vi_en/train/en/en_00645.wav,8.40,7.56,cách tiếp cận hậu hiện đại với việc học giúp thoát khỏi chủ nghĩa tuyệt đối không chỉ có một cách học tốt duy nhất,the postmodern approach to learning offers the freedom from absolutes there is no one good way to learn
646,remote_dataset/fleurs_vi_en/train/vi/vi_00646.wav,remote_dataset/fleurs_vi_en/train/en/en_00646.wav,9.30,10.26,thật ra chẳng có thứ gì hay để học việc học diễn ra trong kinh nghiệm giữa người học và kiến thức được trình bày,in fact there is not one good thing to learn.learning takes place in the experience between the learner and the knowledge presented
647,remote_dataset/fleurs_vi_en/train/vi/vi_00647.wav,remote_dataset/fleurs_vi_en/train/en/en_00647.wav,10.02,10.44,kinh nghiệm hiện tại của chúng ta với tất cả các chương trình tự tay làm nấy và các chương trình thông tin học tập minh chứng điểm này,our current experience with all the do-it-yourself and information presenting learning-based television shows illustrates this point
648,remote_dataset/fleurs_vi_en/train/vi/vi_00648.wav,remote_dataset/fleurs_vi_en/train/en/en_00648.wav,12.72,10.26,nhiều người trong chúng ta thấy bản thân xem chương trình truyền hình dạy ta kiến thức về một quá trình hoặc trải nghiệm nào đó mà ta sẽ không bao giờ tham gia hoặc áp dụng,so many of us find ourselves watching a television show that informs us of a process or experience in which we will never participate or apply that knowledge
649,remote_dataset/fleurs_vi_en/train/vi/vi_00649.wav,remote_dataset/fleurs_vi_en/train/en/en_00649.wav,16.02,10.14,chúng tôi sẽ không bao giờ đại tu một chiếc xe xây một vòi phun nước ở sân sau đi du lịch peru để thám hiểm các tàn tích cổ đại hoặc sửa sang nhà của hàng xóm,we will never overhaul a car build a fountain in our backyard travel to peru to examine ancient ruins or remodel our neighbour's house
650,remote_dataset/fleurs_vi_en/train/vi/vi_00650.wav,remote_dataset/fleurs_vi_en/train/en/en_00650.wav,13.62,11.04,nhờ có liên kết cáp quang dưới biển đến châu âu và vệ tinh băng thông rộng greenland kết nối tốt với 93% dân số có truy cập internet,thanks to undersea fiber optic cable links to europe and broadband satellite greenland is well connected with 93% of the population having internet access
651,remote_dataset/fleurs_vi_en/train/vi/vi_00651.wav,remote_dataset/fleurs_vi_en/train/en/en_00651.wav,13.56,13.92,khách sạn và nhà trọ nếu ở nhà khách hoặc nhà riêng đều có wifi hoặc pc kết nối internet và tất cả khu dân cư đều có quán cà phê internet hoặc một số nơi có wifi công cộng,your hotel or hosts if staying in a guesthouse or private home will likely have wifi or an internet connected pc and all settlements have an internet cafe or some location with public wifi
652,remote_dataset/fleurs_vi_en/train/vi/vi_00652.wav,remote_dataset/fleurs_vi_en/train/en/en_00652.wav,16.68,13.56,như đã đề cập ở trên mặc dù từ eskimo vẫn được chấp nhận ở hoa kỳ nhưng nhiều người bắc cực không phải người mỹ coi đó là từ ngữ có tính cách miệt thị nhất là ở canada,as mentioned above though the word eskimo remains acceptable in the united states it is considered pejorative by many non-u.s. arctic peoples especially in canada
653,remote_dataset/fleurs_vi_en/train/vi/vi_00653.wav,remote_dataset/fleurs_vi_en/train/en/en_00653.wav,7.86,8.46,mặc dù bạn có thể nghe thấy người bản địa greenland dùng từ này nhưng người nước ngoài nên tránh sử dụng,while you may hear the word used by greenlandic natives its use should be avoided by foreigners
654,remote_dataset/fleurs_vi_en/train/vi/vi_00654.wav,remote_dataset/fleurs_vi_en/train/en/en_00654.wav,12.18,14.46,các cư dân bản địa tại greenland tự xưng là người inuit ở canada và kalaalleq kalaallit hay người greenland tại greenland,the native inhabitants of greenland call themselves inuit in canada and kalaalleq plural kalaallit a greenlander in greenland
655,remote_dataset/fleurs_vi_en/train/vi/vi_00655.wav,remote_dataset/fleurs_vi_en/train/en/en_00655.wav,10.14,8.88,tội phạm và ác ý nhắm đến người nước ngoài nói chung hầu như không có tại greenland ngay cả trong các thị trấn không hề có những khu tệ nạn,crime and ill-will toward foreigners in general is virtually unknown in greenland even in the towns there are no rough areas
656,remote_dataset/fleurs_vi_en/train/vi/vi_00656.wav,remote_dataset/fleurs_vi_en/train/en/en_00656.wav,7.14,6.18,thời tiết lạnh có lẽ là mối nguy hiểm thực thụ duy nhất mà người thiếu chuẩn bị sẽ gặp phải,cold weather is perhaps the only real danger the unprepared will face
657,remote_dataset/fleurs_vi_en/train/vi/vi_00657.wav,remote_dataset/fleurs_vi_en/train/en/en_00657.wav,10.92,9.90,nếu bạn đến thăm greenland vào mùa đông vì càng đi xa lên hướng bắc thì sẽ càng lạnh nhất thiết phải mang theo quần áo giữ ấm,if you visit greenland during cold seasons considering that the further north you go the colder it will be it is essential to bring warm enough clothing
658,remote_dataset/fleurs_vi_en/train/vi/vi_00658.wav,remote_dataset/fleurs_vi_en/train/en/en_00658.wav,9.36,6.40,những ngày rất dài vào mùa hè có thể dẫn đến những vấn đề liên quan đến giấc ngủ đầy đủ và các vấn đề sức khỏe khác,the very long days in the summer can lead to problems getting sufficient sleep and associated health issues
659,remote_dataset/fleurs_vi_en/train/vi/vi_00659.wav,remote_dataset/fleurs_vi_en/train/en/en_00659.wav,8.04,19.44,vào mùa hè cũng nên coi chừng loài muỗi bắc âu mặc dù không lây truyền bệnh chúng vẫn có thể gây khó chịu,during the summer also watch out for the nordic mosquitoes although they do not transmit any diseases they can be irritating
660,remote_dataset/fleurs_vi_en/train/vi/vi_00660.wav,remote_dataset/fleurs_vi_en/train/en/en_00660.wav,10.86,11.88,khi nền kinh tế của san francisco gắn liền với việc đó là nơi thu hút khách du lịch đẳng cấp quốc tế nền kinh tế của nó đa dạng hóa,while san francisco's economy is linked to it being a world-class tourist attraction its economy is diversified
661,remote_dataset/fleurs_vi_en/train/vi/vi_00661.wav,remote_dataset/fleurs_vi_en/train/en/en_00661.wav,6.24,7.26,các khu vực tuyển dụng lớn nhất là dịch vụ chuyên ngành cơ quan chính phủ tài chính thương mại và du lịch,the largest employment sectors are professional services government finance trade and tourism
662,remote_dataset/fleurs_vi_en/train/vi/vi_00662.wav,remote_dataset/fleurs_vi_en/train/en/en_00662.wav,15.00,7.88,việc thường xuyên xuất hiện trong âm nhạc phim ảnh văn chương và văn hóa phổ thông đã giúp cho thành phố và những danh lam thắng cảnh được biết đến trên khắp thế giới,its frequent portrayal in music films literature and popular culture has helped make the city and its landmarks known throughout the world
663,remote_dataset/fleurs_vi_en/train/vi/vi_00663.wav,remote_dataset/fleurs_vi_en/train/en/en_00663.wav,12.72,7.92,san francisco đã phát triển cơ sở hạ tầng du lịch rộng lớn với nhiều khách sạn nhà hàng và cơ sở hội nghị cao cấp,san francisco has developed a large tourist infrastructure with numerous hotels restaurants and top-notch convention facilities
664,remote_dataset/fleurs_vi_en/train/vi/vi_00664.wav,remote_dataset/fleurs_vi_en/train/en/en_00664.wav,15.18,10.38,san francisco cũng là một trong những địa điểm trong nước tốt nhất để thưởng thức những nền ẩm thực châu á khác chẳng hạn như ẩm thực hàn quốc thái lan ấn độ và nhật bản,san francisco is also one of the best places in the nation for other asian cuisine korean thai indian and japanese
665,remote_dataset/fleurs_vi_en/train/vi/vi_00665.wav,remote_dataset/fleurs_vi_en/train/en/en_00665.wav,8.16,7.14,đối với nhiều gia đình mỹ hành trình du lịch tới walt disney world chính là một cuộc hành hương lớn,traveling to walt disney world represents a major pilgrimage for many american families
666,remote_dataset/fleurs_vi_en/train/vi/vi_00666.wav,remote_dataset/fleurs_vi_en/train/en/en_00666.wav,16.62,11.58,chuyến thăm quan điển hình bao gồm bay đến sân bay quốc tế orlando đi xe buýt về một khách sạn ở disney ở chơi khoảng một tuần mà không rời khỏi nơi cư ngụ tại disney và trở về nhà,the typical visit involves flying into orlando international airport busing to an on-site disney hotel spending about a week without leaving disney property and returning home
667,remote_dataset/fleurs_vi_en/train/vi/vi_00667.wav,remote_dataset/fleurs_vi_en/train/en/en_00667.wav,10.02,16.14,có thể có vô số biến thể nhưng điều này vẫn là ý của hầu hết mọi người khi họ nói về đi thế giới disney,there are infinite variations possible but this remains what most people mean when they talk of going to disney world
668,remote_dataset/fleurs_vi_en/train/vi/vi_00668.wav,remote_dataset/fleurs_vi_en/train/en/en_00668.wav,10.62,9.72,rất nhiều vé bán trực tuyến trên các website đấu giá như ebay hoặc craigslist là loại vé hopper dùng một phần trong nhiều ngày,many tickets sold online through auction websites such as ebay or craigslist are partially used multi-day park-hopper tickets
669,remote_dataset/fleurs_vi_en/train/vi/vi_00669.wav,remote_dataset/fleurs_vi_en/train/en/en_00669.wav,7.80,9.36,dù đây là hoạt động rất phổ biến nhưng disney vẫn cấm vé không được sang nhượng,while this is a very common activity it is prohibited by disney the tickets are non-transferable
670,remote_dataset/fleurs_vi_en/train/vi/vi_00670.wav,remote_dataset/fleurs_vi_en/train/en/en_00670.wav,10.56,7.80,bất kể cuộc cắm trại nào dưới vành đai grand canyon đều yêu cầu có giấy phép cho khu vực ít người,any camping below the rim in grand canyon requires a backcountry permit
671,remote_dataset/fleurs_vi_en/train/vi/vi_00671.wav,remote_dataset/fleurs_vi_en/train/en/en_00671.wav,10.26,8.82,giấy phép được cấp với số lượng hạn chế để bảo vệ hẻm núi và chỉ được phục vụ vào ngày đầu tiên của tháng bốn tháng trước tháng khởi hành,permits are limited to protect the canyon and become available on the 1st day of the month four months prior to the start month
672,remote_dataset/fleurs_vi_en/train/vi/vi_00672.wav,remote_dataset/fleurs_vi_en/train/en/en_00672.wav,10.44,8.46,do đó giấy phép lao động tại vùng nông thôn cho bất kỳ ngày bắt đầu nào trong tháng năm sẽ có vào ngày 1 tháng giêng,thus a backcountry permit for any start date in may becomes available on 1 jan
673,remote_dataset/fleurs_vi_en/train/vi/vi_00673.wav,remote_dataset/fleurs_vi_en/train/en/en_00673.wav,14.40,12.84,thông thường ngay từ ngày đầu tiên tiếp nhận yêu cầu xin cấp giấy phép không gian cắm trại tại các khu vực phổ biến như khu cắm trại bright angel gần phantom ranch đã kín đơn đăng ký cấp giấy phép,space for the most popular areas such as the bright angel campground adjacent to phantom ranch generally fill up by the requests received on first date they are opened to reservations
674,remote_dataset/fleurs_vi_en/train/vi/vi_00674.wav,remote_dataset/fleurs_vi_en/train/en/en_00674.wav,10.50,11.58,giấy phép cấp cho những yêu cầu không hẹn trước chỉ có số lượng giới hạn và ai đến trước thì được phục vụ trước,there are a limited number permits reserved for walk-in requests available on a first come first served basis
675,remote_dataset/fleurs_vi_en/train/vi/vi_00675.wav,remote_dataset/fleurs_vi_en/train/en/en_00675.wav,10.98,8.08,đi xe hơi vào vùng phía nam châu phi là một cách tuyệt vời để thưởng ngoạn toàn bộ vẻ đẹp của khu vực này cũng như để đến những địa điểm ngoài các tuyến du lịch thông thường,entering southern africa by car is an amazing way to see all the region's beauty as well as to get to places off the normal tourist routes
676,remote_dataset/fleurs_vi_en/train/vi/vi_00676.wav,remote_dataset/fleurs_vi_en/train/en/en_00676.wav,15.96,13.74,điều này có thể thực hiện được bằng một chiếc xe bình thường nếu có kế hoạch cẩn thận nhưng bạn rất nên sử dụng loại xe 4 bánh và nhiều địa điểm chỉ có thể đến được bằng xe 4 bánh có bánh cao,this can be done in a normal car with careful planning but a 4x4 is highly advised and many locations are only accessible with a high wheel base 4x4
677,remote_dataset/fleurs_vi_en/train/vi/vi_00677.wav,remote_dataset/fleurs_vi_en/train/en/en_00677.wav,10.44,9.42,khi bạn lập kế hoạch hãy nhớ rằng mặc dù nam phi là một nơi ổn định không phải tất cả các nước láng giềng của họ đều như vậy,keep in mind while planning that although southern africa is stable not all neighboring countries are
678,remote_dataset/fleurs_vi_en/train/vi/vi_00678.wav,remote_dataset/fleurs_vi_en/train/en/en_00678.wav,9.48,8.58,yêu cầu và chi phí thị thực khác nhau tùy theo quốc gia và chịu ảnh hưởng bởi quốc gia mà bạn đến từ,visa requirements and costs vary from nation to nation and are affected by the country you come from
679,remote_dataset/fleurs_vi_en/train/vi/vi_00679.wav,remote_dataset/fleurs_vi_en/train/en/en_00679.wav,5.94,7.20,mỗi quốc gia có luật riêng bắt buộc mang theo những đồ khẩn cấp gì trong xe hơi,each country also has unique laws requiring what emergency items need to be in the car
680,remote_dataset/fleurs_vi_en/train/vi/vi_00680.wav,remote_dataset/fleurs_vi_en/train/en/en_00680.wav,10.38,9.72,victoria falls là thị trấn nằm tại phía tây zimbabwe ở bên kia biên giới với thành phố livingstone của zambia và gần botswana,victoria falls is a town in the western portion of zimbabwe across the border from livingstone zambia and near botswana
682,remote_dataset/fleurs_vi_en/train/vi/vi_00682.wav,remote_dataset/fleurs_vi_en/train/en/en_00682.wav,9.24,8.76,vào mùa mưa tháng 11 đến tháng 3 mực nước sẽ cao hơn và mùa thu sẽ trở nên kịch tính hơn nữa,in the rainy season november to march the water volume will be higher and the falls will be more dramatic
683,remote_dataset/fleurs_vi_en/train/vi/vi_00683.wav,remote_dataset/fleurs_vi_en/train/en/en_00683.wav,7.44,6.72,bạn đảm bảo sẽ bị ướt nếu đi qua cầu hoặc đi bộ dọc theo các con đường quanh co gần thác nước,you are guaranteed to get wet if you cross the bridge or walk along the trails winding near the falls
684,remote_dataset/fleurs_vi_en/train/vi/vi_00684.wav,remote_dataset/fleurs_vi_en/train/en/en_00684.wav,5.52,8.70,mặt khác chính xác là do lượng nước quá cao nên tầm nhìn thác của bạn sẽ bị nước che khuất,on the other hand it is precisely because the volume of water is so high that your viewing of the actual falls will be obscured-by all the water
685,remote_dataset/fleurs_vi_en/train/vi/vi_00685.wav,remote_dataset/fleurs_vi_en/train/en/en_00685.wav,21.18,19.32,mộ của tutankhamun kv62. kv62 có thể là ngôi mộ nổi tiếng nhất trong số các ngôi mộ tại thung lũng các vị vua cảnh howard carter phát hiện ra nơi chôn cất hoàng gia gần như nguyên vẹn của vị vua trẻ năm 1922,tomb of tutankhamun kv62. kv62 may be the most famous of the tombs in the valley the scene of howard carter's 1922 discovery of the almost intact royal burial of the young king
686,remote_dataset/fleurs_vi_en/train/vi/vi_00686.wav,remote_dataset/fleurs_vi_en/train/en/en_00686.wav,11.82,14.34,tuy nhiên so với hầu hết các ngôi mộ hoàng gia khác mộ của tutankhamun không hấp dẫn lắm với khách tham quan vì nó nhỏ hơn và trang trí rất đơn sơ,compared to most of the other royal tombs however the tomb of tutankhamun is barely worth visiting being much smaller and with limited decoration
687,remote_dataset/fleurs_vi_en/train/vi/vi_00687.wav,remote_dataset/fleurs_vi_en/train/en/en_00687.wav,14.46,11.88,bất cứ ai muốn nhìn thấy bằng chứng về việc xác ướp bị tổn hại do các nỗ lực di dời khỏi quan tài sẽ phải thất vọng vì chỉ có thể nhìn thấy phần đầu và vai mà thôi,anyone interested in seeing evidence of the damage to the mummy done during attempts to remove it from the coffin will be disappointed as only the head and shoulders are visible
688,remote_dataset/fleurs_vi_en/train/vi/vi_00688.wav,remote_dataset/fleurs_vi_en/train/en/en_00688.wav,9.36,6.66,những chi tiết thể hiện sự giàu sang của ngôi mộ nay đã không còn bên trong đó vì đã được đưa về viện bảo tàng ai cập ở cairo,the fabulous riches of the tomb are no longer in it but have been removed to the egyptian museum in cairo
689,remote_dataset/fleurs_vi_en/train/vi/vi_00689.wav,remote_dataset/fleurs_vi_en/train/en/en_00689.wav,4.86,4.74,những du khách không có nhiều thời gian nên đến một nơi khác,visitors with limited time would be best to spend their time elsewhere
690,remote_dataset/fleurs_vi_en/train/vi/vi_00690.wav,remote_dataset/fleurs_vi_en/train/en/en_00690.wav,13.92,13.98,phnom krom cách xiêm riệp 12km về phía tây nam ngôi đền trên đỉnh đồi này được xây dựng vào cuối thế kỷ thứ 9 trong thời đại trị vì của vua yasovarman,phnom krom 12 km southwest of siem reap this hilltop temple was built at the end of the 9th century during the reign of king yasovarman
691,remote_dataset/fleurs_vi_en/train/vi/vi_00691.wav,remote_dataset/fleurs_vi_en/train/en/en_00691.wav,9.48,7.56,bầu không khí trầm mặc của ngôi đền và tầm nhìn ra hồ tonle sap rất xứng đáng để bỏ công sức leo lên đồi,the gloomy atmosphere of the temple and the view over the tonle sap lake make the climb to the hill worthwhile
692,remote_dataset/fleurs_vi_en/train/vi/vi_00692.wav,remote_dataset/fleurs_vi_en/train/en/en_00692.wav,7.86,12.66,chuyến tham quan nơi này có thể kết hợp thuận tiện với một chuyến đi thuyền đến hồ,a visit to the site can be conveniently combined with a boat trip to the lake
693,remote_dataset/fleurs_vi_en/train/vi/vi_00693.wav,remote_dataset/fleurs_vi_en/train/en/en_00693.wav,8.22,10.14,bạn cần vé vào angkor để vào đền vậy nên đừng quên mang theo hộ chiếu của bạn khi đi đến tonle sap,the angkor pass is needed to enter the temple so do not forget to bring your passport along when heading to tonle sap
695,remote_dataset/fleurs_vi_en/train/vi/vi_00695.wav,remote_dataset/fleurs_vi_en/train/en/en_00695.wav,7.26,6.12,thành phố cổ đại ở judean hills có lịch sử đầy thu hút trải dài hàng nghìn năm,the ancient city in the judean hills has a fascinating history spanning thousands of years
696,remote_dataset/fleurs_vi_en/train/vi/vi_00696.wav,remote_dataset/fleurs_vi_en/train/en/en_00696.wav,15.24,11.70,thành phố này là vùng đất thánh của ba tôn giáo đơn thần do thái giáo kito giáo và hồi giáo và đóng vai trò như một trung tâm tâm linh tín ngưỡng và văn hóa,the city is holy to the three monotheistic religions judaism christianity and islam and serves as a spiritual religious and cultural center
697,remote_dataset/fleurs_vi_en/train/vi/vi_00697.wav,remote_dataset/fleurs_vi_en/train/en/en_00697.wav,10.50,12.66,do ý nghĩa tôn giáo của thành phố và đặc biệt là nhiều địa điểm của khu vực thành cổ nên jerusalem là một trong những điểm du lịch trung tâm ở israel,due to the religious significance of the city and in particular the many sites of the old city area jerusalem is one of the main tourist destinations in israel
698,remote_dataset/fleurs_vi_en/train/vi/vi_00698.wav,remote_dataset/fleurs_vi_en/train/en/en_00698.wav,13.56,10.32,giê-ru-xa-lem có nhiều khu di tích lịch sử khảo cổ và văn hóa cùng với các trung tâm mua sắm quán cà phê và nhà hàng sôi động và đông đúc,jerusalem has many historic archeological and cultural sites along with vibrant and crowded shopping centers cafés and restaurants
699,remote_dataset/fleurs_vi_en/train/vi/vi_00699.wav,remote_dataset/fleurs_vi_en/train/en/en_00699.wav,13.98,10.20,ecuador yêu cầu công dân cuba phải nhận được thư mời trước khi vào ecuador thông qua các sân bay quốc tế hoặc các điểm kiểm soát biên giới,ecuador requires that cuban citizens receive an invitation letter prior to entering ecuador through international airports or frontier admission points
700,remote_dataset/fleurs_vi_en/train/vi/vi_00700.wav,remote_dataset/fleurs_vi_en/train/en/en_00700.wav,7.32,11.82,bức thư này cần được bộ ngoại giao ecuado phê chuẩn và phải tuân thủ một số quy định nhất định,this letter must be legalized by the ecuadorian ministry of foreign affairs and comply with certain requirements
701,remote_dataset/fleurs_vi_en/train/vi/vi_00701.wav,remote_dataset/fleurs_vi_en/train/en/en_00701.wav,8.46,15.72,những đòi hỏi này được thiết kế để bảo đảm dòng di dân có tổ chức giữa hai nước,these requirements are designed to provide an organized migratory flow between both countries
702,remote_dataset/fleurs_vi_en/train/vi/vi_00702.wav,remote_dataset/fleurs_vi_en/train/en/en_00702.wav,9.90,11.34,những công dân cuba sở hữu thẻ xanh do hoa kỳ cấp nên đến lãnh sự quán của ecuador để xin miễn yêu cầu này,cuban citizens who are us green card holders should visit an ecuadorian consulate to obtain an exemption to this requirement
703,remote_dataset/fleurs_vi_en/train/vi/vi_00703.wav,remote_dataset/fleurs_vi_en/train/en/en_00703.wav,11.40,9.18,hộ chiếu của bạn phải còn hiệu lực trong vòng 6 tháng trước thời điểm chuyến đi của bạn. yêu cầu phải có vé khứ hồi/chuyển tiếp để chứng minh thời gian bạn lưu trú,your passport must be valid for at least 6 months beyond your travel dates. a round/onward trip ticket is needed to prove the length of your stay
704,remote_dataset/fleurs_vi_en/train/vi/vi_00704.wav,remote_dataset/fleurs_vi_en/train/en/en_00704.wav,14.94,16.68,tour tổ chức theo nhóm lớn sẽ rẻ hơn nên nếu bạn đi một mình hoặc chỉ có một người bạn hãy thử gặp những người khác và tạo thành nhóm từ bốn đến sáu người để có giá tốt hơn,tours are cheaper for larger groups so if you're by yourself or with just one friend try to meet other people and form a group of four to six for a better per-person rate
706,remote_dataset/fleurs_vi_en/train/vi/vi_00706.wav,remote_dataset/fleurs_vi_en/train/en/en_00706.wav,5.94,5.16,đây thật ra có vẻ như là một cách lừa gạt để mọi người tin rằng họ phải trả nhiều hơn,it seems actually to be more a way of tricking people into believing they have to pay more
707,remote_dataset/fleurs_vi_en/train/vi/vi_00707.wav,remote_dataset/fleurs_vi_en/train/en/en_00707.wav,12.00,7.76,cao chót vót phía trên cực bắc của machu picchu sườn núi dốc đứng này thường là phông nền cho nhiều bức ảnh về phế tích này,towering above the north end of machu picchu is this steep mountain often the backdrop to many photos of the ruins
708,remote_dataset/fleurs_vi_en/train/vi/vi_00708.wav,remote_dataset/fleurs_vi_en/train/en/en_00708.wav,14.34,30.48,trông có vẻ nản chí nếu nhìn từ bên dưới và nó là một dốc đi lên dựng đứng và khó khăn nhưng hầu hết những người mạnh khoẻ sẽ có thể thực hiện được trong khoảng 45 phút,it looks a bit daunting from below and it is a steep and difficult ascent but most reasonably fit persons should be able to make it in about 45 minutes
709,remote_dataset/fleurs_vi_en/train/vi/vi_00709.wav,remote_dataset/fleurs_vi_en/train/en/en_00709.wav,9.42,9.12,những bậc đá được xếp dọc hầu hết các lối đi và ở những đoạn dốc sẽ được trang bị cáp bằng thép như là tay vịn hỗ trợ,stone steps are laid along most of the path and in the steeper sections steel cables provide a supporting handrail
710,remote_dataset/fleurs_vi_en/train/vi/vi_00710.wav,remote_dataset/fleurs_vi_en/train/en/en_00710.wav,11.94,14.40,điều đó nghĩa là bạn sẽ mệt đứt hơi và nên cẩn thận với những khúc dốc nhất là khi ẩm ướt vì nó có thể trở nên nguy hiểm rất nhanh,that said expect to be out of breath and take care in the steeper portions especially when wet as it can become dangerous quickly
711,remote_dataset/fleurs_vi_en/train/vi/vi_00711.wav,remote_dataset/fleurs_vi_en/train/en/en_00711.wav,5.52,12.00,phải đi qua một cái hang nhỏ ở gần đỉnh nó khá thấp và chật chội,there's a tiny cave near the top that must be passed through it is quite low and a rather tight squeeze
712,remote_dataset/fleurs_vi_en/train/vi/vi_00712.wav,remote_dataset/fleurs_vi_en/train/en/en_00712.wav,12.00,8.76,cách tốt nhất để ngắm phong cảnh và động vật hoang dã ở galapagos là đi thuyền như charles darwin đã từng làm vào năm 1835,seeing the sites and wildlife of the galapagos is best done by boat just as charles darwin did it in 1835
713,remote_dataset/fleurs_vi_en/train/vi/vi_00713.wav,remote_dataset/fleurs_vi_en/train/en/en_00713.wav,7.98,10.26,trên 60 tàu du thuyền qua lại vùng biển galapagos sức chứa từ 8 đến 100 hành khách,over 60 cruise ships ply the galapagos waters ranging in size from 8 to 100 passengers
714,remote_dataset/fleurs_vi_en/train/vi/vi_00714.wav,remote_dataset/fleurs_vi_en/train/en/en_00714.wav,6.90,6.36,hầu hết hành khách đều đặt chỗ trước vì các thuyền thường kín chỗ trong mùa cao điểm,most people book their place well in advance as the boats are usually full during the high season
715,remote_dataset/fleurs_vi_en/train/vi/vi_00715.wav,remote_dataset/fleurs_vi_en/train/en/en_00715.wav,9.84,13.56,hãy đảm bảo rằng đại lý mà bạn đăng ký là một chuyên gia về galapagos và thông thạo về nhiều loại tàu thuyền khác nhau,be sure the agent through whom you book is a galapagos specialist with a good knowledge of a wide variety of ships
716,remote_dataset/fleurs_vi_en/train/vi/vi_00716.wav,remote_dataset/fleurs_vi_en/train/en/en_00716.wav,7.80,8.04,điều này sẽ đảm bảo rằng các lợi ích và/hoặc ràng buộc cụ thể của bạn tương ứng với tàu phù hợp nhất,this will ensure that your particular interests and/or constraints are matched with the ship most suitable to them
717,remote_dataset/fleurs_vi_en/train/vi/vi_00717.wav,remote_dataset/fleurs_vi_en/train/en/en_00717.wav,20.52,12.66,trước khi người tây ban nha đặt chân đến đây vào thế kỷ 16 miền bắc chile thuộc sự cai quản của người inca trong khi các tộc thổ dân araucanian người mapuche sinh sống ở miền trung và miền nam chile,before the spanish arrived in the 16th century northern chile was under inca rule while the indigenous araucanians mapuche inhabited central and southern chile
718,remote_dataset/fleurs_vi_en/train/vi/vi_00718.wav,remote_dataset/fleurs_vi_en/train/en/en_00718.wav,12.96,11.76,mapuche cũng là một trong những tộc thổ dân được độc lập sau cùng ở châu mỹ không bị ảnh hưởng hoàn toàn bởi quy tắc nói tiếng tây ban nha cho đến khi chile giành được độc lập,the mapuche were also one of the last independent american indigenous groups that were not fully absorbed into spanish-speaking rule until after chile's independence
719,remote_dataset/fleurs_vi_en/train/vi/vi_00719.wav,remote_dataset/fleurs_vi_en/train/en/en_00719.wav,14.22,14.76,mặc dù chile đã tuyên bố độc lập vào năm 1810 giữa bối cảnh các cuộc chiến tranh của napoleon khiến cho tây ban nha không có chính quyền trung ương hoạt động trong vài năm nhưng mãi tới năm 1818 họ mới có được chiến thắng quyết định trước tây ban nha,although chile declared independence in 1810 amid the napoleonic wars that left spain without a functioning central government for a couple of years decisive victory over the spanish was not achieved until 1818
721,remote_dataset/fleurs_vi_en/train/vi/vi_00721.wav,remote_dataset/fleurs_vi_en/train/en/en_00721.wav,12.60,10.92,không chỉ có những bãi cát trắng và phong cảnh núi non quốc gia này còn là quê hương của thành phố châu âu lâu đời nhất trong các nước châu mỹ hiện thuộc về santo domingo,besides white sand beaches and mountain landscapes the country is home to the oldest european city in the americas now part of santo domingo
722,remote_dataset/fleurs_vi_en/train/vi/vi_00722.wav,remote_dataset/fleurs_vi_en/train/en/en_00722.wav,13.44,10.26,những cư dân đầu tiên đến sinh sống trên đảo là người taíno và người carib người carib nói tiếng arawak xuất hiện trên đảo vào khoảng 10.000 trước công nguyên,"the island was first inhabited by the taínos and caribes. the caribes were an arawakan-speaking people who had arrived around 10,000 bce"
723,remote_dataset/fleurs_vi_en/train/vi/vi_00723.wav,remote_dataset/fleurs_vi_en/train/en/en_00723.wav,11.34,9.78,chỉ trong vài năm ngắn ngủi sau khi các nhà thám hiểm châu âu đặt chân đến đây dân số bộ tộc tainos đã giảm sút đáng kể do sự chinh phạt của người tây ban nha,within a few short years following the arrival of european explorers the population of tainos had significantly been reduced by the spanish conquerors
724,remote_dataset/fleurs_vi_en/train/vi/vi_00724.wav,remote_dataset/fleurs_vi_en/train/en/en_00724.wav,17.64,14.28,theo fray bartolomé de las casas tratado de las indias từ năm 1492 đến năm 1498 quân xâm lược tây ban nha đã giết khoảng 100.000 người taíno,"based on fray bartolomé de las casas tratado de las indias between 1492 and 1498 the spanish conquerors killed around 100,000 taínos"
725,remote_dataset/fleurs_vi_en/train/vi/vi_00725.wav,remote_dataset/fleurs_vi_en/train/en/en_00725.wav,17.70,12.90,jardín de la unión nơi này được xây dựng như là cửa vòm của một nhà tu kín vào thế kỷ 17 trong đó templo de san diego là tòa nhà duy nhất còn sót lại,jardín de la unión. this space was built as the atrium for a 17th-century convent of which the templo de san diego is the sole surviving building
726,remote_dataset/fleurs_vi_en/train/vi/vi_00726.wav,remote_dataset/fleurs_vi_en/train/en/en_00726.wav,10.44,9.18,hiện nay khu vực này có vai trò như một quảng trường trung tâm và luôn có rất nhiều hoạt động diễn ra cả ngày lẫn đêm,it now functions as the central plaza and always has a lot of things going on day and night
727,remote_dataset/fleurs_vi_en/train/vi/vi_00727.wav,remote_dataset/fleurs_vi_en/train/en/en_00727.wav,10.68,9.78,có nhiều nhà hàng xung quanh khu vườn và vào buổi chiều và buổi tối có các buổi hòa nhạc miễn phí từ khu vực khán đài trung tâm,there are a number of restaurants surrounding the garden and in the afternoons and evening there free concerts are often given from the central gazebo
728,remote_dataset/fleurs_vi_en/train/vi/vi_00728.wav,remote_dataset/fleurs_vi_en/train/en/en_00728.wav,13.38,10.32,callejon del beso con hẻm của nụ hôn. hai ban công cách nhau chỉ 69 cm là ngôi nhà của một chuyện tình xưa huyền thoại,callejon del beso alley of the kiss. two balconies separated by only 69 centimeters is home of an old love legend
729,remote_dataset/fleurs_vi_en/train/vi/vi_00729.wav,remote_dataset/fleurs_vi_en/train/en/en_00729.wav,8.34,6.24,chỉ với một vài đồng xu một số trẻ em sẽ kể chuyện cho bạn nghe,for a few pennies some children will tell you the story
731,remote_dataset/fleurs_vi_en/train/vi/vi_00731.wav,remote_dataset/fleurs_vi_en/train/en/en_00731.wav,15.72,14.34,cộng đồng này nằm ở howe sound ngoài khơi vancouver và có thể đến đó dễ dàng bằng taxi đường thủy chạy theo giời khởi hành từ đảo granville ở trung tâm thành phố vancouver,this authentic community is located in howe sound just off vancouver and is easily accessed via scheduled water taxis departing granville island in downtown vancouver
732,remote_dataset/fleurs_vi_en/train/vi/vi_00732.wav,remote_dataset/fleurs_vi_en/train/en/en_00732.wav,7.86,6.42,những người ưa thích các hoạt động ngoài trời thực sự nên khám phá hành trình leo hành lang sea to sky,for those who enjoy outdoor activities a trek up the sea to sky corridor is essential
733,remote_dataset/fleurs_vi_en/train/vi/vi_00733.wav,remote_dataset/fleurs_vi_en/train/en/en_00733.wav,11.88,11.76,"khách sạn whistler cách vancouver 1,5 tiếng đi xe đắt tiền nhưng nổi tiếng nhờ thế vận hội mùa đông năm 2010",whistler 1.5 hour drive from vancouver is expensive but well-known because of the 2010 winter olympics
734,remote_dataset/fleurs_vi_en/train/vi/vi_00734.wav,remote_dataset/fleurs_vi_en/train/en/en_00734.wav,6.96,8.10,vào mùa đông hãy tận hưởng một số môn trượt tuyết tốt nhất ở bắc mỹ và vào mùa hè hãy thử đi xe đạp leo núi đích thực,in the winter enjoy some of the best skiing in north america and in the summer try some authentic mountain biking
735,remote_dataset/fleurs_vi_en/train/vi/vi_00735.wav,remote_dataset/fleurs_vi_en/train/en/en_00735.wav,7.02,9.60,phải xin sẵn giấy phép bạn phải có giấy phép để ở qua đêm ở sirena,permits must be reserved in advance you must have a permit to stay overnight at sirena
736,remote_dataset/fleurs_vi_en/train/vi/vi_00736.wav,remote_dataset/fleurs_vi_en/train/en/en_00736.wav,13.20,12.90,sirena là trạm kiểm lâm duy nhất cung cấp chỗ ở và bữa ăn nóng cùng với chỗ cắm trại la leona san pedrillo và los patos chỉ có chỗ cắm trại mà không có dịch vụ ăn uống,sirena is the only ranger station that offers dormitory lodging and hot meals in addition to camping la leona san pedrillo and los patos offer only camping with no food service
737,remote_dataset/fleurs_vi_en/train/vi/vi_00737.wav,remote_dataset/fleurs_vi_en/train/en/en_00737.wav,9.30,10.08,giấy phép công viên có thể xin trực tiếp tại trạm kiểm lâm ở puerto jiménez tuy nhiên họ không chấp nhận thẻ tín dụng,it is possible to secure park permits directly from the ranger station in puerto jiménez but they do not accept credit cards
738,remote_dataset/fleurs_vi_en/train/vi/vi_00738.wav,remote_dataset/fleurs_vi_en/train/en/en_00738.wav,9.60,8.58,cục quản lý công viên bộ môi trường năng lượng và viễn thông không cấp giấy phép vào công viên trên một tháng trước chuyến đi dự kiến,the park service minae does not issue park permits more than one month in advance of anticipated arrival
739,remote_dataset/fleurs_vi_en/train/vi/vi_00739.wav,remote_dataset/fleurs_vi_en/train/en/en_00739.wav,14.28,14.46,cafenet ei sol cung cấp dịch vụ đặt chỗ trước với mức phí $30 hoặc $10 cho vé vào cửa một ngày chi tiết có trên trang corcovado của họ,cafenet el sol offers a reservation service for a fee of us$30 or $10 for one-day passes; details on their corcovado page
740,remote_dataset/fleurs_vi_en/train/vi/vi_00740.wav,remote_dataset/fleurs_vi_en/train/en/en_00740.wav,11.22,8.76,quần đảo cook là một quốc đảo được tự do liên kết với new zealand tọa lạc tại polynesia ở giữa biển nam thái bình dương,the cook islands are an island country in free association with new zealand located in polynesia in the middle of the south pacific ocean
741,remote_dataset/fleurs_vi_en/train/vi/vi_00741.wav,remote_dataset/fleurs_vi_en/train/en/en_00741.wav,7.92,9.72,"đó là một quần đảo bao gồm 15 đảo trải dài suốt một vùng biển rộng 2,2 triệu cây số vuông",it is an archipelago with 15 islands spread out over 2.2 million km2 of ocean
742,remote_dataset/fleurs_vi_en/train/vi/vi_00742.wav,remote_dataset/fleurs_vi_en/train/en/en_00742.wav,7.92,8.28,với múi giờ trùng với hawaii quần đảo này đôi lúc được coi là phần dưới hawaii,with the same time zone as hawaii the islands are sometimes thought of as hawaii down under
743,remote_dataset/fleurs_vi_en/train/vi/vi_00743.wav,remote_dataset/fleurs_vi_en/train/en/en_00743.wav,15.48,11.46,mặc dù nhỏ hơn nhưng nơi này vẫn gợi cho những du khách lớn tuổi về hình ảnh hawaii trước khi nơi này trở thành tiểu bang và chưa có sự xuất hiện của những khách sạn lớn hòn đảo cũng chưa phát triển nhiều,though smaller it reminds some elderly visitors of hawaii before statehood without all the large tourist hotels and other development
744,remote_dataset/fleurs_vi_en/train/vi/vi_00744.wav,remote_dataset/fleurs_vi_en/train/en/en_00744.wav,13.50,11.16,quần đảo cook không có một thành phố nào mà bao gồm 15 hòn đảo trong đó rarotonga và aituta là hai hòn đảo chính,the cook islands do not have any cities but are composed of 15 different islands the main ones are rarotonga and aitutaki
745,remote_dataset/fleurs_vi_en/train/vi/vi_00745.wav,remote_dataset/fleurs_vi_en/train/en/en_00745.wav,9.42,7.92,ngày nay ở những nước phát triển dịch vụ phòng nghỉ có phục vụ ăn sáng hạng sang đã được nâng lên tầm nghệ thuật,in developed countries today providing deluxe bed and breakfasts has been raised to a sort of art-form
746,remote_dataset/fleurs_vi_en/train/vi/vi_00746.wav,remote_dataset/fleurs_vi_en/train/en/en_00746.wav,8.28,8.04,ở phân khúc cao cấp b&amp;bs rõ ràng chỉ cạnh tranh hai điều chính: giường ngủ và bữa sáng,at the top end b&bs obviously compete mainly on two main things bedding and breakfast
747,remote_dataset/fleurs_vi_en/train/vi/vi_00747.wav,remote_dataset/fleurs_vi_en/train/en/en_00747.wav,14.16,11.76,theo đó ở những cơ sở có cách bài trí hoa mỹ nhất người ta thường có khuynh hướng tìm đến căn phòng ngủ xa hoa nhất có thể là một chiếc chăn khâu tay hay một chiếc giường cổ,accordingly at the finest such establishments one is apt to find the most luxurious bedding maybe a handmade quilt or an antique bed
748,remote_dataset/fleurs_vi_en/train/vi/vi_00748.wav,remote_dataset/fleurs_vi_en/train/en/en_00748.wav,7.02,8.70,bữa sáng có thể là một món ăn đặc sản trong vùng hoặc là một món đặc biệt của chủ nhà,breakfast may include seasonal delights of the region or the host's speciality dish
749,remote_dataset/fleurs_vi_en/train/vi/vi_00749.wav,remote_dataset/fleurs_vi_en/train/en/en_00749.wav,7.20,9.12,địa điểm có thể là một tòa nhà cổ kính với nội thất cổ mặt đất bằng phẳng và một hồ bơi,the setting might be an historic old building with antique furnishings manicured grounds and a swimming pool
750,remote_dataset/fleurs_vi_en/train/vi/vi_00750.wav,remote_dataset/fleurs_vi_en/train/en/en_00750.wav,9.84,10.32,ngồi vào chiếc xe của bạn và bắt đầu một chuyến đi đường dài có sức hấp dẫn nội tại trong chính sự giản đơn của nó,getting into your own car and heading off on a long road trip has an intrinsic appeal in its simplicity
751,remote_dataset/fleurs_vi_en/train/vi/vi_00751.wav,remote_dataset/fleurs_vi_en/train/en/en_00751.wav,7.56,9.36,khác với những loại xe lớn có lẽ bạn đã quen với việc lái chiếc xe của mình và biết rõ các hạn chế của nó,unlike larger vehicles you are probably already familiar with driving your car and know its limitations
752,remote_dataset/fleurs_vi_en/train/vi/vi_00752.wav,remote_dataset/fleurs_vi_en/train/en/en_00752.wav,9.48,16.92,dựng lều dù lớn hay nhỏ trên đất tư nhân hoặc trong một thị trấn đều rất dễ hu hút sự chú ý không mong muốn,setting up a tent on private property or in a town of any size can easily attract unwanted attention
753,remote_dataset/fleurs_vi_en/train/vi/vi_00753.wav,remote_dataset/fleurs_vi_en/train/en/en_00753.wav,9.12,8.70,nói tóm lại sử dụng xe ô tô là cách tuyệt vời cho một chuyến đi đường nhưng hiếm khi là cách để đi cắm trại,in short using your car is a great way to take a road trip but seldom in itself a way to camp
754,remote_dataset/fleurs_vi_en/train/vi/vi_00754.wav,remote_dataset/fleurs_vi_en/train/en/en_00754.wav,16.08,7.32,có thể đi cắm trại bằng xe hơi nếu bạn có xe minivan lớn xe suv xe sedan hoặc xe station wagon có hàng ghế gập xuống được,car camping is possible if you have a large minivan suv sedan or station wagon with seats that lay down
755,remote_dataset/fleurs_vi_en/train/vi/vi_00755.wav,remote_dataset/fleurs_vi_en/train/en/en_00755.wav,12.90,10.92,một số khách sạn thừa hưởng di sản từ thời kỳ hoàng kim của đường sắt chạy bằng đầu máy hơi nước và tàu biển trước đệ nhị thế chiến vào thế kỷ 19 hoặc đầu thế kỷ 20,some hotels have a heritage from the golden age of steam railways and ocean liners before the second world war in the 19th or early 20th centuries
756,remote_dataset/fleurs_vi_en/train/vi/vi_00756.wav,remote_dataset/fleurs_vi_en/train/en/en_00756.wav,9.12,8.46,là nơi giới thượng lưu và nhà giàu lưu trú những khách sạn này thường có nhà hàng và chương trình giải trí ban đêm đặc sắc,these hotels were where the rich and the famous of the day would stay and often had fine dining and nightlife
757,remote_dataset/fleurs_vi_en/train/vi/vi_00757.wav,remote_dataset/fleurs_vi_en/train/en/en_00757.wav,9.36,11.76,đồ đạc kiểu cổ sự thiếu vắng những tiện nghi mới nhất và sự duyên dáng của thời xa xưa cũng là một phần đặc điểm của chúng,the old fashioned fittings the lack of the latest amenities and a certain graceful agedness are also part of their character
758,remote_dataset/fleurs_vi_en/train/vi/vi_00758.wav,remote_dataset/fleurs_vi_en/train/en/en_00758.wav,9.78,9.72,mặc dù chúng thường thuộc sở hữu tư nhân đôi khi chúng có thể phục vụ các cuộc viếng thăm của các nguyên thủ quốc gia và những người có chức vụ cao cấp khác,while they are usually privately owned they sometimes accommodate visiting heads of state and other dignitaries
759,remote_dataset/fleurs_vi_en/train/vi/vi_00759.wav,remote_dataset/fleurs_vi_en/train/en/en_00759.wav,9.00,10.20,ai rủng rỉnh tiền có thể xem xét làm một chuyến vòng quanh thế giới nghỉ ngơi trong những khách sạn này,a traveller with piles of money might consider a round the world flight broken up with stays in many of these hotels
760,remote_dataset/fleurs_vi_en/train/vi/vi_00760.wav,remote_dataset/fleurs_vi_en/train/en/en_00760.wav,6.00,9.72,mạng lưới trao đổi lưu trú là tổ chức kết nối du khách với dân địa phương của thành phố họ sẽ đến thăm,a hospitality exchange network is the organization that connects travelers with locals in the cities they are going to visit
761,remote_dataset/fleurs_vi_en/train/vi/vi_00761.wav,remote_dataset/fleurs_vi_en/train/en/en_00761.wav,15.18,14.46,để gia nhập một mạng lưới như vậy thường chỉ yêu cầu điền vào đơn trên hệ thống trực tuyến mặc dù một số mạng lưới có thể cung cấp hoặc yêu cầu xác thực bổ sung,joining such a network usually just requires filling out an online form although some networks offer or require additional verification
762,remote_dataset/fleurs_vi_en/train/vi/vi_00762.wav,remote_dataset/fleurs_vi_en/train/en/en_00762.wav,14.82,11.28,sau đó một danh sách nơi ở hiện có sẽ được cung cấp dưới dạng bản in và/hoặc bài đăng trên mạng đôi khi kèm theo phần tham khảo và nhận xét của những lữ khách khác,a listing of available hosts is then provided either in print and/or online sometimes with references and reviews by other travelers
763,remote_dataset/fleurs_vi_en/train/vi/vi_00763.wav,remote_dataset/fleurs_vi_en/train/en/en_00763.wav,13.44,9.66,couchsurfing được thành lập vào tháng giêng năm 2004 sau khi lập trình viên máy tính casey fenton tìm được chuyến bay giá rẻ đến iceland nhưng không tìm được chỗ ở,couchsurfing was founded in january 2004 after computer programmer casey fenton found a cheap flight to iceland but did not have a place to stay
764,remote_dataset/fleurs_vi_en/train/vi/vi_00764.wav,remote_dataset/fleurs_vi_en/train/en/en_00764.wav,8.94,7.08,ông đã gửi email cho sinh viên tại các trường đại học địa phương và nhận được rất nhiều lời đề nghị cho ở nhờ miễn phí,he emailed students at the local university and received an overwhelming number of offers for free accommodation
765,remote_dataset/fleurs_vi_en/train/vi/vi_00765.wav,remote_dataset/fleurs_vi_en/train/en/en_00765.wav,10.62,10.08,nhà nghỉ chủ yếu phục vụ những người trẻ tuổi thông thường khách ở đó trạc tuổi đôi mươi nhưng bạn cũng có thể thường xuyên bắt gặp những khách du lịch lớn tuổi ở đó,hostels cater primarily to young people a typical guest is in their twenties but you can often find older travellers there too
766,remote_dataset/fleurs_vi_en/train/vi/vi_00766.wav,remote_dataset/fleurs_vi_en/train/en/en_00766.wav,6.36,7.74,hiếm khi thấy gia đình có trẻ em nhưng một số ký túc xá có phòng dành riêng cho trẻ em,families with children are a rare sight but some hostels do allow them in private rooms
767,remote_dataset/fleurs_vi_en/train/vi/vi_00767.wav,remote_dataset/fleurs_vi_en/train/en/en_00767.wav,15.24,15.06,thành phố bắc kinh ở trung quốc sẽ là thành phố đăng cai thế vận hội mùa đông olympic vào năm 2022 đây sẽ là thành phố đầu tiên từng đăng cai cả thế vận hội mùa hè và mùa đông,the city of beijing in china will be the host city of the olympic winter games in 2022 which will make it the first city to have hosted both the summer and winter olympics
768,remote_dataset/fleurs_vi_en/train/vi/vi_00768.wav,remote_dataset/fleurs_vi_en/train/en/en_00768.wav,6.54,5.52,bắc kinh sẽ tổ chức lễ khai mạc và bế mạc cùng với các sự kiện trượt băng trong nhà,beijing will host the opening and closing ceremonies and the indoor ice events
769,remote_dataset/fleurs_vi_en/train/vi/vi_00769.wav,remote_dataset/fleurs_vi_en/train/en/en_00769.wav,16.08,10.74,những sự kiện khác liên quan đến trượt tuyết sẽ được tổ chức tại khu trượt tuyết taizicheng ở zhangjiakou cách bắc kinh khoảng 220 km 140 dặm,other skiing events will be at the taizicheng ski area in zhangjiakou about 220 km 140 miles from beijing
770,remote_dataset/fleurs_vi_en/train/vi/vi_00770.wav,remote_dataset/fleurs_vi_en/train/en/en_00770.wav,13.44,12.12,hầu hết các đền chùa đều có một dịp lễ hội hàng năm bắt đầu từ cuối tháng mười một đến giữa tháng năm tùy theo lịch hoạt động hàng năm của mỗi đền chùa,most of the temples do have an annual festival starting from november end to mid of may which varies according to each temple's annual calendar
771,remote_dataset/fleurs_vi_en/train/vi/vi_00771.wav,remote_dataset/fleurs_vi_en/train/en/en_00771.wav,13.92,14.10,hầu hết các lễ hội của ngôi đền được tổ chức như là một phần lễ kỷ niệm của ngôi đền hoặc sinh nhật vị thần cai quản hoặc các sự kiện trọng đại khác liên quan đến ngôi đền,most of the temple festivals is celebrated as part of temple's anniversary or presiding deity's birthday or any other major event associated with the temple
772,remote_dataset/fleurs_vi_en/train/vi/vi_00772.wav,remote_dataset/fleurs_vi_en/train/en/en_00772.wav,10.98,10.08,các lễ hội đền thờ kerala rất thú vị để xem với lễ diễu hành rước voi được trang trí thường xuyên dàn nhạc đền thờ và các lễ hội khác,kerala's temple festivals are very interesting to see with regular procession of decorated elephants temple orchestra and other festivities
773,remote_dataset/fleurs_vi_en/train/vi/vi_00773.wav,remote_dataset/fleurs_vi_en/train/en/en_00773.wav,14.10,10.68,hội chợ thế giới world’s fair hay còn gọi là world exposition hay chỉ đơn giản là expo là lễ hội nghệ thuật và khoa học lớn mang tầm quốc tế,a world's fair commonly called world exposition or simply expo is large international festival of arts and sciences
774,remote_dataset/fleurs_vi_en/train/vi/vi_00774.wav,remote_dataset/fleurs_vi_en/train/en/en_00774.wav,12.18,9.60,các nước tham gia trưng bày các vật phẩm nghệ thuật và giáo dục trong gian hàng của mình để thể hiện những vấn đề quốc tế hoặc văn hóa và lịch sử của nước mình,participating countries present artistic and educational displays in national pavilions to showcase world issues or their country's culture and history
775,remote_dataset/fleurs_vi_en/train/vi/vi_00775.wav,remote_dataset/fleurs_vi_en/train/en/en_00775.wav,9.06,12.90,những triển lãm làm vườn quốc tế là những sự kiện chuyên trưng bày hoa vườn thực vật và bất cứ thứ gì khác liên quan đến thực vật,international horticultural expositions are specialised events which showcase floral displays botanical gardens and anything else to do with plants
776,remote_dataset/fleurs_vi_en/train/vi/vi_00776.wav,remote_dataset/fleurs_vi_en/train/en/en_00776.wav,9.00,8.58,mặc dù theo lý thuyết chúng có thể diễn ra hàng năm miễn là chúng ở những quốc gia khác nhau nhưng thực tế thì không,although in theory they can take place annually so long as they are in different countries in practice they are not
777,remote_dataset/fleurs_vi_en/train/vi/vi_00777.wav,remote_dataset/fleurs_vi_en/train/en/en_00777.wav,7.50,8.40,những sự kiện này thường kéo dài trong khoảng từ 3 đến 6 tháng và thường được tổ chức tại các khu vực có diện tích từ 50 hecta trở lên,these events normally last anywhere between three and six months and are held on sites no smaller than 50 hectares
778,remote_dataset/fleurs_vi_en/train/vi/vi_00778.wav,remote_dataset/fleurs_vi_en/train/en/en_00778.wav,14.04,16.98,có nhiều loại phim khác nhau đã được sử dụng trong những năm qua. trong đó phim 35 mm tiêu chuẩn phim âm bản cỡ 36 x 24 mm là loại thông dụng nhất,there are many different film formats that have been used over the years. standard 35 mm film 36 by 24 mm negative is much the commonest
780,remote_dataset/fleurs_vi_en/train/vi/vi_00780.wav,remote_dataset/fleurs_vi_en/train/en/en_00780.wav,10.26,13.50,một số máy chụp hình loại trung bình sử dụng định dạng 6x6 cm chính xác hơn là phim âm bản cỡ 56x56 mm,some medium-format film cameras use a 6 by 6 cm format more precisely a 56 by 56 mm negative
781,remote_dataset/fleurs_vi_en/train/vi/vi_00781.wav,remote_dataset/fleurs_vi_en/train/en/en_00781.wav,11.28,14.16,độ phân giải đạt được sẽ gấp khoảng bốn lần so với một film âm 35 mm 3136mm2 so với 864,this gives resolution almost four times that of a 35 mm negative 3136 mm2 versus 864
782,remote_dataset/fleurs_vi_en/train/vi/vi_00782.wav,remote_dataset/fleurs_vi_en/train/en/en_00782.wav,10.02,10.86,động vật hoang dã là một trong những chủ đề mang tính thách thức nhất đối với nhiếp ảnh gia yêu cầu người chụp phải có được sự may mắn kiên nhẫn kinh nghiệm và thiết bị chụp ảnh tốt,wildlife is among the most challenging motifs for a photographer and needs a combination of good luck patience experience and good equipment
783,remote_dataset/fleurs_vi_en/train/vi/vi_00783.wav,remote_dataset/fleurs_vi_en/train/en/en_00783.wav,11.52,9.12,chụp ảnh động vật hoang dã thường là công việc tự nguyện song cũng giống như nhiếp ảnh nói chung một bức ảnh giá trị hơn ngàn lời nói,wildlife photography is often taken for granted but like photography in general a picture is worth a thousand words
784,remote_dataset/fleurs_vi_en/train/vi/vi_00784.wav,remote_dataset/fleurs_vi_en/train/en/en_00784.wav,10.20,9.24,chụp ảnh động vật hoang dã thường cần một ống kính tele dài tuy vậy chụp ảnh đàn chim hay những sinh vật nhỏ cần những ống kính khác,wildlife photography often requires a long telephoto lens though things like a flock of birds or a tiny creature need other lenses
785,remote_dataset/fleurs_vi_en/train/vi/vi_00785.wav,remote_dataset/fleurs_vi_en/train/en/en_00785.wav,8.94,7.74,nhiều loài thú ngoại nhập rất khó tìm và đôi khi các công viên có cả quy tắc về việc chụp ảnh cho mục đích thương mại,many exotic animals are hard to find and parks sometimes have rules about taking photographs for commercial purposes
786,remote_dataset/fleurs_vi_en/train/vi/vi_00786.wav,remote_dataset/fleurs_vi_en/train/en/en_00786.wav,10.08,7.56,động vật hoang dã có thể nhút nhát hoặc hung hăng môi trường có thể lạnh nóng hoặc nếu không thì rất khó thích nghi,wild animals might either be shy or aggressive the environment might be cold hot or otherwise hostile
787,remote_dataset/fleurs_vi_en/train/vi/vi_00787.wav,remote_dataset/fleurs_vi_en/train/en/en_00787.wav,7.74,8.16,trên thế giới có hơn 5.000 ngôn ngữ khác nhau trong số đó hơn hai mươi ngôn ngữ có từ 50 triệu người nói trở lên,"the world has over 5,000 different languages including more than twenty with 50 million or more speakers"
788,remote_dataset/fleurs_vi_en/train/vi/vi_00788.wav,remote_dataset/fleurs_vi_en/train/en/en_00788.wav,16.62,9.74,ngôn ngữ viết cũng thường dễ hiểu hơn ngôn ngữ nói điều này đặc biệt đúng với địa chỉ bởi thông thường rất khó để phát âm một cách dễ hiểu các địa chỉ,written words are often easier to understand than spoken words also this is especially true of addresses which are often difficult to pronounce intelligibly
789,remote_dataset/fleurs_vi_en/train/vi/vi_00789.wav,remote_dataset/fleurs_vi_en/train/en/en_00789.wav,11.16,11.52,nhiều quốc gia hoàn toàn thông thạo tiếng anh và ở nhiều quốc gia khác người dân cũng hiểu biết phần nào nhất là trong số những người trẻ tuổi,many entire nations are completely fluent in english and in even more you can expect a limited knowledge especially among younger people
790,remote_dataset/fleurs_vi_en/train/vi/vi_00790.wav,remote_dataset/fleurs_vi_en/train/en/en_00790.wav,12.24,11.16,hãy tưởng tượng rằng một người manchester người boston người jamaica và người sydney ngồi cùng một bàn và dùng bữa tối tại một nhà hàng ở toronto,imagine if you will a mancunian bostonian jamaican and sydneysider sitting around a table having dinner at a restaurant in toronto
791,remote_dataset/fleurs_vi_en/train/vi/vi_00791.wav,remote_dataset/fleurs_vi_en/train/en/en_00791.wav,42.18,8.58,họ vui vẻ kể cho nhau nghe những câu chuyện quê nhà bằng chất giọng đặc trưng và từ lóng địa phương,they're regaling each other with stories from their hometowns told in their distinct accents and local argot
792,remote_dataset/fleurs_vi_en/train/vi/vi_00792.wav,remote_dataset/fleurs_vi_en/train/en/en_00792.wav,10.92,15.00,mua thực phẩm tại siêu thị thường là giải pháp ăn uống tiết kiệm chi phí nhất tuy nhiên nếu không có điều kiện nấu ăn thì bạn có thể lựa chọn việc mua đồ ăn chế biến sẵn,buying food in supermarkets is usually the cheapest way to get fed without cooking opportunities choices are however limited to ready-made food
793,remote_dataset/fleurs_vi_en/train/vi/vi_00793.wav,remote_dataset/fleurs_vi_en/train/en/en_00793.wav,10.02,10.02,các siêu thị ngày càng có nhiều khu vực thực phẩm làm sẵn khác nhau thậm chí một số nơi còn trang bị lò vi sóng hoặc các dụng cụ khác để hâm nóng thức ăn,increasingly supermarkets are getting a more varied section of ready-made food some even provide a microwave oven or other means to heat food
794,remote_dataset/fleurs_vi_en/train/vi/vi_00794.wav,remote_dataset/fleurs_vi_en/train/en/en_00794.wav,15.54,9.36,ở một số nước hay loại cửa hàng có ít nhất một nhà hàng tại chỗ mang đến kiểu nhà hàng bình dân hơn với giá vừa túi tiền,in some countries or types of stores there is at least one on-site restaurant often a rather informal one with affordable prices
795,remote_dataset/fleurs_vi_en/train/vi/vi_00795.wav,remote_dataset/fleurs_vi_en/train/en/en_00795.wav,7.50,7.38,tạo và mang theo các bản sao hợp đồng đồng bảo hiểm và các chi tiết thông tin liên hệ với công ty bảo hiểm của bạn,make and carry copies of your policy and your insurer's contact details with you
796,remote_dataset/fleurs_vi_en/train/vi/vi_00796.wav,remote_dataset/fleurs_vi_en/train/en/en_00796.wav,8.34,7.86,họ cần hiển thị địa chỉ email và số điện thoại quốc tế của công ty bảo hiểm để được tư vấn/cấp quyền và yêu cầu bồi thường,they need to show the insurer's e-mail address and international phone numbers for advice/authorizations and making claims
797,remote_dataset/fleurs_vi_en/train/vi/vi_00797.wav,remote_dataset/fleurs_vi_en/train/en/en_00797.wav,11.46,10.68,hãy dự phòng một bản sao lưu để trong hành lý của bạn và một bản sao lưu trực tuyến gửi email có chứa tệp đính kèm cho chính mình hoặc lưu trữ tài liệu lên  đám mây”,"have another copy in your luggage and online e-mail to yourself with attachment or stored in the cloud"""
798,remote_dataset/fleurs_vi_en/train/vi/vi_00798.wav,remote_dataset/fleurs_vi_en/train/en/en_00798.wav,12.00,8.16,nếu mang theo máy tính xách tay hoặc máy tính bảng khi đi lại hãy lưu trữ bản sao chép vào bộ nhớ máy hoặc đĩa có thể truy cập mà không có internet,if traveling with a laptop or tablet store a copy in its memory or disc accessible without the internet
799,remote_dataset/fleurs_vi_en/train/vi/vi_00799.wav,remote_dataset/fleurs_vi_en/train/en/en_00799.wav,10.80,9.90,đồng thời cung cấp những bản sao chính sách/thông tin liên lạc cho bạn đồng hành du lịch và người thân hay bạn bè ở nhà để sẵn sàng trợ giúp,also give policy/contact copies to traveling companions and relatives or friends back home willing to help
800,remote_dataset/fleurs_vi_en/train/vi/vi_00800.wav,remote_dataset/fleurs_vi_en/train/en/en_00800.wav,9.30,7.16,nai sừng xám còn gọi là nai sừng tấm vốn dĩ không hung dữ nhưng chúng sẽ tự vệ nếu nhận thấy sự đe dọa,moose also known as elk aren't inherently aggressive but will defend themselves if they perceive a threat
801,remote_dataset/fleurs_vi_en/train/vi/vi_00801.wav,remote_dataset/fleurs_vi_en/train/en/en_00801.wav,8.64,7.28,khi cho rằng nai sừng tấm không nguy hiểm con người có thể đến quá gần nó và tự rước họa vào thân,when people don't see moose as potentially dangerous they may approach too closely and put themselves at risk
802,remote_dataset/fleurs_vi_en/train/vi/vi_00802.wav,remote_dataset/fleurs_vi_en/train/en/en_00802.wav,10.68,8.52,uống thức uống có cồn với lượng vừa phải mức độ ảnh hưởng của rượu đến từng người đều khác nhau và biết giới hạn của bạn rất quan trọng,drink alcoholic drinks with moderation alcohol affects everyone differently and knowing your limit is very important
803,remote_dataset/fleurs_vi_en/train/vi/vi_00803.wav,remote_dataset/fleurs_vi_en/train/en/en_00803.wav,14.76,13.14,các vấn đề sức khỏe lâu dài từ việc lạm dụng đồ uống có cồn có thể bao gồm tổn thương gan và thậm chí là mù lòa và tử vong sự nguy hại tiềm tàng tăng lên khi tiêu thụ rượu sản xuất trái phép,possible long term health events from excessive drinking can include liver damage and even blindness and death the potential danger is increased when consuming illegally produced alcohol
804,remote_dataset/fleurs_vi_en/train/vi/vi_00804.wav,remote_dataset/fleurs_vi_en/train/en/en_00804.wav,11.16,9.06,rượu sản xuất bất hợp pháp có thể chứa nhiều tạp chất nguy hiểm trong đó có methanol một chất có thể gây mù lòa hoặc tử vong ngay cả với những liều lượng nhỏ,illegal spirits can contain various dangerous impurities including methanol which can cause blindness or death even in small doses
805,remote_dataset/fleurs_vi_en/train/vi/vi_00805.wav,remote_dataset/fleurs_vi_en/train/en/en_00805.wav,6.48,9.18,mắt kính có thể rẻ hơn ở nước ngoài nhất là ở những nước có thu nhập thấp là nơi có giá nhân công rẻ,eyeglasses can be cheaper in a foreign country especially in low-income countries where labour costs are lower
806,remote_dataset/fleurs_vi_en/train/vi/vi_00806.wav,remote_dataset/fleurs_vi_en/train/en/en_00806.wav,10.32,8.34,hãy cân nhắc việc đo mắt tại nhà nhất là trong trường hợp bảo hiểm đài thọ đồng thời mang theo giấy đo mắt để gửi đến những nơi khác,consider getting an eye exam at home especially if insurance covers it and bringing the prescription along to be filed elsewhere
807,remote_dataset/fleurs_vi_en/train/vi/vi_00807.wav,remote_dataset/fleurs_vi_en/train/en/en_00807.wav,9.30,10.62,mác thương hiệu cao cấp trong các khu vực đó sẽ có hai vấn đề một số có thể bị ngừng kinh doanh và những thứ nhập khẩu có thể sẽ đắt hơn so với ở quê nhà,high-end brand-name frames available in such areas may have two problems some may be knock-offs and the real imported ones may be more expensive than at home
808,remote_dataset/fleurs_vi_en/train/vi/vi_00808.wav,remote_dataset/fleurs_vi_en/train/en/en_00808.wav,9.24,7.98,cà phê là một trong những mặt hàng được buôn bán nhiều nhất thế giới và bạn có thể tìm thấy rất nhiều loại cà phê nơi quê nhà của mình,coffee is one of the world's most traded commodities and you can probably find many types in your home region
809,remote_dataset/fleurs_vi_en/train/vi/vi_00809.wav,remote_dataset/fleurs_vi_en/train/en/en_00809.wav,4.86,8.70,tuy nhiên trên thế giới còn rất nhiều cách uống cà phê đáng để thử một lần,nevertheless there are many distinctive ways of drinking coffee around the world that are worth experiencing
810,remote_dataset/fleurs_vi_en/train/vi/vi_00810.wav,remote_dataset/fleurs_vi_en/train/en/en_00810.wav,6.78,8.34,chèo thuyền vượt thác hay: chèo bè vượt thác là chèo thuyền dưới đáy một hẻm núi có chỗ khô hoặc đầy nước,canyoning or: canyoneering is about going in a bottom of a canyon which is either dry or full of water
811,remote_dataset/fleurs_vi_en/train/vi/vi_00811.wav,remote_dataset/fleurs_vi_en/train/en/en_00811.wav,18.60,13.50,leo thác là sự kết hợp những yếu tố của các môn bơi lội leo núi và nhảy từ trên cao--nhưng chỉ cần tập huấn tương đối hoặc thể trạng tốt là có thể để bắt đầu chơi chẳng hạn như so với leo núi lặn bình dưỡng khí hoặc trượt tuyết trên núi,canyoning combines elements from swimming climbing and jumping--but requires relatively little training or physical shape to get started compared to rock climbing scuba diving or alpine skiing for example
812,remote_dataset/fleurs_vi_en/train/vi/vi_00812.wav,remote_dataset/fleurs_vi_en/train/en/en_00812.wav,9.72,7.08,đi bộ đường trường là một hoạt động ngoài trời bao gồm việc đi bộ trong môi trường thiên nhiên thường là trên những đường mòn đi bộ,hiking is an outdoor activity which consists of walking in natural environments often on hiking trails
813,remote_dataset/fleurs_vi_en/train/vi/vi_00813.wav,remote_dataset/fleurs_vi_en/train/en/en_00813.wav,9.24,8.88,đi bộ đường dài bao gồm khoảng cách ít hơn một dặm đến khoảng cách dài hơn có thể thực hiện trong một ngày,day hiking involves distances of less than a mile up to longer distances that can be covered in a single day
814,remote_dataset/fleurs_vi_en/train/vi/vi_00814.wav,remote_dataset/fleurs_vi_en/train/en/en_00814.wav,12.24,8.40,đối với một ngày đi bộ men theo con đường dễ đi cần rất ít sự chuẩn bị và bất kỳ người nào sức khỏe vừa phải cũng có thể tham gia,for a day hike along an easy trail little preparations are needed and any moderately fit person can enjoy them
815,remote_dataset/fleurs_vi_en/train/vi/vi_00815.wav,remote_dataset/fleurs_vi_en/train/en/en_00815.wav,12.90,9.78,những gia đình có con nhỏ có thể cần phải chuẩn bị nhiều hơn mặc dù vậy việc dành một ngày ở ngoài trời là điều khá dễ dàng ngay cả với những em bé sơ sinh và trẻ mẫu giáo,families with small children may need more preparations but a day outdoors is easily possible even with babies and pre-school children
816,remote_dataset/fleurs_vi_en/train/vi/vi_00816.wav,remote_dataset/fleurs_vi_en/train/en/en_00816.wav,10.02,8.22,trên thế giới hiện có gần 200 tổ chức sự kiện du lịch kết hợp chạy bộ hầu hết các tổ chức này đều vận hành độc lập,internationally there are nearly 200 running tour organizations most of them operate independently
817,remote_dataset/fleurs_vi_en/train/vi/vi_00817.wav,remote_dataset/fleurs_vi_en/train/en/en_00817.wav,11.76,9.72,giải chạy go running tours trước đây là global running tours đã thu hút được hàng chục nhà tổ chức chạy việt dã ở bốn lục địa,the global running tours successor go running tours networks dozens of sightrunning providers on four continents
818,remote_dataset/fleurs_vi_en/train/vi/vi_00818.wav,remote_dataset/fleurs_vi_en/train/en/en_00818.wav,18.06,10.80,có nguồn gốc từ running tours barcelona của barcelona và running copenhagen của copenhagen buổi tổ chức này nhanh chóng nhận được sự tham gia của running tours prague có trụ sở tại prague và những nơi khác,with roots in barcelona's running tours barcelona and copenhagen's running copenhagen it was quickly joined by running tours prague based in prague and others
819,remote_dataset/fleurs_vi_en/train/vi/vi_00819.wav,remote_dataset/fleurs_vi_en/train/en/en_00819.wav,6.18,5.70,có nhiều điều mà bạn cần phải suy xét đến trước khi và trong khi đi du lịch,there are many things you have to take into consideration before and when you travel somewhere
821,remote_dataset/fleurs_vi_en/train/vi/vi_00821.wav,remote_dataset/fleurs_vi_en/train/en/en_00821.wav,11.40,8.52,bạn nên chuẩn bị sẵn sàng tâm thế cho những điểm khác biệt này để tránh cảm giác thất vọng hay thậm chí là chán ghét những cách làm hay thói quen khác lạ tại nơi mà mình đặt chân đến,this is something you always need to keep in mind to avoid disappointment or perhaps even distaste over local ways to do things
822,remote_dataset/fleurs_vi_en/train/vi/vi_00822.wav,remote_dataset/fleurs_vi_en/train/en/en_00822.wav,11.76,13.14,các công ty du lịch xuất hiện vào khoảng từ thế kỷ 19 công ty du lịch thường là một lựa chọn tốt cho những du khách muốn có chuyến đi trải nghiệm mới về thiên nhiên văn hóa ngôn ngữ hay thăm các quốc gia thu nhập thấp,travel agencies have been around since the 19th century a travel agent is usually a good option for a journey which extends beyond a traveller's previous experience of nature culture language or low-income countries
824,remote_dataset/fleurs_vi_en/train/vi/vi_00824.wav,remote_dataset/fleurs_vi_en/train/en/en_00824.wav,9.66,5.40,tốt hơn có thể nên dùng những đại lý thường xuyên đặt các chuyến đi tương tự như của bạn,it can be better to use an agent who frequently books similar trips to yours
825,remote_dataset/fleurs_vi_en/train/vi/vi_00825.wav,remote_dataset/fleurs_vi_en/train/en/en_00825.wav,8.40,6.72,hãy xem những chuyến du lịch nào mà đại lý đang khuyến mãi dù là bạn xem trên website hay qua quảng cáo tại đại lý,take a look at what trips the agent is promoting whether on a website or in a shop window
826,remote_dataset/fleurs_vi_en/train/vi/vi_00826.wav,remote_dataset/fleurs_vi_en/train/en/en_00826.wav,10.20,8.10,nếu bạn muốn du lịch thế giới chi phí thấp để phục vụ cho nhu cầu phong cách sống hoặc thách thức có một vài cách để làm điều đó,if you want to see the world on the cheap for necessity lifestyle or challenge there are some ways to do that
827,remote_dataset/fleurs_vi_en/train/vi/vi_00827.wav,remote_dataset/fleurs_vi_en/train/en/en_00827.wav,11.82,9.66,về cơ bản họ thuộc hai nhóm đối tượng chính làm việc trong khi bạn du lịch hoặc cố gắng và hạn chế chi phí của bạn bài viết này tập trung vào nhóm thứ hai,basically they fall into two categories either work while you travel or try and limit your expenses this article is focused on the latter
828,remote_dataset/fleurs_vi_en/train/vi/vi_00828.wav,remote_dataset/fleurs_vi_en/train/en/en_00828.wav,8.40,10.32,đối với những người sẵn sàng hy sinh sự thoải mái thời gian và khả năng dự đoán giúp giảm chi phí xuống gần bằng không hãy xem xét ngân sách du lịch tối thiểu,for those willing to sacrifice comfort time and predictability to push expenses down close to zero see minimum budget travel
829,remote_dataset/fleurs_vi_en/train/vi/vi_00829.wav,remote_dataset/fleurs_vi_en/train/en/en_00829.wav,10.02,10.44,lời khuyên này giả định rằng du khách không trộm cắp xâm lấn tham gia vào thị trường bất hợp pháp xin ăn hoặc trấn lột người khác vì lợi ích riêng,the advice assumes that travellers do not steal trespass participate in the illegal market beg or otherwise exploit other people for their own gain
830,remote_dataset/fleurs_vi_en/train/vi/vi_00830.wav,remote_dataset/fleurs_vi_en/train/en/en_00830.wav,9.36,11.76,điểm kiểm soát nhập cảnh thông thường là nơi dừng chân đầu tiên sau khi bạn rời khỏi máy bay tàu thuyền hoặc phương tiện di chuyển khác,an immigration checkpoint is usually the first stop when disembarking from a plane a ship or another vehicle
831,remote_dataset/fleurs_vi_en/train/vi/vi_00831.wav,remote_dataset/fleurs_vi_en/train/en/en_00831.wav,9.36,10.32,trên một số chuyến tàu xuyên biên giới việc kiểm tra sẽ được thực hiện trên tàu đang chạy và bạn cần mang theo chứng minh thư hợp lệ khi lên một trong những chuyến tàu này,in some cross-border trains inspections are done on the running train and you should have valid id with you when boarding one of those trains
832,remote_dataset/fleurs_vi_en/train/vi/vi_00832.wav,remote_dataset/fleurs_vi_en/train/en/en_00832.wav,7.20,8.40,trên những chuyến tàu đêm người bán vé có thể sẽ thu lại hộ chiếu để bạn không bị đánh thức giữa giấc ngủ,on night sleeper trains passports may be collected by the conductor so that you do not have your sleep interrupted
833,remote_dataset/fleurs_vi_en/train/vi/vi_00833.wav,remote_dataset/fleurs_vi_en/train/en/en_00833.wav,15.42,24.78,đăng ký tạm trú là một yêu cầu thêm trong quá trình xin cấp thị thực ở một số quốc gia bạn cần phải khai báo tạm trú và cung cấp địa chỉ tạm trú cho cơ quan chức năng của địa phương,registration is an additional requirement for the visa process in some countries you must register your presence and address where you are staying with the local authorities
834,remote_dataset/fleurs_vi_en/train/vi/vi_00834.wav,remote_dataset/fleurs_vi_en/train/en/en_00834.wav,6.42,8.46,có thể phải điền vào đơn của cảnh sát địa phương hoặc đến văn phòng di trú,this might require filling out a form with the local police or a visit to the immigration offices
835,remote_dataset/fleurs_vi_en/train/vi/vi_00835.wav,remote_dataset/fleurs_vi_en/train/en/en_00835.wav,8.22,10.38,ở nhiều nước có luật lệ này các khách sạn địa phương sẽ thực hiện việc đăng ký nhớ hỏi,in many countries with such a law local hotels will handle the registration make sure to ask
836,remote_dataset/fleurs_vi_en/train/vi/vi_00836.wav,remote_dataset/fleurs_vi_en/train/en/en_00836.wav,12.66,11.16,trong những trường hợp khác chỉ những ai ở bên ngoài căn hộ cho khách du lịch mới phải đăng ký tuy nhiên việc này dẫn đến luật pháp bị tối nghĩa đi rất nhiều nên hãy tìm hiểu trước,in other cases only those staying outside of tourist accommodations need to register however this makes the law much more obscure so find out beforehand
837,remote_dataset/fleurs_vi_en/train/vi/vi_00837.wav,remote_dataset/fleurs_vi_en/train/en/en_00837.wav,11.64,10.08,kiến trúc là sự liên quan giữa thiết kế và xây dựng tòa nhà kiến trúc của một nơi thường là điểm thu hút khách du lịch theo đúng nghĩa,architecture is concerned with the design and construction of buildings the architecture of a place is often a tourist attraction in its own right
838,remote_dataset/fleurs_vi_en/train/vi/vi_00838.wav,remote_dataset/fleurs_vi_en/train/en/en_00838.wav,11.88,11.46,nhiều tòa nhà khá đẹp mắt và quang cảnh từ một tòa nhà cao tầng hoặc từ một cửa sổ được bố trí thông minh có thể là một cảnh đẹp đáng chiêm ngưỡng,many buildings are quite beautiful to look at and the view from a tall building or from a cleverly-positioned window can be a beauty to behold
839,remote_dataset/fleurs_vi_en/train/vi/vi_00839.wav,remote_dataset/fleurs_vi_en/train/en/en_00839.wav,10.44,10.20,kiến trúc xâm phạm đáng kể đến các khu vực khác bao gồm quy hoạch đô thị xây dựng dân dụng trang trí thiết kế nội thất và thiết kế cảnh quan,architecture overlaps considerably with other fields including urban planning civil engineering decorative arts interior design and landscape design
841,remote_dataset/fleurs_vi_en/train/vi/vi_00841.wav,remote_dataset/fleurs_vi_en/train/en/en_00841.wav,13.98,15.24,tuy nhiên gần như tất cả các sòng bạc liệt kê ở trên đều phục vụ đồ uống và một số sòng bạc còn cung cấp dịch vụ giải trí có thương hiệu chủ yếu là các sòng bạc lớn nằm ngay sát albuquerque và santa fe,however nearly all of the casinos listed above serve drinks and several of them bring in name-brand entertainment primarily the large ones immediately surrounding albuquerque and santa fe
842,remote_dataset/fleurs_vi_en/train/vi/vi_00842.wav,remote_dataset/fleurs_vi_en/train/en/en_00842.wav,9.48,7.56,cẩn thận các quán bar ở thị trấn nhỏ nơi đây không phải lúc nào cũng là địa điểm tốt để du khách từ nơi khác đến vui chơi,beware small-town bars here are not always good places for the out-of-state visitor to hang out
843,remote_dataset/fleurs_vi_en/train/vi/vi_00843.wav,remote_dataset/fleurs_vi_en/train/en/en_00843.wav,12.24,11.16,một lý do là bắc new mexico đang gặp những vấn đề nghiêm trọng về say xỉn khi lái xe và mật độ cao lái xe say xỉn gần các quán bar trong thị trấn nhỏ,for one thing northern new mexico has significant problems with drunk driving and the concentration of intoxicated drivers is high close to small-town bars
844,remote_dataset/fleurs_vi_en/train/vi/vi_00844.wav,remote_dataset/fleurs_vi_en/train/en/en_00844.wav,6.78,5.76,những bức bích họa hay vẽ nguệch ngoạc không mong muốn được biết đến là grafiti,unwanted murals or scribble is known as graffiti
845,remote_dataset/fleurs_vi_en/train/vi/vi_00845.wav,remote_dataset/fleurs_vi_en/train/en/en_00845.wav,9.96,10.08,mặc dù chưa thể gọi là một hiện tượng đương đại có lẽ hầu hết mọi người cho rằng hoạt động này bắt nguồn từ việc thanh thiếu niên phá hoại tài sản công và tư bằng cách xịt sơn lên đó,while it's far from a modern phenomenon most people probably associate it with youth vandalizing public and private property using spray paint
846,remote_dataset/fleurs_vi_en/train/vi/vi_00846.wav,remote_dataset/fleurs_vi_en/train/en/en_00846.wav,17.52,16.26,tuy nhiên ngày nay đã có những nghệ sĩ graffiti những sự kiện graffiti và những bức tường hợp pháp được tạo nên các bức tranh graffiti trong bối cảnh này thường giống với các tác phẩm nghệ thuật hơn là các cụm từ không thể đọc được,however nowadays there are established graffiti artists graffiti events and legal walls graffiti paintings in this context often resemble artworks rather than illegible tags
847,remote_dataset/fleurs_vi_en/train/vi/vi_00847.wav,remote_dataset/fleurs_vi_en/train/en/en_00847.wav,5.76,7.44,ném boomerang là kỹ năng phổ biến mà nhiều du khách muốn học,boomerang throwing is a popular skill that many tourists want to acquire
848,remote_dataset/fleurs_vi_en/train/vi/vi_00848.wav,remote_dataset/fleurs_vi_en/train/en/en_00848.wav,11.28,9.96,nếu bạn muốn học chơi trò ném boomerang có thể quay về tay bạn hãy chắc chắn bạn có một chiếc boomerang phù hợp,if you want to learn throwing a boomerang that comes back to your hand make sure you have a suitable boomerang for returning
849,remote_dataset/fleurs_vi_en/train/vi/vi_00849.wav,remote_dataset/fleurs_vi_en/train/en/en_00849.wav,7.08,11.28,hầu hết boomerang được bán ở úc thật ra là loại không quay về người mới tập chơi tốt nhất không nên ném khi có gió lớn,most boomerangs available in australia are in fact non-returning it is best for beginners to not try throwing in windy
850,remote_dataset/fleurs_vi_en/train/vi/vi_00850.wav,remote_dataset/fleurs_vi_en/train/en/en_00850.wav,5.22,4.98,một bữa ăn hangi được nấu trong một cái hố nóng trong lòng đất,a hangi meal is cooked in a hot pit in the ground
851,remote_dataset/fleurs_vi_en/train/vi/vi_00851.wav,remote_dataset/fleurs_vi_en/train/en/en_00851.wav,12.84,11.76,cái hố sẽ được làm nóng lên bằng đá nóng lấy ra từ đống lửa hoặc ở một số nơi địa nhiệt làm cho đất trong khu vực đó nóng tự nhiên,the pit is either heated with hot stones from a fire or in some places geothermal heat makes areas of ground naturally hot
852,remote_dataset/fleurs_vi_en/train/vi/vi_00852.wav,remote_dataset/fleurs_vi_en/train/en/en_00852.wav,6.96,9.42,hangi thường dùng để nấu bữa tối thịt nướng theo kiểu truyền thống,the hangi is often used to cook a traditional roast style dinner
853,remote_dataset/fleurs_vi_en/train/vi/vi_00853.wav,remote_dataset/fleurs_vi_en/train/en/en_00853.wav,10.74,10.32,một số nơi ở rotorua cung cấp các lò địa nhiệt trong khi các lò khác có thể được lấy mẫu ở christchurch wellington và những nơi khác,several places in rotorua offer geothermal hangi while other hangi can be sampled in christchurch wellington and elsewhere
854,remote_dataset/fleurs_vi_en/train/vi/vi_00854.wav,remote_dataset/fleurs_vi_en/train/en/en_00854.wav,12.96,10.74,hệ thống metrorail có hai hạng trên các chuyến tàu đi lại trong và quanh cape town: metroplus còn được gọi lại hạng nhất và metro được gọi là hạng ba,metrorail has two classes on commuter trains in and around cape town: metroplus also called first class and metro called third class
855,remote_dataset/fleurs_vi_en/train/vi/vi_00855.wav,remote_dataset/fleurs_vi_en/train/en/en_00855.wav,7.38,9.12,metroplus thoải mái và đỡ đông hơn nhưng đắt hơn một chút mặc dù vẫn rẻ hơn vé tàu điện ngầm thông thường ở châu âu,metroplus is more comfortable and less crowded but slightly more expensive though still cheaper than normal metro tickets in europe
856,remote_dataset/fleurs_vi_en/train/vi/vi_00856.wav,remote_dataset/fleurs_vi_en/train/en/en_00856.wav,9.36,9.30,mỗi đoàn tàu có cả khoang metroplus và metro khoang metroplus luôn ở cuối tàu gần cape town nhất,every train has both metroplus and metro coaches the metroplus coaches are always on the end of the train nearest cape town
857,remote_dataset/fleurs_vi_en/train/vi/vi_00857.wav,remote_dataset/fleurs_vi_en/train/en/en_00857.wav,10.38,8.34,mang đồ giúp người khác đừng bao giờ rời mắt khỏi hành lí của bạn nhất là khi bạn đang băng qua biên giới,carrying for others never let your bags out of your sight especially when you are crossing international borders
858,remote_dataset/fleurs_vi_en/train/vi/vi_00858.wav,remote_dataset/fleurs_vi_en/train/en/en_00858.wav,8.28,7.98,bạn có thể bị lợi dụng làm người vận chuyển ma túy mà không hề hay biết và việc đó sẽ khiến bạn gặp rất nhiều rắc rối,you could find yourself being used as a drug carrier without your knowledge which will land you in a great deal of trouble
859,remote_dataset/fleurs_vi_en/train/vi/vi_00859.wav,remote_dataset/fleurs_vi_en/train/en/en_00859.wav,10.38,9.48,điều này có thể xảy ra cả trong quá trình xếp hàng chờ đợi vì chó nghiệp vụ có thể được sử dụng bất kỳ lúc nào mà không cần phải thông báo trước,this includes waiting in line as drug-sniffing dogs could be used at any time without notice
860,remote_dataset/fleurs_vi_en/train/vi/vi_00860.wav,remote_dataset/fleurs_vi_en/train/en/en_00860.wav,10.92,15.60,một số quốc gia có những hình phạt rất nặng ngay cả đối với người phạm tội lần đầu có thể bao gồm phạt tù hơn 10 năm hoặc tử hình,some countries have exceedingly draconian punishments even for first time offenses these can include prison sentences of over 10 years or death
861,remote_dataset/fleurs_vi_en/train/vi/vi_00861.wav,remote_dataset/fleurs_vi_en/train/en/en_00861.wav,12.18,7.50,các túi đồ không được trông coi là mục tiêu trộm cắp và cũng có thể thu hút sự chú ý từ các cơ quan chức năng cảnh giác về mối đe dọa đánh bom,unattended bags are a target for theft and can also attract attention from authorities wary of bomb threats
862,remote_dataset/fleurs_vi_en/train/vi/vi_00862.wav,remote_dataset/fleurs_vi_en/train/en/en_00862.wav,6.18,7.14,ở nhà do thường xuyên tiếp xúc với vi trùng tại chỗ nên tỷ lệ bạn đã miễn dịch với chúng là rất cao,at home due to this constant exposure to the local germs odds are very high that you're already immune to them
863,remote_dataset/fleurs_vi_en/train/vi/vi_00863.wav,remote_dataset/fleurs_vi_en/train/en/en_00863.wav,10.92,8.16,nhưng tại những nơi khác của thế giới nơi mà hệ vi sinh vật còn là sự mới mẻ đối với bạn thì có nhiều khả năng bạn sẽ gặp vấn đề,but in other parts of the world where the bacteriological fauna are new to you you're far more likely to run into problems
864,remote_dataset/fleurs_vi_en/train/vi/vi_00864.wav,remote_dataset/fleurs_vi_en/train/en/en_00864.wav,7.50,8.46,ngoài ra trong thời tiết ấm áp vi khuẩn phát triển nhanh hơn và sống lâu hơn ở môi trường ngoài cơ thể,also in warmer climates bacteria both grow more quickly and survive longer outside the body
865,remote_dataset/fleurs_vi_en/train/vi/vi_00865.wav,remote_dataset/fleurs_vi_en/train/en/en_00865.wav,8.76,9.06,vì vậy phát sinh tai họa của delhi belly lời nguyền của pharaoh sự báo thù của montezuma và nhiều thuật ngữ tương tự khác,thus the scourges of delhi belly the pharaoh's curse montezuma's revenge and their many friends
866,remote_dataset/fleurs_vi_en/train/vi/vi_00866.wav,remote_dataset/fleurs_vi_en/train/en/en_00866.wav,15.48,11.10,cũng giống như những vấn đề về hô hấp trong thời tiết lạnh giá những vấn đề về đường ruột ở nơi có thời tiết nóng khá phổ biến và trong hầu hết trường hợp tuy gây khó chịu nhưng không thực sự nguy hiểm,as with respiratory problems in colder climates intestinal problems in hot climates are fairly common and in most cases are distinctly annoying but not really dangerous
867,remote_dataset/fleurs_vi_en/train/vi/vi_00867.wav,remote_dataset/fleurs_vi_en/train/en/en_00867.wav,10.14,8.14,nếu lần đầu đi du lịch đến một quốc gia đang phát triển hoặc ở một địa điểm mới trên thế giới đừng xem thường nguy cơ sốc vì sự khác biệt văn hóa,if traveling in a developing country for the first time or in a new part of the world don't underestimate the potential culture shock
868,remote_dataset/fleurs_vi_en/train/vi/vi_00868.wav,remote_dataset/fleurs_vi_en/train/en/en_00868.wav,11.28,8.70,rất nhiều du khách kiên định bản lĩnh đã bị thuyết phục bởi sự mới mẻ của phát triển du lịch thế giới ở đó rất nhiều sự điều chỉnh văn hóa nhỏ có thể xuất hiện một cách nhanh chóng,many a stable capable traveler has been overcome by the newness of developing world travel where many little cultural adjustments can add up quickly
869,remote_dataset/fleurs_vi_en/train/vi/vi_00869.wav,remote_dataset/fleurs_vi_en/train/en/en_00869.wav,9.66,15.66,đặc biệt trong những ngày đầu nên cân nhắc việc chi tiêu mạnh tay cho phong cách phương tây và khách sạn đồ ăn và dịch vụ chất lượng cao để thích nghi,especially in your initial days consider splurging on western-style and quality hotels food and services to help acclimatize
870,remote_dataset/fleurs_vi_en/train/vi/vi_00870.wav,remote_dataset/fleurs_vi_en/train/en/en_00870.wav,6.00,7.38,đừng ngủ trên thảm hay sàn trong khu vực mà bạn không biết hệ động vật địa phương,do not sleep on a mattress or pad on the ground in areas where you do not know the local fauna
871,remote_dataset/fleurs_vi_en/train/vi/vi_00871.wav,remote_dataset/fleurs_vi_en/train/en/en_00871.wav,11.64,7.92,nếu bạn dự định cắm trại ngoài trời hãy đem theo một chiếc giường xếp hoặc võng để giúp bạn tránh khỏi rắn bò cạp và những loài tương tự,if you are going to camp out bring a camp cot or hammock to keep you away from snakes scorpions and such
872,remote_dataset/fleurs_vi_en/train/vi/vi_00872.wav,remote_dataset/fleurs_vi_en/train/en/en_00872.wav,9.90,7.56,hãy lấp đầy không gian ngôi nhà bạn với hương vị cà phê vào buổi sáng và một chút trà hoa cúc thư giãn vào ban đêm,fill your home with a rich coffee in the morning and some relaxing chamomile tea at night
873,remote_dataset/fleurs_vi_en/train/vi/vi_00873.wav,remote_dataset/fleurs_vi_en/train/en/en_00873.wav,10.02,7.12,khi bạn du lịch tại chỗ bạn có thời gian dành cho chính mình và dành thêm đôi ít phút để pha chế một món gì đó đặc biệt,when you're on a staycation you have the time to treat yourself and take a few extra minutes to brew up something special
874,remote_dataset/fleurs_vi_en/train/vi/vi_00874.wav,remote_dataset/fleurs_vi_en/train/en/en_00874.wav,9.78,7.56,nếu muốn trải nghiệm cảm giác phiêu lưu nhân cơ hội này bạn hãy thử làm nước ép hoặc pha chế một số loại sinh tố,if you're feeling more adventurous take the opportunity to juice or blend up some smoothies
875,remote_dataset/fleurs_vi_en/train/vi/vi_00875.wav,remote_dataset/fleurs_vi_en/train/en/en_00875.wav,9.24,15.48,biết đâu bạn sẽ khám phá ra một loại thức uống đơn giản cho bữa sáng khi trở lại với đời sống thường nhật,maybe you'll discover a simple beverage that you can make for breakfast when you're back to your daily routine
876,remote_dataset/fleurs_vi_en/train/vi/vi_00876.wav,remote_dataset/fleurs_vi_en/train/en/en_00876.wav,9.96,9.00,bạn sống trong thành phố với văn hóa uống rượu đa dạng đến quán bar hoặc quán rượu tại các con phố bạn không thường lui tới,if you live in a city with a varied drinking culture go to bars or pubs in neighborhoods you don't frequent
877,remote_dataset/fleurs_vi_en/train/vi/vi_00877.wav,remote_dataset/fleurs_vi_en/train/en/en_00877.wav,7.56,7.80,đối với những người không quen với thuật ngữ y khoa từ lây lan và truyền nhiễm có ý nghĩa không giống nhau,for those unfamiliar with medical jargon the words infectious and contagious have distinct meanings
878,remote_dataset/fleurs_vi_en/train/vi/vi_00878.wav,remote_dataset/fleurs_vi_en/train/en/en_00878.wav,9.36,7.56,bệnh truyền nhiễm là bệnh do một mầm bệnh gây ra chẳng hạn như vi-rút vi khuẩn nấm hoặc các ký sinh trùng khác,an infectious disease is one that is caused by a pathogen such as a virus bacterium fungus or other parasites
879,remote_dataset/fleurs_vi_en/train/vi/vi_00879.wav,remote_dataset/fleurs_vi_en/train/en/en_00879.wav,7.38,8.58,bệnh truyền nhiễm là bệnh dễ dàng lây nhiễm khi ở gần người bị bệnh,a contagious disease is a disease which is easily transmitted by being in the vicinity of an infected person
880,remote_dataset/fleurs_vi_en/train/vi/vi_00880.wav,remote_dataset/fleurs_vi_en/train/en/en_00880.wav,7.56,8.16,nhiều chính phủ yêu cầu khách nhập cảnh hoặc cư dân rời nước họ phải tiêm vắc-xin phòng một loạt bệnh,many governments require visitors entering or residents leaving their countries to be vaccinated for a range of diseases
881,remote_dataset/fleurs_vi_en/train/vi/vi_00881.wav,remote_dataset/fleurs_vi_en/train/en/en_00881.wav,9.36,7.08,những quy định này có thể thường phụ thuộc vào những quốc gia cụ thể mà khách du lịch đã đến hay dự định đến,these requirements may often depend on what countries a traveller has visited or intends to visit
882,remote_dataset/fleurs_vi_en/train/vi/vi_00882.wav,remote_dataset/fleurs_vi_en/train/en/en_00882.wav,11.28,7.72,một trong những điểm mạnh của thành phố charlotte ở bắc carolina là có vô số những lựa chọn với chất lượng cao dành cho các gia đình,one of strong points of charlotte north carolina is that it has an abundance of high-quality options for families
883,remote_dataset/fleurs_vi_en/train/vi/vi_00883.wav,remote_dataset/fleurs_vi_en/train/en/en_00883.wav,15.60,10.98,các cư dân từ khu vực khác thường xem sự thân thiện gia đình là lý do chính để chuyển tới đó và du khách thường thấy thành phố này thật dễ dàng để tận hưởng khi có trẻ nhỏ xung quanh,residents from other areas often cite family-friendliness as a primary reason for moving there and visitors often find the city easy to enjoy with children around
884,remote_dataset/fleurs_vi_en/train/vi/vi_00884.wav,remote_dataset/fleurs_vi_en/train/en/en_00884.wav,9.60,10.68,trong 20 năm qua số lượng những chọn lựa bổ ích cho trẻ em ở khu trung tâm charlotte đã tăng thêm theo cấp số nhân,in the past 20 years the amount of child-friendly options in uptown charlotte has grown exponentially
885,remote_dataset/fleurs_vi_en/train/vi/vi_00885.wav,remote_dataset/fleurs_vi_en/train/en/en_00885.wav,9.12,7.92,taxi thường không được các gia đình ở charlotte sử dụng dù chúng đôi khi cũng được dùng trong một số trường hợp nhất định,taxis are not generally used by families in charlotte though they can be of some use in certain circumstances
886,remote_dataset/fleurs_vi_en/train/vi/vi_00886.wav,remote_dataset/fleurs_vi_en/train/en/en_00886.wav,9.00,7.44,sẽ thu thêm phụ phí nếu có nhiều hơn 2 hành khách vì vậy lựa chọn này có thể đắt hơn mức cần thiết,there is a surcharge for having more than 2 passengers so this option might be more expensive than necessary
887,remote_dataset/fleurs_vi_en/train/vi/vi_00887.wav,remote_dataset/fleurs_vi_en/train/en/en_00887.wav,6.54,5.16,nam cực là nơi lạnh nhất trên trái đất và bao quanh địa cực nam,antarctica is the coldest place on earth and surrounds the south pole
888,remote_dataset/fleurs_vi_en/train/vi/vi_00888.wav,remote_dataset/fleurs_vi_en/train/en/en_00888.wav,19.92,14.52,các chuyến tham quan của khách du lịch có giá khá đắt đòi hỏi có thể chất phù hợp chỉ có thể tiến hành vào mùa hè từ tháng mười một đến tháng hai và phần lớn được giới hạn trong phạm vi bán đảo quần đảo và biển ross,tourist visits are costly demand physical fitness can only take place in summer nov-feb and are largely limited to the peninsula islands and ross sea
889,remote_dataset/fleurs_vi_en/train/vi/vi_00889.wav,remote_dataset/fleurs_vi_en/train/en/en_00889.wav,10.80,9.84,vài ngàn nhân viên sống ở đây vào mùa hè trong khoảng bốn chục căn cứ chủ yếu nằm trong những khu vực này và một số ít ở lại qua mùa đông,a couple of thousand staff live here in summer in some four dozen bases mostly in those areas a small number stay over winter
890,remote_dataset/fleurs_vi_en/train/vi/vi_00890.wav,remote_dataset/fleurs_vi_en/train/en/en_00890.wav,8.88,7.92,lục địa nam cực là vùng cao nguyên không có người ở nằm dưới lớp băng dày 2 - 3 km,inland antarctica is a desolate plateau covered by 2-3 km of ice
891,remote_dataset/fleurs_vi_en/train/vi/vi_00891.wav,remote_dataset/fleurs_vi_en/train/en/en_00891.wav,9.72,10.68,thỉnh thoảng các tour du lịch hàng không đi vào đất liền để leo núi hoặc tới địa cực nơi có một căn cứ lớn,occasional specialist air tours go inland for mountaineering or to reach the pole which has a large base
892,remote_dataset/fleurs_vi_en/train/vi/vi_00892.wav,remote_dataset/fleurs_vi_en/train/en/en_00892.wav,9.60,25.20,con đường nam cực hay xa lộ là con đường dài 1600 km kéo dài từ ga mcmurdo trên biển ross tới cực,the south pole traverse or highway is a 1600 km trail from mcmurdo station on the ross sea to the pole
894,remote_dataset/fleurs_vi_en/train/vi/vi_00894.wav,remote_dataset/fleurs_vi_en/train/en/en_00894.wav,8.40,7.68,các thiết bị này khá nặng nên con đường mòn phải đi vòng qua dãy núi transantarctic để đến cao nguyên,these aren't very nimble so the trail has to take a long swerve around the transantarctic mountains to come onto the plateau
895,remote_dataset/fleurs_vi_en/train/vi/vi_00895.wav,remote_dataset/fleurs_vi_en/train/en/en_00895.wav,7.26,9.96,nguyên nhân phổ biến nhất gây ra tai nạn trong mùa đông là đường vỉa hè và đặc biệt là các bậc thang trơn trượt,the most common cause for accidents in winter is slippery roads pavements sidewalks and especially steps
896,remote_dataset/fleurs_vi_en/train/vi/vi_00896.wav,remote_dataset/fleurs_vi_en/train/en/en_00896.wav,10.68,10.98,tối thiểu bạn cần một đôi giày có đế phù hợp giày mùa hè thường rất trơn trên băng tuyết ngay cả một số ủng mùa đông cũng không thích hợp,at a minimum you need footwear with suitable soles summer shoes are usually very slippery on ice and snow even some winter boots are deficient
898,remote_dataset/fleurs_vi_en/train/vi/vi_00898.wav,remote_dataset/fleurs_vi_en/train/en/en_00898.wav,13.14,13.32,một số giày ống có đinh tán và có những phụ kiện kèm theo được đóng lên để chống trơn trượt thích hợp cho hầu hết giày và giày ống cho phần gót hoặc gót và đế,some boots have studs and there is studded add-on equipment for slippery conditions suitable for most shoes and boots for the heels or heels and sole
899,remote_dataset/fleurs_vi_en/train/vi/vi_00899.wav,remote_dataset/fleurs_vi_en/train/en/en_00899.wav,11.94,10.50,gót nên thấp và rộng. cát sỏi hoặc muối canxi clorua thường được rải trên đường hoặc lối đi để tăng độ bám,heels should be low and wide. sand gravel or salt calcium chloride is often scattered on roads or paths to improve traction
900,remote_dataset/fleurs_vi_en/train/vi/vi_00900.wav,remote_dataset/fleurs_vi_en/train/en/en_00900.wav,10.80,10.50,tuyết lở không phải là hiện tượng bất thường những sườn núi dốc chỉ giữ được một số lượng tuyết nhất định và phần còn lại sẽ rơi xuống tạo thành tuyết lở,avalanches are not an abnormality steep slopes can hold only so much slow and the excess volumes will come down as avalanches
901,remote_dataset/fleurs_vi_en/train/vi/vi_00901.wav,remote_dataset/fleurs_vi_en/train/en/en_00901.wav,9.96,7.88,do tính kết dính của mình tuyết cần có gì đó khơi mào để rơi xuống và một ít tuyết rơi xuống có thể chính là sự kiện khơi mào cho trận tuyết lở,the problem is that snow is sticky so it needs some triggering to come down and some snow coming down can be the triggering event for the rest
902,remote_dataset/fleurs_vi_en/train/vi/vi_00902.wav,remote_dataset/fleurs_vi_en/train/en/en_00902.wav,11.04,11.22,đôi khi sự kiện khởi nguồn ban đầu là mặt trời làm tan tuyết đôi khi là tuyết rơi nhiều hơn đôi khi là các sự kiện tự nhiên khác thường là một người,sometimes the original trigging event is the sun warming the snow sometimes some more snowfall sometimes other natural events often a human
903,remote_dataset/fleurs_vi_en/train/vi/vi_00903.wav,remote_dataset/fleurs_vi_en/train/en/en_00903.wav,9.48,6.80,lốc xoáy là cột không khí có áp suất thấp xoay tròn hút không khí xung quanh vào trong và hướng lên trên,a tornado is a spinning column of very low-pressure air which sucks the surrounding air inward and upward
904,remote_dataset/fleurs_vi_en/train/vi/vi_00904.wav,remote_dataset/fleurs_vi_en/train/en/en_00904.wav,10.20,9.24,lốc xoáy tạo ra vận tốc gió vô cùng lớn 100-200 dặm/giờ. trong quá trình di chuyển chúng có thể cuốn theo các vật nặng vào trong không khí,they generate high winds often 100-200 miles/hour and can lift heavy objects into the air carrying them as the tornado moves
905,remote_dataset/fleurs_vi_en/train/vi/vi_00905.wav,remote_dataset/fleurs_vi_en/train/en/en_00905.wav,10.14,14.88,ban đầu chúng là những hình phễu xổ ra từ các đám mây giông và trở thành lốc xoáy khi chạm đất,they begin as funnels descending from storm clouds and become tornadoes when they touch the ground
906,remote_dataset/fleurs_vi_en/train/vi/vi_00906.wav,remote_dataset/fleurs_vi_en/train/en/en_00906.wav,13.38,14.34,các nhà cung cấp mạng vpn cá nhân mạng riêng ảo là một cách tuyệt vời để vượt qua cả kiểm duyệt chính trị và lọc địa lý ip thương mại,personal vpn virtual private network providers are an excellent way of circumventing both political censorship and commercial ip-geofiltering
907,remote_dataset/fleurs_vi_en/train/vi/vi_00907.wav,remote_dataset/fleurs_vi_en/train/en/en_00907.wav,14.46,9.48,nó vượt trội hơn web proxy vì một số lý do khả năng định tuyến lại toàn bộ lưu lượng internet chứ không chỉ http,they are superior to web proxies for several reasons they re-route all internet traffic not only http
908,remote_dataset/fleurs_vi_en/train/vi/vi_00908.wav,remote_dataset/fleurs_vi_en/train/en/en_00908.wav,9.60,7.92,chúng thường đem lại băng thông cao hơn và chất lượng dịch vụ tốt hơn chúng được mã hoá và do đó khó bị theo dõi hơn,they normally offer higher bandwidth and better quality of service they are encrypted and thus harder to spy on
909,remote_dataset/fleurs_vi_en/train/vi/vi_00909.wav,remote_dataset/fleurs_vi_en/train/en/en_00909.wav,7.08,7.20,các công ty truyền thông thường nói dối về mục đích của việc này cho rằng là để ngăn chăn việc vi phạm bản quyền,the media companies routinely lie about the purpose of this claiming that it is to prevent piracy
910,remote_dataset/fleurs_vi_en/train/vi/vi_00910.wav,remote_dataset/fleurs_vi_en/train/en/en_00910.wav,14.28,12.48,thực tế mã khu vực hoàn toàn không ảnh hưởng đến việc sao chép bất hợp pháp bản sao y của đĩa sẽ hoạt động tốt trên mọi thiết bị mà bản gốc hoạt động tốt,in fact region codes have absolutely no effect on illegal copying a bit-for-bit copy of a disk will play just fine on any device where the original will
911,remote_dataset/fleurs_vi_en/train/vi/vi_00911.wav,remote_dataset/fleurs_vi_en/train/en/en_00911.wav,9.66,10.08,mục đích thực sự là mang đến cho những công ty đó nhiều quyền kiểm soát thị trường nói chung tất cả đều là về kiếm thật nhiều tiền,the actual purpose is to give those companies more control over their markets it's all about money spinning
912,remote_dataset/fleurs_vi_en/train/vi/vi_00912.wav,remote_dataset/fleurs_vi_en/train/en/en_00912.wav,11.76,8.16,vì các cuộc gọi được định tuyến qua mạng internet nên bạn không cần đến công ty cung cấp dịch vụ điện thoại tại nơi bạn sinh sống hoặc du lịch,because calls are routed over the internet you do not need to use a phone company located where you live or where you travel
913,remote_dataset/fleurs_vi_en/train/vi/vi_00913.wav,remote_dataset/fleurs_vi_en/train/en/en_00913.wav,19.86,12.42,cũng không có quy định nào bắt buộc bạn phải có một mã số địa phương do cộng đồng nơi bạn sống cung cấp bạn có thể nhận được một kết nối internet qua vệ tinh tại những khu vực hoang dã tại chicken tiểu bang alaska và chọn một mã số xác nhận rằng bạn đã ở tiểu bang arizona đầy nắng,there is also no requirement that you obtain a local number from the community in which you live you can obtain a satellite internet connection in the wilds of chicken alaska and select a number which claims you're in sunny arizona
914,remote_dataset/fleurs_vi_en/train/vi/vi_00914.wav,remote_dataset/fleurs_vi_en/train/en/en_00914.wav,12.30,10.26,thông thường bạn phải mua một số quốc tế riêng để cho phép điện thoại cố định pstn gọi cho bạn số đó đến từ đâu sẽ tạo khác biệt cho người gọi điện cho bạn,often you have to buy a global number separately that allows pstn phones to call you where the number is from makes a difference for people calling you
915,remote_dataset/fleurs_vi_en/train/vi/vi_00915.wav,remote_dataset/fleurs_vi_en/train/en/en_00915.wav,8.40,8.94,ứng dụng dịch văn bản theo thời gian thực những ứng dụng có thể dịch tự động tất cả các đoạn văn bản từ ngôn ngữ này sang ngôn ngữ khác,real-time text translator apps applications that are capable of automatically translating whole segments of text from one language into another
916,remote_dataset/fleurs_vi_en/train/vi/vi_00916.wav,remote_dataset/fleurs_vi_en/train/en/en_00916.wav,12.24,15.24,một số ứng dụng trong danh mục này còn có thể dịch văn bản tiếng nước ngoài trong các bảng hiệu hoặc vật thể khác trong đời sống khi người dùng hướng điện thoại của họ về phía những vật thể đó,some of the applications in this category can even translate texts in foreign languages on signs or other objects in the real world when the user points the smartphone towards those objects
917,remote_dataset/fleurs_vi_en/train/vi/vi_00917.wav,remote_dataset/fleurs_vi_en/train/en/en_00917.wav,13.50,14.34,các chương trình dịch tự động đã được cải thiện đáng kể và hiện có thể cung cấp những bản dịch tương đối chính xác và ít khi sai ngữ pháp nhưng vẫn phải lưu ý vì chúng vẫn có thể dịch sai hoàn toàn,the translation engines have improved dramatically and now often give more or less correct translations and more seldom gibberish but some care is due as they still may have gotten it all wrong
918,remote_dataset/fleurs_vi_en/train/vi/vi_00918.wav,remote_dataset/fleurs_vi_en/train/en/en_00918.wav,11.88,9.60,một trong những ứng dụng nổi bật nhất trong danh mục này là google dịch một ứng dụng cho phép dịch ngoại tuyến sau khi tải xuống dữ liệu ngôn ngữ cần thực hiện,one of the most prominent apps in this category is google translate which allows offline translation after downloading the desired language data
919,remote_dataset/fleurs_vi_en/train/vi/vi_00919.wav,remote_dataset/fleurs_vi_en/train/en/en_00919.wav,12.12,9.66,sử dụng các ứng dụng điều hướng qua gps trên điện thoại di động có thể là cách thức dễ dàng và thuận tiện nhất để xác định phương hướng khi di chuyển ở nước ngoài,using gps navigation apps on your smartphone can be the easiest and most convenient way to navigate when out of your home country
920,remote_dataset/fleurs_vi_en/train/vi/vi_00920.wav,remote_dataset/fleurs_vi_en/train/en/en_00920.wav,14.04,10.86,nó có thể tiết kiệm tiền hơn mua bản đồ mới cho một máy định vị gps hoặc thiết bị gps hoạt động độc lập hoặc thuê một chiếc từ công ty cho thuê xe,it can save money over buying new maps for a gps or a standalone gps device or renting one from a car rental company
921,remote_dataset/fleurs_vi_en/train/vi/vi_00921.wav,remote_dataset/fleurs_vi_en/train/en/en_00921.wav,12.72,7.62,nếu bạn không có kết nối dữ liệu cho điện thoại của bạn hoặc khi điện thoại ngoài vùng phủ sóng hiệu năng của chúng có thể bị giới hạn hoặc không có sẵn,if you don't have a data connection for your phone or when it is out of range their performance can be limited or unavailable
922,remote_dataset/fleurs_vi_en/train/vi/vi_00922.wav,remote_dataset/fleurs_vi_en/train/en/en_00922.wav,16.02,9.48,mọi cửa hàng ở góc phố đều chất đầy một dãy lộn xộn các thẻ điện thoại trả trước mà có thể được sử dụng từ trụ điện thoại công cộng hoặc điện thoại thông thường,every corner store is filled with a confusing array of pre-paid phone cards that can be used from pay phones or ordinary telephones
923,remote_dataset/fleurs_vi_en/train/vi/vi_00923.wav,remote_dataset/fleurs_vi_en/train/en/en_00923.wav,13.32,9.00,dù hầu hết các loại thẻ đều gọi tốt ở bất kì nơi đâu nhưng cũng có những loại chuyên cung cấp giá cước gọi ưu đãi dùng cho một nhóm nước riêng biệt,while most cards are good for calling anywhere some specialise in providing favourable call rates to specific groups of countries
924,remote_dataset/fleurs_vi_en/train/vi/vi_00924.wav,remote_dataset/fleurs_vi_en/train/en/en_00924.wav,8.76,8.34,những dịch vụ này thường được sử dụng qua một số điện thoại miễn cước có thể gọi từ hầu hết các điện thoại mà không bị tính phí,access to these services is often through a toll-free telephone number that can be called from most phones without charge
925,remote_dataset/fleurs_vi_en/train/vi/vi_00925.wav,remote_dataset/fleurs_vi_en/train/en/en_00925.wav,9.30,6.36,những quy định liên quan đến nhiếp ảnh thông thường cũng được áp dụng trong quay video thậm chí còn nhiều hơn,rules regarding regular photography also apply to video recording possibly even more so
926,remote_dataset/fleurs_vi_en/train/vi/vi_00926.wav,remote_dataset/fleurs_vi_en/train/en/en_00926.wav,9.90,7.56,nếu chụp ảnh thứ gì đó không được phép thì bạn cũng đừng nên nghĩ sẽ quay video về nó,if just taking a photo of something isn't allowed then you shouldn't even think of recording a video of it
927,remote_dataset/fleurs_vi_en/train/vi/vi_00927.wav,remote_dataset/fleurs_vi_en/train/en/en_00927.wav,9.66,8.22,nếu sử dụng phương tiện bay không người lái hãy kiểm tra lại cho kỹ để biết rõ bạn được phép quay phim những gì và cần có những giấy phép hay giấy tờ gì,if using a drone check well in advance as to what you are allowed to film and what permits or additional licensing are required
928,remote_dataset/fleurs_vi_en/train/vi/vi_00928.wav,remote_dataset/fleurs_vi_en/train/en/en_00928.wav,12.00,7.68,bạn không nên cho máy bay không người lái bay gần sân bay hoặc trên đầu một đám đông ngay cả khi đó là hành vi không phạm pháp tại địa phương của bạn,flying a drone near an airport or over a crowd is almost always a bad idea even if it's not illegal in your area
929,remote_dataset/fleurs_vi_en/train/vi/vi_00929.wav,remote_dataset/fleurs_vi_en/train/en/en_00929.wav,8.52,8.28,ngày nay vé máy bay du lịch hiếm khi được đặt trực tiếp qua hãng hàng không nếu chưa được dò tìm và so sánh trước về giá,nowadays air travel is only rarely booked directly through the airline without first searching and comparing prices
930,remote_dataset/fleurs_vi_en/train/vi/vi_00930.wav,remote_dataset/fleurs_vi_en/train/en/en_00930.wav,17.16,17.58,đôi khi cùng một chuyến bay nhưng giá cả có thể khác nhau một trời một vực tại các đại lý đặt vé khác nhau và việc so sánh các kết quả tìm kiếm cũng như xem trang web của chính hãng hàng không trước khi đặt cũng rất đáng làm,sometimes the same flight can have vastly differing prices at various agregators and it pays to compare search results and to also look at the website of the airline itself before booking
931,remote_dataset/fleurs_vi_en/train/vi/vi_00931.wav,remote_dataset/fleurs_vi_en/train/en/en_00931.wav,17.76,14.88,mặc dù bạn có thể không cần thị thực cho chuyến thăm ngắn ngày tới một số quốc gia nhất định theo diện khách du lịch hoặc công tác những nếu bạn là sinh viên quốc tế thì thường sẽ cần phải ở lại lâu hơn là tới đó với tư cách là khách du lịch bình thường,while you may not need a visa for short visits to certain countries as a tourist or for business going there as an international student generally requires a longer stay than going there just as a casual tourist
932,remote_dataset/fleurs_vi_en/train/vi/vi_00932.wav,remote_dataset/fleurs_vi_en/train/en/en_00932.wav,8.16,8.46,nhìn chung ở lại tại bất cứ quốc gia nào trong thời gian dài cũng đòi hỏi bạn phải xin cấp thị thực trước,in general staying in any foreign country for an extended period of time will require you to obtain a visa in advance
933,remote_dataset/fleurs_vi_en/train/vi/vi_00933.wav,remote_dataset/fleurs_vi_en/train/en/en_00933.wav,9.60,9.36,thị thực học sinh thường có những yêu cầu và quy trình nộp khác với khách du lịch thông thường hay thị thực doanh nghiệp,student visas generally have different requirements and application procedures from normal tourist or business visas
934,remote_dataset/fleurs_vi_en/train/vi/vi_00934.wav,remote_dataset/fleurs_vi_en/train/en/en_00934.wav,13.38,12.30,đa số các nước đều yêu cầu có thư mời học từ cơ sở giáo dục mà bạn muốn theo học cùng với bằng chứng chứng minh nguồn tài chính chi trả cho ít nhất năm đầu tiên của khóa học bạn chọn,for most countries you will need an offer letter from the institution you wish to study at and also evidence of funds to support yourself for at least the first year of your course
935,remote_dataset/fleurs_vi_en/train/vi/vi_00935.wav,remote_dataset/fleurs_vi_en/train/en/en_00935.wav,8.88,7.32,hãy hỏi nhà trường và sở di trú tại quốc gia bạn muốn học để biết các yêu cầu chi tiết,check with the institution as well as the immigration department for the country you wish to study in for detailed requirements
936,remote_dataset/fleurs_vi_en/train/vi/vi_00936.wav,remote_dataset/fleurs_vi_en/train/en/en_00936.wav,9.78,9.42,trừ khi là nhà ngoại giao thông thường làm việc ở nước ngoài có nghĩa là bạn phải nộp tờ khai thuế thu nhập ở quốc gia mà bạn làm việc,unless you are a diplomat working overseas generally means that you will have to file income tax in the country you are based in
937,remote_dataset/fleurs_vi_en/train/vi/vi_00937.wav,remote_dataset/fleurs_vi_en/train/en/en_00937.wav,7.92,9.24,thuế thu nhập được quy định khác nhau ở các quốc gia khác nhau và thuế suất và khung thuế đều khác nhau ở từng quốc gia,income tax is structured differently in different countries and the tax rates and brackets vary widely from one country to another
938,remote_dataset/fleurs_vi_en/train/vi/vi_00938.wav,remote_dataset/fleurs_vi_en/train/en/en_00938.wav,14.28,13.02,trong một số quốc gia liên bang như mỹ và canada thuế thu nhập được áp dụng ở cả cấp liên bang và cấp địa phương vì vậy mà mức thuế và khung thuế có thể khác nhau tùy khu vực,in some federal countries such as the united states and canada income tax is levied both at the federal level and at the local level so the rates and brackets can vary from region to region
940,remote_dataset/fleurs_vi_en/train/vi/vi_00940.wav,remote_dataset/fleurs_vi_en/train/en/en_00940.wav,10.92,7.44,hãy chắc chắn rằng bạn biết rõ những gì được phép và không được phép mang theo và khai báo bất cứ thứ gì vượt quá giới hạn theo luật định,make sure you know what you can and cannot bring in and declare anything over the legal limits
941,remote_dataset/fleurs_vi_en/train/vi/vi_00941.wav,remote_dataset/fleurs_vi_en/train/en/en_00941.wav,10.44,10.08,cách dễ nhất để bắt đầu nghề nhà báo du lịch là trau dồi kỹ năng của bạn trên một trang web nhật ký du lịch được nhiều người biết đến,the easiest way to get started in the business of travel writing is to hone your skills on an established travel blog website
942,remote_dataset/fleurs_vi_en/train/vi/vi_00942.wav,remote_dataset/fleurs_vi_en/train/en/en_00942.wav,11.34,8.40,sau khi bạn đã quen với thao tác định dạng và biên tập trên web thì sau này bạn có thể tạo ra trang web của riêng mình,after you become comfortable with formatting and editing on the web then later you might create your own website
943,remote_dataset/fleurs_vi_en/train/vi/vi_00943.wav,remote_dataset/fleurs_vi_en/train/en/en_00943.wav,8.82,5.18,tình nguyện kết hợp du lịch là một cách hay để tạo ra sự khác biệt nhưng đó không chỉ là vấn đề cho đi,volunteering while travelling is a great way to make a difference but it's not just about giving
944,remote_dataset/fleurs_vi_en/train/vi/vi_00944.wav,remote_dataset/fleurs_vi_en/train/en/en_00944.wav,14.22,10.80,sinh sống và hoạt động tình nguyện ở nước ngoài là một phương cách tuyệt vời để tìm hiểu một nền văn hóa khác gặp gỡ nhiều người tìm hiểu về bản thân mở rộng thế giới quan và kể cả học hỏi những kỹ năng mới,living and volunteering in a foreign country is a great way to get to know a different culture meet new people learn about yourself get a sense of perspective and even gain new skills
945,remote_dataset/fleurs_vi_en/train/vi/vi_00945.wav,remote_dataset/fleurs_vi_en/train/en/en_00945.wav,13.20,10.74,đây cũng là một biện pháp tốt để nới rộng ngân sách để có thể ở lại lâu hơn tại một địa điểm nào đó vì rất nhiều công việc tình nguyện cung cấp nơi ăn ở và trả một khoản tiền lương nhỏ,it can also be a good way to stretch a budget to allow a longer stay somewhere since many volunteer jobs provide room and board and a few pay a small salary
946,remote_dataset/fleurs_vi_en/train/vi/vi_00946.wav,remote_dataset/fleurs_vi_en/train/en/en_00946.wav,19.80,25.02,người vikings đã sử dụng các tuyến đường thủy của nga để đến biển đen và biển caspi nhiều phần của các tuyến đường này vẫn có thể còn sử dụng kiểm tra xem có cần xin các giấy phép đặc biệt có thể sẽ rất khó xin được,vikings used the russian waterways to get to the black sea and caspian sea parts of these routes can still be used check possible need for special permits which may be difficult to get
947,remote_dataset/fleurs_vi_en/train/vi/vi_00947.wav,remote_dataset/fleurs_vi_en/train/en/en_00947.wav,12.06,18.36,kênh đào bạch hải-baltic nối bắc băng dương với biển baltic đi qua hồ onega hồ ladoga và saint petersburg chủ yếu bằng sông hồ,the white sea-baltic canal connects the arctic ocean to the baltic sea via lake onega lake ladoga and saint petersburg mostly by rivers and lakes
948,remote_dataset/fleurs_vi_en/train/vi/vi_00948.wav,remote_dataset/fleurs_vi_en/train/en/en_00948.wav,9.30,8.40,hồ onega cũng được kết nối với volga vì vậy vẫn có thể đi từ biển caspi qua nga,lake onega is also connected to volga so coming from the caspian sea through russia is still possible
949,remote_dataset/fleurs_vi_en/train/vi/vi_00949.wav,remote_dataset/fleurs_vi_en/train/en/en_00949.wav,11.52,14.10,chắc chắn rằng khi bạn tới bến du thuyền mọi thứ sẽ rất rõ ràng bạn sẽ gặp những người quá giang thuyền và họ sẽ chia sẻ những thông tin của họ cho bạn,be assured that once you hit the marinas everything will be pretty obvious you will meet other boat hitchhikers and they will share their information with you
950,remote_dataset/fleurs_vi_en/train/vi/vi_00950.wav,remote_dataset/fleurs_vi_en/train/en/en_00950.wav,14.52,10.56,về căn bản bạn sẽ treo thông báo đề nghị giúp đỡ cập bến cho tàu tiếp cận người dân xin dọn dẹp du thuyền của họ cố gắng làm quen với các thủy thủ trong quán bar v.v,basically you'll be putting up notices offering your help pacing the docks approaching people cleaning their yachts trying to make contact with sailors in the bar etc
951,remote_dataset/fleurs_vi_en/train/vi/vi_00951.wav,remote_dataset/fleurs_vi_en/train/en/en_00951.wav,12.84,10.56,hãy cố gắng nói chuyện với càng nhiều người càng tốt sau một thời gian mọi người sẽ biết tới bạn và sẽ cho bạn biết con thuyền nào đang còn thiếu người,try to talk to as many people as possible after a while everyone will know you and will give you hints as to which boat is looking for someone
952,remote_dataset/fleurs_vi_en/train/vi/vi_00952.wav,remote_dataset/fleurs_vi_en/train/en/en_00952.wav,11.76,5.10,bạn nên chọn lựa thật kỹ lưỡng trước khi đưa ra quyết định sử dụng chương trình khách hàng thường xuyên của một hãng hàng không trong khối liên minh,you should choose your frequent flyer airline in an alliance carefully
953,remote_dataset/fleurs_vi_en/train/vi/vi_00953.wav,remote_dataset/fleurs_vi_en/train/en/en_00953.wav,15.12,17.16,mặc dù có thể theo trực giác bạn sẽ chọn hãng hàng không bạn hay bay nhất nhưng bạn nên biết rằng những quyền lợi cũng như điểm bay giữa các hãng trong cùng một liên minh là không giống nhau,although you may think it is intuitive to join the airline you fly most you should be aware that privileges offered are often different and frequent flyer points may be more generous under a different airline in the same alliance
954,remote_dataset/fleurs_vi_en/train/vi/vi_00954.wav,remote_dataset/fleurs_vi_en/train/en/en_00954.wav,21.42,15.36,các hãng hàng không như emirates etihad airways qatar airways và turkish airlines đã mở rộng dịch vụ rất lớn sang châu phi và cung cấp sự kết nối với các thành phố lớn của châu phi với mức giá cạnh tranh hơn so với các hãng hàng không châu âu,airlines such as emirates etihad airways qatar airways & turkish airlines have greatly expanded their services to africa and offer connections to many major african cities at competitive rates than other european airlines
955,remote_dataset/fleurs_vi_en/train/vi/vi_00955.wav,remote_dataset/fleurs_vi_en/train/en/en_00955.wav,9.60,7.38,hãng hàng không thổ nhĩ kỳ bay tới 39 địa điểm ở 30 quốc gia châu phi kể từ năm 2014,turkish airlines flies to 39 destinations in 30 african countries as of 2014
956,remote_dataset/fleurs_vi_en/train/vi/vi_00956.wav,remote_dataset/fleurs_vi_en/train/en/en_00956.wav,10.50,8.16,nếu bạn có thêm thời gian đi lại hãy thử so sánh tổng giá vé đến châu phi của bạn với giá vé đi vòng quanh thế giới như thế nào,if you have additional travel time check to see how your total fare quote to africa compares with a round-the-world fare
957,remote_dataset/fleurs_vi_en/train/vi/vi_00957.wav,remote_dataset/fleurs_vi_en/train/en/en_00957.wav,12.12,11.76,đừng quên bổ sung chi phí phát sinh thị thực bổ sung các khoản thuế xuất cảnh giao thông đường bộ v.v. đối với tất cả các khu vực bên ngoài châu phi,don't forget to add in the extra costs of additional visas departure taxes ground transportation etc for all those places outside of africa
958,remote_dataset/fleurs_vi_en/train/vi/vi_00958.wav,remote_dataset/fleurs_vi_en/train/en/en_00958.wav,13.44,9.18,nếu bạn muốn bay vòng quanh thế giới hoàn toàn ở nam bán cầu việc lựa chọn chuyến bay và điểm đến sẽ bị hạn chế vì thiếu chuyến bay xuyên đại dương,if you want to fly around the world completely in the southern hemisphere the choice of flights and destinations is limited due to the lack of transoceanic routes
959,remote_dataset/fleurs_vi_en/train/vi/vi_00959.wav,remote_dataset/fleurs_vi_en/train/en/en_00959.wav,14.04,8.36,không có liên minh hàng không nào hoạt động ở cả ba điểm giao trên biển ở bán cầu nam và skyteam không hoạt động ở điểm giao nào trong số này,no airline alliance covers all three ocean crossings in the southern hemisphere and skyteam covers none of the crossings
960,remote_dataset/fleurs_vi_en/train/vi/vi_00960.wav,remote_dataset/fleurs_vi_en/train/en/en_00960.wav,16.92,14.88,tuy nhiên liên minh hàng không star alliance có chuyến bay đến tất cả các địa điểm ngoại trừ phía đông của nam thái bình dương từ santiago de chile đến tahiti đây là chuyến bay của latam oneworld,however star alliance covers everything except the eastern south pacific from santiago de chile to tahiti which is a latam oneworld flight
961,remote_dataset/fleurs_vi_en/train/vi/vi_00961.wav,remote_dataset/fleurs_vi_en/train/en/en_00961.wav,11.52,13.38,chuyến bay này không phải là chọn lựa duy nhất nếu bạn không muốn đi qua nam thái bình dương và bờ biển phía tây của nam mỹ. xem bên dưới,this flight is not the only option if you want to skip the south pacific and the west coast of south america. see below
962,remote_dataset/fleurs_vi_en/train/vi/vi_00962.wav,remote_dataset/fleurs_vi_en/train/en/en_00962.wav,15.24,9.48,năm 1994 vùng dân tộc armenia nagorno-karabakh ở azerbaijan đã phát động chiến tranh chống lại người azeris,in 1994 the ethnically armenian nagorno-karabakh region of azerbaijan waged war against the azeris
963,remote_dataset/fleurs_vi_en/train/vi/vi_00963.wav,remote_dataset/fleurs_vi_en/train/en/en_00963.wav,11.76,14.16,với sự hậu thuẫn của armenia một nước cộng hòa mới được thành lập tuy vậy không một quốc gia nào kể cả armenia chính thức công nhận đất nước này,with armenian backing a new republic was created however no established nation not even armenia officially recognizes it
965,remote_dataset/fleurs_vi_en/train/vi/vi_00965.wav,remote_dataset/fleurs_vi_en/train/en/en_00965.wav,9.24,11.46,quận canal tiếng hà lan: grachtengordel là một quận nổi tiếng ở thế kỷ 17 bao quanh binnenstad của am-xtéc-đam,the canal district dutch: grachtengordel is the famous 17th-century district surrounding the binnenstad of amsterdam
966,remote_dataset/fleurs_vi_en/train/vi/vi_00966.wav,remote_dataset/fleurs_vi_en/train/en/en_00966.wav,11.82,11.52,toàn khu được unesco lựa chọn là di sản thế giới vì giá trị văn hóa và lịch sử độc đáo với giá trị tài sản cao nhất cả nước,the whole district is designated as a unesco world heritage site for its unique cultural and historical value and its property values are among the highest of the country
967,remote_dataset/fleurs_vi_en/train/vi/vi_00967.wav,remote_dataset/fleurs_vi_en/train/en/en_00967.wav,21.54,17.46,cinque terre nghĩa là năm mảnh đất gồm năm làng chài nhỏ riomaggiore manarola corniglia vernazza và monterosso tọa lạc tại liguria của khu vực nước ý,cinque terre which means five lands comprises the five small coastal villages of riomaggiore manarola corniglia vernazza and monterosso located in the italian region of liguria
968,remote_dataset/fleurs_vi_en/train/vi/vi_00968.wav,remote_dataset/fleurs_vi_en/train/en/en_00968.wav,7.74,6.36,chúng được liệt kê trong danh sách di sản thế giới của unesco,they are listed on the unesco world heritage list
969,remote_dataset/fleurs_vi_en/train/vi/vi_00969.wav,remote_dataset/fleurs_vi_en/train/en/en_00969.wav,7.20,7.02,qua nhiều thế kỷ con người đã khéo léo xây nhà trên vách đá dốc cheo leo nhìn ra biển,over the centuries people have carefully built terraces on the rugged steep landscape right up to the cliffs that overlook the sea
970,remote_dataset/fleurs_vi_en/train/vi/vi_00970.wav,remote_dataset/fleurs_vi_en/train/en/en_00970.wav,9.36,10.20,một phần cho sự mê hoặc của nó là thiếu đi sự phát triển tập thể những con đường tàu hỏa và tàu thuyền nối với những ngôi làng và xe hơi không thể tiếp cận chúng từ bên ngoài,part of its charm is the lack of visible corporate development paths trains and boats connect the villages and cars cannot reach them from the outside
971,remote_dataset/fleurs_vi_en/train/vi/vi_00971.wav,remote_dataset/fleurs_vi_en/train/en/en_00971.wav,10.32,10.56,những phương ngữ tiếng pháp được nói ở bỉ và thụy sĩ hơi khác với tiếng pháp nói ở pháp dù vẫn có mức độ tương đồng đủ để hiểu nhau,the varieties of french which are spoken in belgium and switzerland differ slightly from the french spoken in france though they are similar enough to be mutually intelligible
972,remote_dataset/fleurs_vi_en/train/vi/vi_00972.wav,remote_dataset/fleurs_vi_en/train/en/en_00972.wav,16.02,13.02,cụ thể hệ thống đánh số ở khu vực nói tiếng pháp của bỉ và thụy sĩ có một số đặc trưng nhỏ khác với tiếng pháp nói ở pháp và phát âm của một số từ có chút khác biệt,in particular the numbering system in french-speaking belgium and switzerland has some slight peculiarities that are different from the french spoken in france and the pronunciation of some words is slightly different
974,remote_dataset/fleurs_vi_en/train/vi/vi_00974.wav,remote_dataset/fleurs_vi_en/train/en/en_00974.wav,8.28,6.84,ở nhiều nơi trên thế giới vẫy tay là động tác thân thiện hàm ý xin chào,in many parts of the world waving is a friendly gesture indicating hello
975,remote_dataset/fleurs_vi_en/train/vi/vi_00975.wav,remote_dataset/fleurs_vi_en/train/en/en_00975.wav,17.88,13.90,tuy nhiên ở mã lai ít nhất là ở vùng nông thôn nó có nghĩa là lại đây tương tự cử chỉ ngoắc ngón trỏ hướng vào người được dùng ở một số nước phương tây và chỉ nên dùng chỉ cho mục đích đó,however in malaysia at least among the malays in rural areas it means come over similar to the index finger bent toward the body a gesture which is used in certain western countries and should be used only for that purpose
976,remote_dataset/fleurs_vi_en/train/vi/vi_00976.wav,remote_dataset/fleurs_vi_en/train/en/en_00976.wav,15.42,15.30,tương tự như vậy một du khách người anh ở tây ban nha có thể nhầm lẫn tạm biệt bằng cách vẫy tay với lòng bàn tay hướng về người vẫy tay chứ không phải là người đang được vẫy tay là một cử chỉ để quay lại,similarly a british traveller in spain may mistake a wave goodbye involving the palm facing the waver rather than the person being waved at as a gesture to come back
977,remote_dataset/fleurs_vi_en/train/vi/vi_00977.wav,remote_dataset/fleurs_vi_en/train/en/en_00977.wav,8.16,11.64,ngôn ngữ phụ trợ là những ngôn ngữ nhân tạo hoặc được xây dựng với mục đích hỗ trợ giao tiếp giữa những dân tộc gặp khó khăn trong việc giao tiếp với nhau,auxiliary languages are artificial or constructed languages created with the intent of facilitating communication between peoples who would otherwise have difficulty communicating
979,remote_dataset/fleurs_vi_en/train/vi/vi_00979.wav,remote_dataset/fleurs_vi_en/train/en/en_00979.wav,7.74,9.12,trong cái nóng ban ngày du khách có thể trải qua ảo ảnh giống như ảo giác về nước hoặc những thứ khác,in the heat of the day travelers can experience mirages that give the illusion of water or other things
980,remote_dataset/fleurs_vi_en/train/vi/vi_00980.wav,remote_dataset/fleurs_vi_en/train/en/en_00980.wav,10.50,6.90,nếu du khách chạy theo ảo ảnh sẽ rất nguy hiểm vì họ sẽ lãng phí sức lực và lượng nước quý giá còn lại,these can be dangerous if the traveler pursue the mirage wasting precious energy and remaining water
981,remote_dataset/fleurs_vi_en/train/vi/vi_00981.wav,remote_dataset/fleurs_vi_en/train/en/en_00981.wav,11.88,9.00,cho dù là sa mạc nóng nhất thế giới thì vẫn sẽ trở nên cực kì lạnh vào ban đêm thân nhiệt thấp là một mối nguy thực sự nếu không có quần áo ấm,even the hottest of deserts can become extremely cold at night hypothermia is a real risk without warm clothing
982,remote_dataset/fleurs_vi_en/train/vi/vi_00982.wav,remote_dataset/fleurs_vi_en/train/en/en_00982.wav,7.14,6.12,đặc biệt là vào mùa hè bạn phải coi chừng muỗi nếu quyết định đi bộ băng qua rừng mưa nhiệt đới,in summer especially you'll need to watch out for mosquitoes if you decide to hike through the rainforest
984,remote_dataset/fleurs_vi_en/train/vi/vi_00984.wav,remote_dataset/fleurs_vi_en/train/en/en_00984.wav,9.84,10.98,cúm chim hay chính thức hơn là dịch cúm gia cầm có thể lây nhiễm cả các loài gia cầm và động vật có vú,bird flu or more formally avian influenza can infect both birds and mammals
985,remote_dataset/fleurs_vi_en/train/vi/vi_00985.wav,remote_dataset/fleurs_vi_en/train/en/en_00985.wav,5.70,6.36,chỉ có chưa tới một ngàn ca bệnh ở người được báo cáo nhưng một số ca đã dẫn đến tử vong,fewer than a thousand cases have ever been reported in humans but some of them have been fatal
986,remote_dataset/fleurs_vi_en/train/vi/vi_00986.wav,remote_dataset/fleurs_vi_en/train/en/en_00986.wav,7.44,6.90,hầu hết đều ảnh hưởng đến những người làm việc trong ngành gia cầm nhưng khách ngắm chim cũng có nguy cơ,most have involved people who work with poultry but there is also some risk to birdwatchers
987,remote_dataset/fleurs_vi_en/train/vi/vi_00987.wav,remote_dataset/fleurs_vi_en/train/en/en_00987.wav,10.50,9.42,đặc trưng của na uy là những vịnh hẹp dốc đứng và những thung lũng đột ngột nhường chỗ những cao nguyên cao phẳng chập chùng,typical for norway are steep fjords and valleys that suddenly give way to a high more or less even plateau
988,remote_dataset/fleurs_vi_en/train/vi/vi_00988.wav,remote_dataset/fleurs_vi_en/train/en/en_00988.wav,8.40,11.16,những cao nguyên này thường được gọi là vidde nghĩa là khoảng đất rộng mở không cây cối một dải đất bao la,these plateaus are often referred to as vidde meaning a wide open treeless space a boundless expanse
989,remote_dataset/fleurs_vi_en/train/vi/vi_00989.wav,remote_dataset/fleurs_vi_en/train/en/en_00989.wav,10.20,9.84,ở rogaland và agder chúng thường được gọi là hei có nghĩa là vùng đất không cây cối thường phủ đầy thạch nam,in rogaland and agder they are usually called hei meaning a treeless moorland often covered in heather
990,remote_dataset/fleurs_vi_en/train/vi/vi_00990.wav,remote_dataset/fleurs_vi_en/train/en/en_00990.wav,14.64,8.44,những dòng sông băng không đứng yên mà chảy xuôi dòng xuống núi hiện tượng này gây ra những vết nứt chỗ nẻ có thể bị che khuất bởi những cồn tuyết,the glaciers are not stable but flow down the mountain this will cause cracks crevasses which may be obscured by snow bridges
991,remote_dataset/fleurs_vi_en/train/vi/vi_00991.wav,remote_dataset/fleurs_vi_en/train/en/en_00991.wav,7.32,6.36,vách và nóc của các hang băng có thể đổ sập và các vết nứt có thể liền lại,the walls and roofs of ice caves can collapse and cracks can get closed
992,remote_dataset/fleurs_vi_en/train/vi/vi_00992.wav,remote_dataset/fleurs_vi_en/train/en/en_00992.wav,7.98,8.40,ở rìa của các dòng sông băng những tảng băng lớn vỡ ra rơi xuống và có thể nẩy lên hoặc lăn xa ra khỏi vùng rìa,at the edge of glaciers huge blocks break loose fall down and perhaps jump or roll farther from the edge
993,remote_dataset/fleurs_vi_en/train/vi/vi_00993.wav,remote_dataset/fleurs_vi_en/train/en/en_00993.wav,9.18,6.78,mùa cao điểm cho du lịch nghỉ dưỡng vùng núi thường là vào thời điểm cuối thu trước đông,the tourist season for the hill stations generally peaks during the indian summer
994,remote_dataset/fleurs_vi_en/train/vi/vi_00994.wav,remote_dataset/fleurs_vi_en/train/en/en_00994.wav,8.64,17.76,tuy nhiên vào mùa đông chúng mang một vẻ đẹp và nét quyến rũ khác với những khu nghỉ dưỡng trên núi đầy tuyết tạo điều kiện cho các hoạt động vui chơi như trượt tuyết,however they have a different kind of beauty and charm during winter with many hill stations receiving healthy amounts of snow and offering activities such as skiing and snowboarding
995,remote_dataset/fleurs_vi_en/train/vi/vi_00995.wav,remote_dataset/fleurs_vi_en/train/en/en_00995.wav,9.60,12.90,chỉ một vài hãng hàng không cung cấp dịch vụ giá rẻ cho người mất tức là giảm giá chi phí một chút cho chuyến di cuối cùng,only a few airlines still offer bereavement fares which slightly discount the cost of last-minute funeral travel
996,remote_dataset/fleurs_vi_en/train/vi/vi_00996.wav,remote_dataset/fleurs_vi_en/train/en/en_00996.wav,14.10,11.94,các hãng hàng không cung cấp các dịch vụ này bao gồm air canada delta air lines lufthansa cho các chuyến bay xuất phát từ hoa kỳ hoặc canada và westjet,airlines that offer these include air canada delta air lines lufthansa for flights originating from the u.s. or canada and westjet
997,remote_dataset/fleurs_vi_en/train/vi/vi_00997.wav,remote_dataset/fleurs_vi_en/train/en/en_00997.wav,5.64,5.22,trong mọi trường hợp bạn phải gọi điện đặt trực tiếp với hãng bay,in all cases you must book by phone directly with the airline
998,remote_dataset/fleurs_vi_en/train/vi/vi_00998.wav,remote_dataset/fleurs_vi_en/train/en/en_00998.wav,11.40,14.46,machu picchu gồm có ba cấu trúc chính là intihuatana đền thờ thần mặt trời và phòng có ba cửa sổ,machu picchu consist of three main structures namely intihuatana the temple of the sun and the room of the three windows
999,remote_dataset/fleurs_vi_en/train/vi/vi_00999.wav,remote_dataset/fleurs_vi_en/train/en/en_00999.wav,7.92,7.98,nhưng bất kể khám phá của ông như thế nào các bộ tộc người eskimo đã sống ở đó vào thời đó,but regardless of his discovery eskimo tribes were already living there at the time
1000,remote_dataset/fleurs_vi_en/train/vi/vi_01000.wav,remote_dataset/fleurs_vi_en/train/en/en_01000.wav,8.16,12.30,cảnh sát nói họ tình nghi một dân quân daesh isil chịu trách nhiệm về vụ tấn công,police said they suspect an alleged daesh isil militant of responsibility for the attack
1001,remote_dataset/fleurs_vi_en/train/vi/vi_01001.wav,remote_dataset/fleurs_vi_en/train/en/en_01001.wav,6.36,6.36,thành phố vatican sử dụng tiếng ý trong luật pháp và giao tiếp chính thức,vatican city uses italian in its legislation and official communications
1002,remote_dataset/fleurs_vi_en/train/vi/vi_01002.wav,remote_dataset/fleurs_vi_en/train/en/en_01002.wav,9.72,7.08,nhiếp ảnh gia này sau đó được chuyển đến trung tâm y tế ronald reagan ucla và qua đời tại đây,the photographer was transported to ronald reagan ucla medical center where he subsequently died
1003,remote_dataset/fleurs_vi_en/train/vi/vi_01003.wav,remote_dataset/fleurs_vi_en/train/en/en_01003.wav,13.38,10.44,ngoài ra hãy chắc chắn rằng bạn phát âm chính xác chữ r và rr caro có nghĩa là thân yêu còn carro lại có nghĩa là xe ngựa,also make sure to pronounce r and rr differently caro means dear whereas carro means chariot
1004,remote_dataset/fleurs_vi_en/train/vi/vi_01004.wav,remote_dataset/fleurs_vi_en/train/en/en_01004.wav,12.00,9.30,từ lâu chúng ta đã biết rằng các loại tổn thương não khác nhau chấn thương bệnh tích và khối u ảnh hưởng đến hành vi và gây ra biến đổi một số chức năng thần kinh,it has been known for a long time that different types of brain damage traumas lesions and tumours affect behaviour and cause changes in some mental functions
1005,remote_dataset/fleurs_vi_en/train/vi/vi_01005.wav,remote_dataset/fleurs_vi_en/train/en/en_01005.wav,16.02,13.56,hệ thống ai trí tuệ nhân tạo ngày nay thường được sử dụng trong các lĩnh vực kinh tế y khoa kỹ thuật và quân sự cũng như trong nhiều ứng dụng máy tính gia dụng và phần mềm trò chơi điện tử,the ai ​​system is now often used in the fields of economics medicine engineering and the military as has been built in several home computer and video game software applications
1006,remote_dataset/fleurs_vi_en/train/vi/vi_01006.wav,remote_dataset/fleurs_vi_en/train/en/en_01006.wav,6.72,9.24,mỗi ngôi đền đều có khu vực sân đền bên ngoài và bên trong là nhà thờ mà chỉ linh mục mới có quyền bước vào,each temple had an open temple courtyard and then an inner sanctuary that only the priests could enter
1007,remote_dataset/fleurs_vi_en/train/vi/vi_01007.wav,remote_dataset/fleurs_vi_en/train/en/en_01007.wav,7.38,10.02,nông nghiệp sinh kế là hình thức nông nghiệp được thực hiện chỉ để cung cấp vừa đủ nhu cầu lương thực của người nông dân và gia đình họ,subsistence agriculture is agriculture carried out for the production of enough food to meet just the needs of the agriculturalist and his/her family
1008,remote_dataset/fleurs_vi_en/train/vi/vi_01008.wav,remote_dataset/fleurs_vi_en/train/en/en_01008.wav,7.98,6.72,murray đã thua hiệp đầu tiên trong loạt tie-break sau khi cả hai tay vợt đều giành điểm khi giao bóng,murray lost the first set in a tie break after both men held each and every serve in the set
1009,remote_dataset/fleurs_vi_en/train/vi/vi_01009.wav,remote_dataset/fleurs_vi_en/train/en/en_01009.wav,11.64,12.36,cách duy nhất để gửi được hàng đi nhanh hơn là gửi theo diện hành lý đã qua kiểm soát các quy định của ngành hàng không sẽ không cho phép gửi hành lý mà không có hành khách và đó chính là chỗ cần đến bạn,the only way to get it through faster was to send it as checked luggage airline regulations will not allow them to send luggage without a passenger which is where you come in
1010,remote_dataset/fleurs_vi_en/train/vi/vi_01010.wav,remote_dataset/fleurs_vi_en/train/en/en_01010.wav,7.80,7.08,bachmann người chiến thắng trong cuộc bỏ phiếu thử ames hồi tháng tám đã quyết định kết thúc chiến dịch của mình,bachmann who won the ames straw poll in august decided to end her campaign
1011,remote_dataset/fleurs_vi_en/train/vi/vi_01011.wav,remote_dataset/fleurs_vi_en/train/en/en_01011.wav,10.62,6.60,có nhiều loại rượu vang pháp bạn cần có nhưng rượu vang new zealand và úc có thể ít bị ảnh hưởng hơn khi được di chuyển,there are many french wines to be had but the new zealand and australian wines might travel better
1012,remote_dataset/fleurs_vi_en/train/vi/vi_01012.wav,remote_dataset/fleurs_vi_en/train/en/en_01012.wav,10.02,8.28,ảnh chụp hồng ngoại cho biết sự biến thiên nhiệt độ giữa ngày và đêm cho thấy khả năng đó có thể là hang động,infrared images show that the temperature variations from night and day show that they are likely caves
1013,remote_dataset/fleurs_vi_en/train/vi/vi_01013.wav,remote_dataset/fleurs_vi_en/train/en/en_01013.wav,11.76,10.44,với 17.000 hòn đảo để lựa chọn nền ẩm thực indonesia là sự kết hợp đa dạng cực kỳ phong phú của ẩm thực vùng miền trên khắp đất nước,"with 17,000 islands to choose from indonesian food is an umbrella term covering a vast variety of regional cuisines found across the nation"
1014,remote_dataset/fleurs_vi_en/train/vi/vi_01014.wav,remote_dataset/fleurs_vi_en/train/en/en_01014.wav,15.48,13.02,trận động đất xảy ra quanh khu vực nằm cách dillon 20 km 15 dặm về phía bắc-đông bắc và cách butte 65 km 40 dặm về phía nam,the earthquake was centered about 20 km 15 miles north-northeast of dillon and about 65 km 40 miles south of butte
1015,remote_dataset/fleurs_vi_en/train/vi/vi_01015.wav,remote_dataset/fleurs_vi_en/train/en/en_01015.wav,13.68,8.64,ông n wayne hale jr giám đốc chương trình tàu con thoi của nasa cho biết tấm xốp đã rơi sau thời gian chúng tôi lo ngại về việc đó,nasa's shuttle program chief n wayne hale jr said the foam had fallen after the time we are concerned about
1017,remote_dataset/fleurs_vi_en/train/vi/vi_01017.wav,remote_dataset/fleurs_vi_en/train/en/en_01017.wav,8.88,13.98,ban nhạc rock này có lịch lưu diễn ở hoa kỳ và canada cho tới 16 tháng chín,the rock band was due to tour the united states and canada until september 16
1018,remote_dataset/fleurs_vi_en/train/vi/vi_01018.wav,remote_dataset/fleurs_vi_en/train/en/en_01018.wav,11.76,11.04,các hãng lữ hành thường đưa ra những gói dịch vụ bao gồm bữa ăn sáng đưa đón đi/đến sân bay hay thậm chí kết hợp cả vé máy bay và khách sạn,travel agents usually offer packages that include breakfast transportation arrangements to/from the airport or even combined flight and hotel packages
1019,remote_dataset/fleurs_vi_en/train/vi/vi_01019.wav,remote_dataset/fleurs_vi_en/train/en/en_01019.wav,7.86,6.84,ở cấp thấp hơn là những loài cỡ vừa thuộc họ mèo bắt mồi cỡ vừa từ thỏ đến linh dương và hươu nai,under them are more medium sized cats that eat medium sized prey ranging from rabbits to antelopes and deer
1020,remote_dataset/fleurs_vi_en/train/vi/vi_01020.wav,remote_dataset/fleurs_vi_en/train/en/en_01020.wav,12.84,10.86,ví dụ như tham quan các lâu đài ở thung lũng loire thung lũng rhine hay lên tàu để đến với những thành phố thú vị trên sông danube hoặc chèo thuyền dọc theo kênh erie,for example visiting castles in the loire valley the rhine valley or taking a cruise to interesting cites on the danube or boating along the erie canal
1021,remote_dataset/fleurs_vi_en/train/vi/vi_01021.wav,remote_dataset/fleurs_vi_en/train/en/en_01021.wav,16.08,12.96,đồng thời việc viết blog  buộc các sinh viên phải trở nên hiểu biết hơn về thế giới quanh họ”. nhu cầu cần thiết nuôi dưỡng sự quan tâm của khán giả truyền cảm hứng cho sinh viên để trở nên thông minh và thú vị toto 2004,also blogging forces students to become more savvy about the world around them. the need to feed the interest of the audience inspires students to be clever and interesting toto 2004
1022,remote_dataset/fleurs_vi_en/train/vi/vi_01022.wav,remote_dataset/fleurs_vi_en/train/en/en_01022.wav,7.32,9.78,chambers đã kiện chúa vì gieo rắc cái chết sự hủy diệt và khủng bố hàng triệu triệu người ở khắp mọi nơi trên trái đất,chambers had sued god for widespread death destruction and terrorization of millions upon millions of the earth's inhabitants
1023,remote_dataset/fleurs_vi_en/train/vi/vi_01023.wav,remote_dataset/fleurs_vi_en/train/en/en_01023.wav,8.88,9.96,các loài gây hại có thể làm hư thức ăn gây kích ứng hoặc trong trường hợp xấu nhất có thể gây dị ứng phát tán độc tố hay lây bệnh truyền nhiễm,pests can spoil food cause irritation or in a worse case cause allergic reactions spread venom or transmit infections
1024,remote_dataset/fleurs_vi_en/train/vi/vi_01024.wav,remote_dataset/fleurs_vi_en/train/en/en_01024.wav,7.62,7.14,tokyo sẽ là thành phố châu á duy nhất tổ chức hai thế vận hội olympics mùa hè khi đã tổ chức thế vận hội năm 1964,tokyo will be the only asian city to have hosted two summer olympics having hosted the games in 1964
1025,remote_dataset/fleurs_vi_en/train/vi/vi_01025.wav,remote_dataset/fleurs_vi_en/train/en/en_01025.wav,9.54,8.64,mặc dù mực nước sẽ chỉ dâng vài feet sau lũ các nhà chức trách đang mong muốn nó sẽ đủ để bồi đắp lại bãi cát bị sói mòn ở hạ lưu,although the water level will only rise a few feet after the flood officials are hoping it will be enough to restore eroded sandbars downstream
1026,remote_dataset/fleurs_vi_en/train/vi/vi_01026.wav,remote_dataset/fleurs_vi_en/train/en/en_01026.wav,13.14,9.72,độ sáng và chuyển động quay đều được dùng để xác định số rossby của một ngôi sao liên quan đến dòng chảy plasma,the luminosity and rotation are used together to determine a star's rossby number which is related to plasma flow
1027,remote_dataset/fleurs_vi_en/train/vi/vi_01027.wav,remote_dataset/fleurs_vi_en/train/en/en_01027.wav,7.50,8.76,mái ấm được coi là nơi cung cấp những gì thiết yếu mà nhà trước đây của các em không đáp ứng được,foster care is supposed to provide all the necessities that were lacking in the home they were previously taken from
1028,remote_dataset/fleurs_vi_en/train/vi/vi_01028.wav,remote_dataset/fleurs_vi_en/train/en/en_01028.wav,10.32,7.86,được biết khoảng 9400 căn nhà trong vùng không có nước và khoảng 100 căn nhà không có điện,it is reported that some 9400 homes in the region are without water and approximately 100 without electricity
1029,remote_dataset/fleurs_vi_en/train/vi/vi_01029.wav,remote_dataset/fleurs_vi_en/train/en/en_01029.wav,13.68,12.12,một sự khác biệt nữa là trong khi những người nghèo và phụ nữ ngồi trên ghế để ăn những người giàu thích tổ chức các bữa tiệc cùng nhau và nằm nghiêng thư giãn để ăn,another difference was that while the poor people and the woman ate their food while sitting in chairs the rich men liked to have banquets together where they would lounge on their sides while they ate their meals
1030,remote_dataset/fleurs_vi_en/train/vi/vi_01030.wav,remote_dataset/fleurs_vi_en/train/en/en_01030.wav,6.36,11.70,quan hệ kinh tế giữa hai vùng này của moldova đã được tái lập mặc dù thương lượng chính trị thất bại,economic links have been re-established between these two parts of moldova despite the failure in political negotiations
1031,remote_dataset/fleurs_vi_en/train/vi/vi_01031.wav,remote_dataset/fleurs_vi_en/train/en/en_01031.wav,10.20,9.18,do có cụm/nhóm đảo nhật bản còn thường được gọi là một quần đảo trên phương diện địa lý,due to the cluster/group of islands japan has japan is often referred to on a geographical stance as an archipelago
1032,remote_dataset/fleurs_vi_en/train/vi/vi_01032.wav,remote_dataset/fleurs_vi_en/train/en/en_01032.wav,11.94,7.74,con đường nơi vụ va chạm xảy ra tạm thời đóng cửa trong khi các dịch vụ cấp cứu đã giải thoát được người lái xe khỏi chiếc audi tt màu đỏ,the road where the crash happened was temporarily closed while emergency services freed the driver from the red audi tt
1033,remote_dataset/fleurs_vi_en/train/vi/vi_01033.wav,remote_dataset/fleurs_vi_en/train/en/en_01033.wav,8.04,6.78,ở đó có truyền thống thức trắng trong đêm phục sinh tại một nơi lộ thiên có thể ngắm bình minh,there's a tradition to pass the easter night awake at some exposed point to see the sunrise
1034,remote_dataset/fleurs_vi_en/train/vi/vi_01034.wav,remote_dataset/fleurs_vi_en/train/en/en_01034.wav,6.84,7.08,không có mùa mưa hay mùa khô rõ rệt lượng mưa trong cả năm gần như không thay đổi,there are no particular rainy and dry seasons the amount of rain stays roughly the same throughout the year
1035,remote_dataset/fleurs_vi_en/train/vi/vi_01035.wav,remote_dataset/fleurs_vi_en/train/en/en_01035.wav,11.88,11.94,các sao chổi có thể đã từng là một nguồn cung cấp nước cho trái đất cùng với vật chất hữu cơ có khả năng hình thành các loại protein và hỗ trợ sự sống,comets may possibly have been a source of water delivery to the earth along with organic matter that can form proteins and support life
1036,remote_dataset/fleurs_vi_en/train/vi/vi_01036.wav,remote_dataset/fleurs_vi_en/train/en/en_01036.wav,11.40,6.30,thí nghiệm của hershey và chase là một trong những dẫn chứng thuyết phục cho thấy dna là một loại vật liệu gen,the hershey and chase experiment was one of the leading suggestions that dna was a genetic material
1037,remote_dataset/fleurs_vi_en/train/vi/vi_01037.wav,remote_dataset/fleurs_vi_en/train/en/en_01037.wav,11.88,12.18,theo bảng tin mới nhất chỉ số mực nước biển cho thấy sóng thần đã xuất hiện có hoạt động sóng thần rõ ràng được ghi nhận gần pago pago và niue,according to the latest bulletin sea level readings indicated a tsunami was generated there was some definite tsunami activity recorded near pago pago and niue
1038,remote_dataset/fleurs_vi_en/train/vi/vi_01038.wav,remote_dataset/fleurs_vi_en/train/en/en_01038.wav,8.22,7.68,bàn đạp ngựa là dụng cụ hỗ trợ người cưỡi ngựa thõng từ yên ngựa xuống hai chân,stirrups are supports for the rider's feet that hang down on either side of the saddle
1039,remote_dataset/fleurs_vi_en/train/vi/vi_01039.wav,remote_dataset/fleurs_vi_en/train/en/en_01039.wav,6.90,5.34,tôi luôn nói với mọi người là anh phải đối xử với tôi như tôi đối xử với anh,all i say to people is you treat us the way we treat you
1040,remote_dataset/fleurs_vi_en/train/vi/vi_01040.wav,remote_dataset/fleurs_vi_en/train/en/en_01040.wav,10.98,10.98,tất cả những lối vào hang được đặt tên là  bảy chị em” đều có đường kính tối thiểu từ 100 đến 250 mét 328 đến 820 bộ,all of the cave entrances which were named the seven sisters are at least 100 to 250 meters 328 to 820 feet in diameter
1041,remote_dataset/fleurs_vi_en/train/vi/vi_01041.wav,remote_dataset/fleurs_vi_en/train/en/en_01041.wav,13.68,10.50,giống như một số chuyên gia khác ông ấy hoài nghi về khả năng chữa bệnh tiểu đường với lưu ý rằng các phát hiện này không liên quan tới người đã bị tiểu đường tuýp 1,like some other experts he is skeptical about whether diabetes can be cured noting that these findings have no relevance to people who already have type 1 diabetes
1042,remote_dataset/fleurs_vi_en/train/vi/vi_01042.wav,remote_dataset/fleurs_vi_en/train/en/en_01042.wav,12.30,8.86,các chủ đề được nói tới khác được đưa tin là có bao gồm tình trạng tương lai của jerusalem thiêng liêng với cả hai quốc gia và vấn đề thung lũng jordan,other topics covered reportedly include the future state of jerusalem which is sacred to both nations and the jordan valley issue
1043,remote_dataset/fleurs_vi_en/train/vi/vi_01043.wav,remote_dataset/fleurs_vi_en/train/en/en_01043.wav,14.94,14.34,tuy nhiên thủ tướng john howard cho biết hành động này chỉ nhằm bảo vệ các cơ sở vật chất của bệnh viện khỏi tình trạng xuống cấp do chính phủ tasmania tác động cùng với việc trao thêm $45 triệu aud,but prime minister john howard has said the act was only to safeguard the facilities of the hospital from being downgraded by the tasmanian government in giving an extra aud$45 million
1044,remote_dataset/fleurs_vi_en/train/vi/vi_01044.wav,remote_dataset/fleurs_vi_en/train/en/en_01044.wav,6.42,5.76,khu vực này cũng là nhà của rất nhiều loài thú và chim,the area is also home to an extremely wide variety of animal and bird species
1045,remote_dataset/fleurs_vi_en/train/vi/vi_01045.wav,remote_dataset/fleurs_vi_en/train/en/en_01045.wav,14.58,9.84,giống như cách mà paris được gọi là kinh đô thời trang của thế giới đương đại constantinople từng được xem là kinh đô thời trang của châu âu thời phong kiến,in the manner that paris is known as the fashion capital of the contemporary world constantinople was regarded as the fashion capital of feudal europe
1046,remote_dataset/fleurs_vi_en/train/vi/vi_01046.wav,remote_dataset/fleurs_vi_en/train/en/en_01046.wav,7.80,7.50,com-lê là trang phục chuẩn trong kinh doanh và các đồng nghiệp gọi nhau bằng họ hoặc chức danh,suits are standard business attire and coworkers call each other by their family names or by job titles
1047,remote_dataset/fleurs_vi_en/train/vi/vi_01047.wav,remote_dataset/fleurs_vi_en/train/en/en_01047.wav,23.88,17.64,quyết định luận kỹ thuật là khái niệm bao trùm rất nhiều ý tưởng trong thực tế từ thúc đẩy kỹ nghệ hay cưỡng bức kỹ nghệ đến ý nghĩa hạn hẹp là số phận của con người bị điều khiển bởi một hệ thống logic ngầm liên kết với các định luật khoa học và biểu hiện trong kỹ thuật,technological determinism is a term that encompasses a wide range of ideas in practice from technology-push or the technological imperative to a strict sense that human destiny is driven by an underlying logic associated with scientific laws and their manifestation in technology
1048,remote_dataset/fleurs_vi_en/train/vi/vi_01048.wav,remote_dataset/fleurs_vi_en/train/en/en_01048.wav,11.94,8.70,ông thụ huấn chuyên khoa sản và bắt đầu làm việc tại bệnh viện phụ nữ quốc gia của auckland từ năm 1959,he trained as an obstetrician and began to work at the auckland's national women's hospital in 1959
1049,remote_dataset/fleurs_vi_en/train/vi/vi_01049.wav,remote_dataset/fleurs_vi_en/train/en/en_01049.wav,9.54,12.12,cách mạng pháp cũng truyền động lực cho nhiều người thuộc tầng lớp lao động bị áp bức tại nhiều quốc gia khác hối thúc họ vùng lên khởi nghĩa,the french revolution also inspired many other repressed working class people of other country's to began their own revolutions
1050,remote_dataset/fleurs_vi_en/train/vi/vi_01050.wav,remote_dataset/fleurs_vi_en/train/en/en_01050.wav,9.72,10.44,"hai tòa tháp cao 83 mét dài 378 mét và có hai lằn đường rộng 3,5 mét",the two towers rise to a height of 83 meters it's 378 meters long and it has two lanes of 3.50 m wide
1051,remote_dataset/fleurs_vi_en/train/vi/vi_01051.wav,remote_dataset/fleurs_vi_en/train/en/en_01051.wav,9.06,12.24,bộ kinh tế thương mại và công nghiệp nhật bản meti cho biết họ đã biết được 27 vụ tai nạn liên quan đến những thiết bị này,japan's ministry of economy trade and industry meti said that it had been aware of 27 accidents related to the devices
1052,remote_dataset/fleurs_vi_en/train/vi/vi_01052.wav,remote_dataset/fleurs_vi_en/train/en/en_01052.wav,15.78,10.32,những lựa chọn dựa trên nhịp điệu sinh học bao gồm uống nhiều nước cụ thể như nước lọc hay trà vốn được biết là chất lợi tiểu trước khi ngủ sẽ khiến ta phải thức dậy để tiểu tiện,other biorhythm-based options involve drinking lots of fluid particularly water or tea a known diuretic prior to sleep forcing one to get up to urinate
1053,remote_dataset/fleurs_vi_en/train/vi/vi_01053.wav,remote_dataset/fleurs_vi_en/train/en/en_01053.wav,9.12,8.34,khi trở lại quê nhà sau khi sống ở nước ngoài bạn đã thích nghi với văn hóa mới và mất đi vài thói quen của văn hóa quê nhà,when returning home after living abroad you've adapted to the new culture and lost some of your habits from your home culture
1054,remote_dataset/fleurs_vi_en/train/vi/vi_01054.wav,remote_dataset/fleurs_vi_en/train/en/en_01054.wav,10.38,8.58,một khóa học thường kéo dài từ 2-5 ngày và bao gồm trường hợp giả định sơ cứu và đôi khi đào tạo vũ khí,a course will normally be from 2-5 days and will involve role play a lot of first aid and sometimes weapons training
1055,remote_dataset/fleurs_vi_en/train/vi/vi_01055.wav,remote_dataset/fleurs_vi_en/train/en/en_01055.wav,11.40,11.40,các binh sĩ gìn giữ hòa bình của liên hiệp quốc đến haiti sau trận động đất năm 2010 đang bị cáo buộc làm lây lan dịch bệnh vốn bùng phát ở gần khu trại của binh sĩ,un peacekeepers whom arrived in haiti after the 2010 earthquake are being blamed for the spread of the disease which started near the troop's encampment
1056,remote_dataset/fleurs_vi_en/train/vi/vi_01056.wav,remote_dataset/fleurs_vi_en/train/en/en_01056.wav,12.00,12.72,tuy nhiên nếu được sử dụng mà không có thêm từ định tính thuật ngữ này thường có nghĩa là thực phẩm có nguồn gốc từ vùng trung tâm và phía đông của đảo lớn java,but if used without further qualifiers the term tends to mean the food originally from the central and eastern parts of the main island java
1057,remote_dataset/fleurs_vi_en/train/vi/vi_01057.wav,remote_dataset/fleurs_vi_en/train/en/en_01057.wav,17.40,15.96,mức độ gắn kết bản thân” và  sự tương quan liên tục” cũng được xem như các hướng thúc đẩy mới theo eighmey và mccord 1998 khi họ tiến hành điều tra phản ứng của bạn đọc đối với các trang mạng điện tử,personal involvement” and  continuing relationships” were also identified as new motivation aspects by eighmey and mccord 1998 when they investigated audience reactions to websites
1058,remote_dataset/fleurs_vi_en/train/vi/vi_01058.wav,remote_dataset/fleurs_vi_en/train/en/en_01058.wav,12.00,10.26,theo các nhà chức trách công viên hãy đứng cách xa ít nhất 100 yard/mét những con gấu và chó sói và 25 yard/mét đối với tất cả các động vật hoang dã!,according to park authorities stay at least 100 yards/meters away from bears and wolves and 25 yards/meters from all other wild animals!
1059,remote_dataset/fleurs_vi_en/train/vi/vi_01059.wav,remote_dataset/fleurs_vi_en/train/en/en_01059.wav,15.12,13.98,sự sẵn lòng của chính quyền các nước trong việc cấp hộ chiếu không nêu rõ giới tính x hoặc cập nhật tài liệu cho phù hợp với tên và giới tính mong muốn không giống nhau,the willingness of governments to issue passports with gender not stated x or documents updated to match a desired name and gender varies
1060,remote_dataset/fleurs_vi_en/train/vi/vi_01060.wav,remote_dataset/fleurs_vi_en/train/en/en_01060.wav,12.84,10.38,hình thức giao thông đầu tiên được biết đến là đi bộ con người bắt đầu đi bộ từ hai triệu năm về trước với sự xuất hiện của homo erectus nghĩa là con người đứng thẳng,the first known transportation was walking humans began walking upright two million years ago with the emergence of homo erectus meaning upright man
1061,remote_dataset/fleurs_vi_en/train/vi/vi_01061.wav,remote_dataset/fleurs_vi_en/train/en/en_01061.wav,11.40,9.06,một nghiên cứu đã được đăng trên tạp chí science vào ngày thứ năm về sự hình thành một loài chim mới trên quần đảo galápagos của ecuador,a study published on thursday in the journal science reported on formation of a new bird species on the ecuadorean galápagos islands
1062,remote_dataset/fleurs_vi_en/train/vi/vi_01062.wav,remote_dataset/fleurs_vi_en/train/en/en_01062.wav,8.94,8.04,vùng đất ellsworth là khu vực phía nam bán đảo tiếp giáp với biển bellingshausen,ellsworth land is the region south of the peninsula bounded by the bellingshausen sea
1063,remote_dataset/fleurs_vi_en/train/vi/vi_01063.wav,remote_dataset/fleurs_vi_en/train/en/en_01063.wav,7.56,7.62,chẳng hạn người ta có thể nói xe hơi chạy động cơ tất yếu dẫn tới sự phát triển của đường xá,for example one might say that the motor car necessarily leads to the development of roads
1064,remote_dataset/fleurs_vi_en/train/vi/vi_01064.wav,remote_dataset/fleurs_vi_en/train/en/en_01064.wav,9.60,10.68,họ hủy chuyến lưu diễn sau khi ca sĩ chính steven tyler bị thương vì ngã xuống sân khấu khi đang biểu diễn vào ngày 5 tháng tám,they have cancelled the tour after lead singer steven tyler was injured after he fell off stage while performing on august 5
1066,remote_dataset/fleurs_vi_en/train/vi/vi_01066.wav,remote_dataset/fleurs_vi_en/train/en/en_01066.wav,17.88,15.00,trong khi hầu hết thức ăn của họ quen thuộc với chúng ta người rô-ma chia sẻ những món ăn yến tiệc kỳ lạ hoặc khác thường bao gồm lợn rừng con công ốc sên và một loài gặm nhấm được gọi là chuột sóc,while most of their food would be familiar to us romans did have their share of strange or unusual feast items including wild boar peacock snails and a type of rodent called a dormouse
1067,remote_dataset/fleurs_vi_en/train/vi/vi_01067.wav,remote_dataset/fleurs_vi_en/train/en/en_01067.wav,14.64,12.96,trong điều kiện thuận lợi bạn sẽ vượt qua quãng đường xa hơn đi bộ nhưng rất hiếm khi bạn đạt được vận tốc của môn trượt tuyết băng đồng khi không phải đeo túi nặng trên lưng và được trượt trên đường bằng phẳng,in good conditions you will be able to cover somewhat greater distances than walking but only very seldom you will get the speeds of cross country skiing without a heavy backpack in groomed tracks
1068,remote_dataset/fleurs_vi_en/train/vi/vi_01068.wav,remote_dataset/fleurs_vi_en/train/en/en_01068.wav,6.24,7.20,đám đông dân chúng đã buộc vua và hoàng hậu phải mở cửa sổ xe ngựa,the mob of people forced the king and queen to have their carriage windows wide open
1069,remote_dataset/fleurs_vi_en/train/vi/vi_01069.wav,remote_dataset/fleurs_vi_en/train/en/en_01069.wav,10.02,8.82,ở những nơi xa xôi không được phủ sóng điện thoại di động thì điện thoại vệ tinh có thể là chọn lựa duy nhất của bạn,in remote locations without cell phone coverage a satellite phone may be your only option
1070,remote_dataset/fleurs_vi_en/train/vi/vi_01070.wav,remote_dataset/fleurs_vi_en/train/en/en_01070.wav,10.86,7.08,do đó đọc sách ngữ pháp vỡ lòng này sẽ giúp bạn học nhiều về ngữ pháp ba tư và hiểu các cụm từ tốt hơn,therefore reading this grammar primer would help you learn much about persian grammar and understand phrases better
1071,remote_dataset/fleurs_vi_en/train/vi/vi_01071.wav,remote_dataset/fleurs_vi_en/train/en/en_01071.wav,5.82,8.40,các lệnh trừng phạt quốc tế làm cho không thể mua được máy bay mới,international sanctions have meant that new aircraft cannot be purchased
1072,remote_dataset/fleurs_vi_en/train/vi/vi_01072.wav,remote_dataset/fleurs_vi_en/train/en/en_01072.wav,4.56,4.80,họ cũng xác định những tuyến đường mòn phổ biến cho việc đi bộ và đạp xe,they also define routes for popular hiking and cycling trails
1073,remote_dataset/fleurs_vi_en/train/vi/vi_01073.wav,remote_dataset/fleurs_vi_en/train/en/en_01073.wav,8.40,11.04,những ca nghi nhiễm h5n1 tại croatia và đan mạch vẫn chưa được xác nhận,suspected cases of h5n1 in croatia and denmark remain unconfirmed
1074,remote_dataset/fleurs_vi_en/train/vi/vi_01074.wav,remote_dataset/fleurs_vi_en/train/en/en_01074.wav,11.82,8.94,tàn tích của các hệ thống nước thải đã được tìm thấy trong các căn nhà của các thành phố minoa trên đảo crete và santorini ở hy lạp,remains of sewage systems have been found in the houses of the minoan cities of crete and santorini in greece
1075,remote_dataset/fleurs_vi_en/train/vi/vi_01075.wav,remote_dataset/fleurs_vi_en/train/en/en_01075.wav,9.96,10.08,hiệu quả của các bộ lọc không giống nhau nên nếu cảm thấy lo ngại bạn nên cân nhắc mua nước đóng chai của các công ty danh tiếng,filters vary in effectiveness and should you have a concern then you should consider buying your water in a sealed bottle from a reputable company
1076,remote_dataset/fleurs_vi_en/train/vi/vi_01076.wav,remote_dataset/fleurs_vi_en/train/en/en_01076.wav,11.46,12.36,một bản đã được gửi tới george washington ngày 6 tháng 7 ông đã đọc cho quân đội của mình tại new york ngày 9 tháng 7 một bản sao đã được chuyển đến luân đôn ngày 10 tháng 8,one was sent to george washington on july 6 who had it read to his troops in new york on july 9 a copy reached london on august 10
1077,remote_dataset/fleurs_vi_en/train/vi/vi_01077.wav,remote_dataset/fleurs_vi_en/train/en/en_01077.wav,7.02,6.54,trước the simpsons simon đã làm việc cho vài chương trình ở nhiều vị trí khác nhau,before the simpsons simon had worked on several shows in various positions
1078,remote_dataset/fleurs_vi_en/train/vi/vi_01078.wav,remote_dataset/fleurs_vi_en/train/en/en_01078.wav,15.12,18.60,đợt bùng phát thúc giục chính phủ ấn độ tiến hành các biện pháp như triển khai dụng cụ bắt lợn tại các khu vực bị ảnh hưởng nghiêm trọng phân phát hàng nghìn màn chống muỗi và bình xịt côn trùng,the outbreak has prompted the indian government to undertake such measures as deployment of pig catchers in seriously affected areas distributing thousands of mosquito curtains and spraying pesticides
1079,remote_dataset/fleurs_vi_en/train/vi/vi_01079.wav,remote_dataset/fleurs_vi_en/train/en/en_01079.wav,9.72,11.28,lý thuyết này cho rằng hầu hết các vật chất đen quanh một thiên hà nằm quanh một thiên hà trong một quầng và được tạo thành từ nhiều hạt nhỏ,this theory says that most dark matter around a galaxy is located around a galaxy in a kind of halo and is made of lots of small particles
1081,remote_dataset/fleurs_vi_en/train/vi/vi_01081.wav,remote_dataset/fleurs_vi_en/train/en/en_01081.wav,7.86,10.74,xa hơn về phía nam là thác niagara và phía bắc là muskoka với vẻ đẹp tự nhiên hoang sơ và hơn thế nữa,farther south is niagara falls and the north is home to the untapped natural beauty of the muskoka and beyond
1082,remote_dataset/fleurs_vi_en/train/vi/vi_01082.wav,remote_dataset/fleurs_vi_en/train/en/en_01082.wav,15.48,14.28,nó có thể được dát rất mỏng và mạ lên trên kim loại khác nó có thể dát mỏng đến mức đôi khi được dùng để trang trí những bức tranh vẽ tay trong các cuốn sách gọi là những bản thảo lấp lánh,it can be made very thin and stuck onto other metal it can be made so thin that it was sometimes used to decorate the hand-painted pictures in books called illuminated manuscripts
1084,remote_dataset/fleurs_vi_en/train/vi/vi_01084.wav,remote_dataset/fleurs_vi_en/train/en/en_01084.wav,17.10,15.24,điều này không chỉ khẳng định một giả thuyết đã nhiều người biết đến là ít nhất có một số loài khủng long có lông vũ mà còn cung cấp những thông tin chi tiết mà hóa thạch không thể chỉ ra chẳng hạn như màu sắc hay cấu trúc 3 chiều,this not only confirms that at least some dinosaurs had feathers a theory already widespread but provides details fossils generally cannot such as color and three-dimensional arrangement
1085,remote_dataset/fleurs_vi_en/train/vi/vi_01085.wav,remote_dataset/fleurs_vi_en/train/en/en_01085.wav,10.08,7.62,có một người trong đám đông đã vẫy cái đầu của một tên lính hoàng gia bị giết tại lâu đài versailles trước mặt hoàng hậu đang kinh hãi,at one point a member of the mob waved the head of a royal guard killed at versailles in front of the terrified queen
1086,remote_dataset/fleurs_vi_en/train/vi/vi_01086.wav,remote_dataset/fleurs_vi_en/train/en/en_01086.wav,10.26,8.64,mười bốn trường học ở hawaii tọa lạc trên hay gần bờ biển đều đóng cửa vào ngày thứ tư mặc dù các cảnh báo đã được gỡ bỏ,fourteen schools in hawaii located on or near coastlines were closed all of wednesday despite the warnings being lifted
1087,remote_dataset/fleurs_vi_en/train/vi/vi_01087.wav,remote_dataset/fleurs_vi_en/train/en/en_01087.wav,12.00,9.82,hổ cùng nhóm chi báo với sư tử báo và báo đốm. bốn họ mèo này là những họ duy nhất có thể gầm rống,the tiger is in the same group genus panthera as lions leopards and jaguars. these four cats are the only ones who can roar
1088,remote_dataset/fleurs_vi_en/train/vi/vi_01088.wav,remote_dataset/fleurs_vi_en/train/en/en_01088.wav,15.12,13.26,nó đáng lẽ kéo dài trong 40 năm tiếp theo và sẽ được chiến đấu thật sự bởi các quân đội ủy nhiệm trên các chiến trường từ châu phi đến châu á tại afghanistan cuba và nhiều nơi khác,it was to last for the next 40 years and would be fought for real by proxy armies on battlefields from africa to asia in afghanistan cuba and many other places
1089,remote_dataset/fleurs_vi_en/train/vi/vi_01089.wav,remote_dataset/fleurs_vi_en/train/en/en_01089.wav,9.30,7.80,nếu không có bàn là hoặc nếu bạn không thích đi bít-tất là thì có thể dùng máy sấy tóc nếu có,if an iron isn't available or if you don't fancy wearing ironed socks then you can try using a hairdryer if available
1090,remote_dataset/fleurs_vi_en/train/vi/vi_01090.wav,remote_dataset/fleurs_vi_en/train/en/en_01090.wav,12.42,8.76,những cuộc biểu tình đôi khi bạo lực này xuất phát từ việc tổ chức bầu cử thất bại một số cuộc bầu cử đáng lẽ phải diễn ra từ năm 2011,the sometimes-violent protests were triggered by failure to hold elections some due since 2011
1091,remote_dataset/fleurs_vi_en/train/vi/vi_01091.wav,remote_dataset/fleurs_vi_en/train/en/en_01091.wav,7.44,7.74,khi đến thăm các tu viện phụ nữ được yêu cầu mặc váy trùm đầu gối và mặc áo kín vai,while visiting the monasteries women are required to wear skirts covering the knees and have their shoulders covered too
1092,remote_dataset/fleurs_vi_en/train/vi/vi_01092.wav,remote_dataset/fleurs_vi_en/train/en/en_01092.wav,11.40,10.32,nơi đây có các quần thể thực vật rất phong phú và đa dạng nhờ vào các vùng vi khí hậu đất đai khác nhau và nhiều độ cao khác nhau so với mặt nước biển,it has a notably wide variety of plant communities due to its range of microclimates differing soils and varying levels of altitude
1093,remote_dataset/fleurs_vi_en/train/vi/vi_01093.wav,remote_dataset/fleurs_vi_en/train/en/en_01093.wav,10.50,7.04,bí mật cho sự thành công của chúng là khái niệm ngách một công việc đặc biệt mà mỗi chú mèo có để tránh cạnh tranh với những chú mèo khác,the secret to their success is the concept of the niche a special job each cat holds that keeps it from competing with others
1094,remote_dataset/fleurs_vi_en/train/vi/vi_01094.wav,remote_dataset/fleurs_vi_en/train/en/en_01094.wav,9.84,6.66,hầu hết các trường hợp tử vong là do kiệt sức vì cố gắng bơi ngược dòng đây là điều dường như bất khả thi,most deaths happen as result of fatigue trying to swim back against the current which may be impossible
1095,remote_dataset/fleurs_vi_en/train/vi/vi_01095.wav,remote_dataset/fleurs_vi_en/train/en/en_01095.wav,14.52,14.76,họ buộc phải đóng thuế cho chính quyền thuộc địa mỹ để chi trả phần lớn chi tiêu và lãi suất trái phiếu trôi nổi dưới danh nghĩa của chính phủ philippines thông qua các ngân hàng ở phố wall,they were compelled to pay taxes to the u.s. colonial regime to defray a major part of the expenditures and the interest on bonds floated in the name of the philippine government through the wall street banking houses
1096,remote_dataset/fleurs_vi_en/train/vi/vi_01096.wav,remote_dataset/fleurs_vi_en/train/en/en_01096.wav,8.34,7.14,phần lớn các du thuyền baltic nổi tiếng được ở thêm tại st petersburg nga,most of the distinct baltic cruises feature an extended stay in st petersburg russia
1097,remote_dataset/fleurs_vi_en/train/vi/vi_01097.wav,remote_dataset/fleurs_vi_en/train/en/en_01097.wav,8.04,12.60,các công ty lữ hành thường liên kết với các khách sạn nhất định mặc dù bạn có thể đặt hình thức lưu trú khác như khu cắm trại qua một công ty lữ hành,travel agents often have deals with specific hotels although you may find it possible to book other forms of accommodation like camping grounds through a travel agent
1098,remote_dataset/fleurs_vi_en/train/vi/vi_01098.wav,remote_dataset/fleurs_vi_en/train/en/en_01098.wav,15.96,15.60,dự luật yêu cầu các trò chơi video bạo lực bán trong bang california phải được dán đề-can nội dung 18 và sẽ bị phạt nếu bán cho trẻ vị thành niên với mức phạt là $1000 trên một vi phạm,the bill requires violent video games sold in the state of california to be labeled with a decal reading 18 and makes their sale to a minor punishable by a fine of $1000 per offense
1100,remote_dataset/fleurs_vi_en/train/vi/vi_01100.wav,remote_dataset/fleurs_vi_en/train/en/en_01100.wav,13.14,12.90,nam phi đã đánh bại all blacks new zealand trong một trận đấu tam hùng liên đoàn bóng bầu dục tại sân vận động royal bafokeng tại rustenburg nam phi,south africa have defeated the all blacks new zealand in a rugby union tri nations match at the royal bafokeng stadium in rustenburg south africa
1101,remote_dataset/fleurs_vi_en/train/vi/vi_01101.wav,remote_dataset/fleurs_vi_en/train/en/en_01101.wav,13.32,12.18,mỗi năm hàng tá du khách bị thương vì họ không giữ khoảng cách an toàn những động vật này rất lớn hoang dã và có thể gây nguy hiểm nên hãy cho chúng không gian riêng,each year dozens of visitors are injured because they didn't keep a proper distance these animals are large wild and potentially dangerous so give them their space
1102,remote_dataset/fleurs_vi_en/train/vi/vi_01102.wav,remote_dataset/fleurs_vi_en/train/en/en_01102.wav,10.14,8.82,dấu hiệu rõ nhất của ngộ độc nội tạng có lẽ là sự có mặt của một hộp chứa thuốc hoặc hóa chất gia dụng độc hại đã mở nắp,the best indication of internal poisoning may be the presence of an open container of medication or toxic household chemicals
1103,remote_dataset/fleurs_vi_en/train/vi/vi_01103.wav,remote_dataset/fleurs_vi_en/train/en/en_01103.wav,12.00,13.98,vũ khí của uka bị hỏng khi nhắm vào đầu của người đàn ông thứ năm schneider đang bị đau mù một mắt mất một phần sọ và phải tái tạo mặt bằng titan,uka's weapon failed whilst pointed at a fifth man's head schneider has ongoing pain blindness in one eye a missing section of skull and a face rebuilt from titanium
1104,remote_dataset/fleurs_vi_en/train/vi/vi_01104.wav,remote_dataset/fleurs_vi_en/train/en/en_01104.wav,16.08,18.18,dê nhà thường được nuôi thành đàn kiếm ăn lang thang trên đồi hoặc các khu vực chăn thả khác chủ yếu do trẻ em hoặc thiếu niên chăn dắt tương tự như chăn cừu những phương pháp chăn nuôi gia súc theo bầy vẫn còn được sử dụng cho đến ngày nay,domestic goats were generally kept in herds that wandered on hills or other grazing areas often tended by goatherds who were frequently children or adolescents similar to the more widely known shepherd these methods of herding are still used today
1105,remote_dataset/fleurs_vi_en/train/vi/vi_01105.wav,remote_dataset/fleurs_vi_en/train/en/en_01105.wav,11.16,9.18,đại kim tự tháp được tạo ra để vinh danh pharaoh khufu và nhiều kim tự tháp ngôi mộ và đền thờ nhỏ hơn đã được xây dựng để vinh danh các phi tần và người thân trong gia đình của khufu,the great pyramid was created to honor the pharaoh khufu and many of the smaller pyramids tombs and temples were built to honor khufu's wives and family members
1106,remote_dataset/fleurs_vi_en/train/vi/vi_01106.wav,remote_dataset/fleurs_vi_en/train/en/en_01106.wav,7.14,8.22,các lý thuyết nội dung tập trung vào việc tìm kiếm những gì khiến mọi người chú ý hoặc thu hút họ,content theories are centered on finding what makes people tick or appeals to them
1107,remote_dataset/fleurs_vi_en/train/vi/vi_01107.wav,remote_dataset/fleurs_vi_en/train/en/en_01107.wav,11.34,10.68,bất luận trông hiền lành như thế nào bò rừng nai sừng xám nai sừng tấm gấu và gần như tất cả các loài thú lớn đều có thể tấn công người,no matter how docile they may look bison elk moose bears and nearly all large animals can attack
1108,remote_dataset/fleurs_vi_en/train/vi/vi_01108.wav,remote_dataset/fleurs_vi_en/train/en/en_01108.wav,12.12,9.72,liên minh và quân đội afghanistan đã di chuyển vào khu vực để bảo vệ căn cứ và các máy bay liên minh khác được gửi tới để hỗ trợ,coalition and afghan troops moved into the area to secure the site and other coalition aircraft have been sent to assist
1109,remote_dataset/fleurs_vi_en/train/vi/vi_01109.wav,remote_dataset/fleurs_vi_en/train/en/en_01109.wav,15.84,10.26,thời kỳ trung cổ giai đoạn trung kỳ diễn ra sau thời kỳ trung cổ giai đoạn sơ kỳ và trước thời kỳ trung cổ giai đoạn hậu kỳ theo quy ước kết thúc vào khoảng 1500,the high middle ages were preceded by the early middle ages and followed by the late middle ages which by convention ends around 1500
1110,remote_dataset/fleurs_vi_en/train/vi/vi_01110.wav,remote_dataset/fleurs_vi_en/train/en/en_01110.wav,8.88,9.24,theo lịch huhne và pryce sẽ xuất hiện tại tòa sơ thẩm westminster vào ngày 16 tháng hai,huhne and pryce are scheduled to appear at the westminster magistrates court on february 16
1111,remote_dataset/fleurs_vi_en/train/vi/vi_01111.wav,remote_dataset/fleurs_vi_en/train/en/en_01111.wav,10.02,6.78,sau đó adekoya đã bị kết án ở tòa án quận edinburgh với tội danh sát hại con trai của mình,adekoya has since been in edinburgh sheriff court charged with murdering her son
1112,remote_dataset/fleurs_vi_en/train/vi/vi_01112.wav,remote_dataset/fleurs_vi_en/train/en/en_01112.wav,12.12,9.42,những lo ngại về thiếu phương tiện di chuyển làm dấy lên khả năng trận đấu sẽ bị buộc phải chơi sau những cánh cửa đóng kín mà không có cổ động viên của đội tuyển này,fears of lack of transportation raised the possibility that the game would be forced to play behind closed doors without the team's supporters
1113,remote_dataset/fleurs_vi_en/train/vi/vi_01113.wav,remote_dataset/fleurs_vi_en/train/en/en_01113.wav,9.00,9.54,sau khi các nhân viên xác minh danh tính của cử tri cử tri sẽ bỏ phong bì vào thùng phiếu và ký tên vào danh sách bầu cử,after officials verify the voter's identity the voter drops the envelope into the ballot box and signs the voting roll
1114,remote_dataset/fleurs_vi_en/train/vi/vi_01114.wav,remote_dataset/fleurs_vi_en/train/en/en_01114.wav,11.76,10.68,nhiều truyền thống xung quanh ngày lễ này cũng được chấp nhận bởi những người không theo đạo tại các quốc gia kitô giáo và người ngoài kitô giáo trên khắp thế giới,many of the traditions surrounding the holiday have been adopted also by non-believers in christian countries and non-christians around the world
1115,remote_dataset/fleurs_vi_en/train/vi/vi_01115.wav,remote_dataset/fleurs_vi_en/train/en/en_01115.wav,14.88,9.30,tổ chức từ thiện y tế mangola tổ chức bác sĩ không biên giới và tổ chức y tế thế giới nói rằng đây là vụ bùng phát dịch bệnh tồi tệ nhất từng được ghi nhận ở nước này,the medical charity mangola medecines sans frontieres and the world health organisation say it is the worst outbreak recorded in the country
1116,remote_dataset/fleurs_vi_en/train/vi/vi_01116.wav,remote_dataset/fleurs_vi_en/train/en/en_01116.wav,7.80,8.46,tất cả các tàu đều bị đắm ngoại trừ một chiếc tuần dương hạm của anh gần 200 thủy thủ mỹ và đức đã thiệt mạng,all the ships were sunk except for one british cruiser nearly 2:00 american and german lives were lost
1117,remote_dataset/fleurs_vi_en/train/vi/vi_01117.wav,remote_dataset/fleurs_vi_en/train/en/en_01117.wav,17.76,13.44,hãy thử bơi về phía nào đó mà bạn sẽ không bị cuốn theo dòng nước hoặc chọn ở yên một chỗ để chờ cứu hộ tùy vào kỹ năng của bản thân và việc có ai phát hiện ra tình trạng nguy hiểm của bạn hay không,try aiming somewhere where you are not caught again or depending on your skills and on whether you have been noticed you might want to wait for rescue
1118,remote_dataset/fleurs_vi_en/train/vi/vi_01118.wav,remote_dataset/fleurs_vi_en/train/en/en_01118.wav,10.56,6.48,cô ấy chỉ cảnh sát tới chiếc xe oldsmobile intrigue màu đen cách đó 500 foot,she directed officers to her black oldsmobile intrigue which was 500 feet away
1119,remote_dataset/fleurs_vi_en/train/vi/vi_01119.wav,remote_dataset/fleurs_vi_en/train/en/en_01119.wav,9.18,8.08,nhóm vô hình là nhóm quản lý mà mỗi thành viên sẽ báo cáo nhóm vô hình tạo tiêu chuẩn cho mỗi thành viên,the invisible team is the management team to which each of the members report the invisible team sets the standards for each member
1120,remote_dataset/fleurs_vi_en/train/vi/vi_01120.wav,remote_dataset/fleurs_vi_en/train/en/en_01120.wav,13.92,10.74,các môn thể thao trượt tuyết xuống dốc bao gồm trượt tuyết và trượt ván trên tuyết là những môn thể thao phổ biến liên quan đến việc trượt xuống địa hình phủ đầy tuyết bằng skis hoặc ván trượt tuyết gắn vào chân của bạn,downhill snowsports which include skiing and snowboarding are popular sports involving sliding down snow-covered terrain with skis or a snowboard attached to your feet
1121,remote_dataset/fleurs_vi_en/train/vi/vi_01121.wav,remote_dataset/fleurs_vi_en/train/en/en_01121.wav,9.48,13.14,trưởng ban công tố keir starmer qc sáng nay đã tuyên bố truy tố cả huhne và pryce,the director of public prosecutions kier starmer qc gave a statement this morning announcing the prosecution of both huhne and pryce
1122,remote_dataset/fleurs_vi_en/train/vi/vi_01122.wav,remote_dataset/fleurs_vi_en/train/en/en_01122.wav,12.18,9.00,công nhân phải thường xuyên xin cấp trên phê duyệt đối với những quyết định mà họ đưa ra và phải sẵn sàng tuân theo hướng dẫn của cấp trên mà không được phép thắc mắc,workers must often get their superiors' approval for any decisions they make and are expected to obey their superiors' instructions without question
1123,remote_dataset/fleurs_vi_en/train/vi/vi_01123.wav,remote_dataset/fleurs_vi_en/train/en/en_01123.wav,10.20,11.34,sundarbans có diện tích 3.850 km² trong đó khoảng một phần ba là vùng nước/đầm lầy,"the sundarbans cover an area of 3,850 km² of which about one-third is covered in water/marsh areas"
1124,remote_dataset/fleurs_vi_en/train/vi/vi_01124.wav,remote_dataset/fleurs_vi_en/train/en/en_01124.wav,8.46,13.68,cả bọ hút máu và rệp giường đều là loài rời tổ muộn thích nghi sống trong tổ hoặc sống trên vật chủ,both assassin-bugs and bed-bugs are nidicolous adapted to living in nest or housing of their host
1125,remote_dataset/fleurs_vi_en/train/vi/vi_01125.wav,remote_dataset/fleurs_vi_en/train/en/en_01125.wav,11.10,9.36,các khu vực này có dân cư thưa thớt nên ô nhiễm ánh sáng thường không phải là vấn đề lớn và bạn cũng sẽ có thể thoải mái ngắm sao,as the areas are sparsely populated and light pollution therefore often not a problem you will also be able to enjoy the stars
1126,remote_dataset/fleurs_vi_en/train/vi/vi_01126.wav,remote_dataset/fleurs_vi_en/train/en/en_01126.wav,18.24,12.54,y phục cũng có thể mượn từ kho ở lối vào tuy nhiên do không được giặt sau mỗi lần sử dụng nên có thể bạn sẽ không thấy thoải mái khi mặc những chiếc váy này đối với nam giới thì chỉ có một cỡ dành cho tất cả mọi người,this too can be borrowed from the stock at the entrance but that clothing isn't washed after every user so you may not feel comfortable wearing these skirts one size fits all for men
1127,remote_dataset/fleurs_vi_en/train/vi/vi_01127.wav,remote_dataset/fleurs_vi_en/train/en/en_01127.wav,19.56,13.26,xung quanh vùng medina cũ có thể dễ dàng tìm ra các địa điểm bán hàng truyền thống của ma rốc như nồi tagine đồ gốm đồ da shisha và đủ thứ lặt vặt nhưng chỉ dành cho du khách,around the old medina it's easy to find places selling traditional moroccan goods such as tagines pottery leather goods hookahs and a whole spectrum of geegaws but it's all for the tourists
1128,remote_dataset/fleurs_vi_en/train/vi/vi_01128.wav,remote_dataset/fleurs_vi_en/train/en/en_01128.wav,9.06,8.82,các nhà cầm quyền suy đoán rằng điều này cho thấy các thùng chứa nhiên liệu urani tại hiện trường có thể đã bị vỡ và đang bị rò,authorities speculate that this indicates that containers holding uranium fuel at the site may have ruptured and are leaking
1129,remote_dataset/fleurs_vi_en/train/vi/vi_01129.wav,remote_dataset/fleurs_vi_en/train/en/en_01129.wav,9.00,8.52,tổng thống mỹ george w bush đến singapore sáng ngày 16 tháng 11 bắt đầu chuyến công du đến châu á trong một tuần,u.s. president george w bush arrived in singapore the morning of november 16 beginning a week-long tour of asia
1130,remote_dataset/fleurs_vi_en/train/vi/vi_01130.wav,remote_dataset/fleurs_vi_en/train/en/en_01130.wav,7.02,8.52,sự bình an nội tại tỷ lệ nghịch với những căng thẳng mà cơ thể và tinh thần phải chịu,the amount of inner peace a person possesses correlates oppositely to the amount of tension in one's body and spirit
1131,remote_dataset/fleurs_vi_en/train/vi/vi_01131.wav,remote_dataset/fleurs_vi_en/train/en/en_01131.wav,11.28,14.88,trận động đất xảy ra ở mariana vào lúc 07:19 giờ sáng theo giờ địa phương 09:19 giờ gmt ngày thứ sáu,the eathquake struck mariana at 07:19 a.m. local time 09:19 p.m. gmt friday
1132,remote_dataset/fleurs_vi_en/train/vi/vi_01132.wav,remote_dataset/fleurs_vi_en/train/en/en_01132.wav,9.54,10.62,văn hóa làm việc của người nhật bản mang tính thứ bậc và trang trọng hơn mà người phương tây có thể đã quen,japanese work culture is more hierarchical and formal that what westerners may be used to
1133,remote_dataset/fleurs_vi_en/train/vi/vi_01133.wav,remote_dataset/fleurs_vi_en/train/en/en_01133.wav,17.34,16.08,người phát ngôn của medecines sans frontiere richard veerman nói angola đang hướng tới một đợt bùng phát tồi tệ nhất từng có và tình hình vẫn rất tồi tệ tại angola ông này nói,spokesman for medecines sans frontiere richard veerman said angola is heading for its worst ever outbreak and the situation remains very bad in angola he said
1134,remote_dataset/fleurs_vi_en/train/vi/vi_01134.wav,remote_dataset/fleurs_vi_en/train/en/en_01134.wav,13.32,24.78,khu vực chaco có các nhóm bộ tộc bản địa khác như guaycurú và payaguá những người sinh sống bằng cách săn bắn hái lượm và đánh bắt cá,the chaco region was home to other groups of indigenous tribes such as the guaycurú and payaguá who survived by hunting gathering and fishing
1135,remote_dataset/fleurs_vi_en/train/vi/vi_01135.wav,remote_dataset/fleurs_vi_en/train/en/en_01135.wav,9.06,8.42,lần tuyên đọc đầu tiên của văn kiện này là bởi john nixon ở hội trường độc lập vào ngày 8 tháng bảy,the first public reading of the document was by john nixon in the yard of independence hall on july 8
1136,remote_dataset/fleurs_vi_en/train/vi/vi_01136.wav,remote_dataset/fleurs_vi_en/train/en/en_01136.wav,8.40,8.04,nước máy địa phương tuyệt đối an toàn để uống nhưng nước đóng chai cũng rất dễ tìm nếu bạn lo ngại về vấn đề này,the local tap water is perfectly safe to drink but bottled water is easy to find if you are fearful
1137,remote_dataset/fleurs_vi_en/train/vi/vi_01137.wav,remote_dataset/fleurs_vi_en/train/en/en_01137.wav,10.44,11.70,làng haldarsvík nằm nhìn ra phía đảo eysturoy gần đó và có một nhà thờ hình bát giác rất kỳ lạ,the village of haldarsvík offer views of the nearby island eysturoy and has an unusual octagonal church
1138,remote_dataset/fleurs_vi_en/train/vi/vi_01138.wav,remote_dataset/fleurs_vi_en/train/en/en_01138.wav,8.10,6.42,trước đó hãng tin tân hoa xã của trung quốc đã đưa tin về một chiếc máy bay bị cướp,earlier the chinese news agency xinhua reported a plane to be hijacked
1139,remote_dataset/fleurs_vi_en/train/vi/vi_01139.wav,remote_dataset/fleurs_vi_en/train/en/en_01139.wav,9.84,19.14,thời tiết khắc nghiệt có thể xuất hiện ở bất cứ đâu trên thế giới và có nhiều hình thái khác nhau tùy thuộc vào đặc điểm địa lý địa hình và khí hậu,severe weather can occur anywhere in the world and there are different types of it which can depend on geography topography and atmospheric conditions
1140,remote_dataset/fleurs_vi_en/train/vi/vi_01140.wav,remote_dataset/fleurs_vi_en/train/en/en_01140.wav,8.76,10.62,tất nhiên siêu lợi nhuận thu được từ việc bóc lột người dân philippines trong một thời gian dài đã trở thành nguồn thu chính của chủ nghĩa đế quốc mỹ,of course the superprofits derived from the protracted exploitation of the filipino people would constitute the basic gains of u.s. imperialism
1141,remote_dataset/fleurs_vi_en/train/vi/vi_01141.wav,remote_dataset/fleurs_vi_en/train/en/en_01141.wav,12.30,9.96,phó tổng thanh tra d k arya cho biết chúng tôi đã bắt được năm kẻ đã cưỡng hiếp người phụ nữ thụy sĩ và lấy lại được điện thoại và máy tính xách tay của cô,deputy inspector general d k arya said we have arrested five persons who raped the swiss woman and recovered her mobile and laptop
1142,remote_dataset/fleurs_vi_en/train/vi/vi_01142.wav,remote_dataset/fleurs_vi_en/train/en/en_01142.wav,16.80,14.04,"""chúng tôi sẽ cố gắng cắt giảm khí thải các-bon đioxit trên mỗi đơn vị gdp từ mức năm 2005 xuống một mức đáng kể vào năm 2020 hu nói.",we will endeavour to cut carbon dioxide emissions per unit of gdp by a notable margin by 2020 from the 2005 level hu said
1143,remote_dataset/fleurs_vi_en/train/vi/vi_01143.wav,remote_dataset/fleurs_vi_en/train/en/en_01143.wav,9.90,11.58,thông lệ này rất phổ biến ở anh nhưng scotland thì khác luật pháp và tòa án ở đây đã cho rằng việc phát tán hình ảnh là có thể gây thành kiến,this is common practice elsewhere in the uk but scottish justice works differently and courts have viewed publication of photos as potentially prejudicial
1144,remote_dataset/fleurs_vi_en/train/vi/vi_01144.wav,remote_dataset/fleurs_vi_en/train/en/en_01144.wav,13.08,17.46,theo báo cáo không có thiệt hại hay thương tích đáng kể nào tại tonga tuy nhiên điện tạm thời bị mất điều này được cho là cản trở chính quyền tongan trong việc nhận thông tin cảnh báo sóng thần từ ptwc,no major damage or injuries have been reported in tonga but power was temporarily lost which reportedly prevented tongan authorities from receiving the tsunami warning issued by the ptwc
1145,remote_dataset/fleurs_vi_en/train/vi/vi_01145.wav,remote_dataset/fleurs_vi_en/train/en/en_01145.wav,17.52,18.42,trong bối cảnh của chủ nghĩa lãng mạn địa lý học nhào nặn từng cá thể và theo thời gian thì đến phong tục và văn hóa liên quan đến khu vực đó phát triển và những điều này kết hợp với vị thế xã hội vẫn tốt hơn là những điều luật độc tài bị áp đặt,in the context of romanticism the geography molded individuals and over time customs and culture related to that geography arose and these being in harmony with the place of the society were better than arbitrarily imposed laws
1146,remote_dataset/fleurs_vi_en/train/vi/vi_01146.wav,remote_dataset/fleurs_vi_en/train/en/en_01146.wav,5.76,4.62,tuy nhiên tài xế vẫn sống sót dù bị chấn thương nặng ở đầu,however the driver sustained serious injuries to the head
1147,remote_dataset/fleurs_vi_en/train/vi/vi_01147.wav,remote_dataset/fleurs_vi_en/train/en/en_01147.wav,9.96,8.82,ý tưởng về trượt tuyết đã có từ rất lâu đời những bức tranh trong hang động miêu tả người trượt tuyết đã xuất hiện từ 5000 năm trước công nguyên,the idea of skiing is very old cave paintings depicting skiers date back as far as 5000 bc
1148,remote_dataset/fleurs_vi_en/train/vi/vi_01148.wav,remote_dataset/fleurs_vi_en/train/en/en_01148.wav,10.80,8.82,một số người đã xác minh việc phát hiện bằng các phần cứng và phần mềm khác nhau vào đầu tháng hai và điều này được công bố hôm thứ ba,several people verified the discovery using different hardware and software by the beginning of february and it was announced on tuesday
1149,remote_dataset/fleurs_vi_en/train/vi/vi_01149.wav,remote_dataset/fleurs_vi_en/train/en/en_01149.wav,14.46,15.84,sau khi được quốc hội thông qua vào ngày 4 tháng 7 bản thảo viết tay do chủ tịch quốc hội john hancock và bộ trưởng charles thomson ký tên đã được gửi tới cửa hàng in ấn của john dunlap cách đó vài tòa nhà,after its adoption by congress on july 4 a handwritten draft signed by the president of congress john hancock and the secretary charles thomson was then sent a few blocks away to the printing shop of john dunlap
1151,remote_dataset/fleurs_vi_en/train/vi/vi_01151.wav,remote_dataset/fleurs_vi_en/train/en/en_01151.wav,16.20,14.04,điều này cũng giống như điều trị triệu chứng ở nhiều ca bệnh tuy nhiên nếu chúng ta không chỉ muốn một giải pháp tạm thời thì cần phải tìm ra căn nguyên của vấn đề và làm cách nào để vô hiệu hóa nó,this is just like symptomatic treatment in many cases however if we do not only want a temporary solution then we should find the root of the problems and we should deactivate them
1152,remote_dataset/fleurs_vi_en/train/vi/vi_01152.wav,remote_dataset/fleurs_vi_en/train/en/en_01152.wav,6.96,7.14,nếu có bão tuyết tuyết rơi trong một khoảng thời gian ngắn cũng đủ làm bạn mắc kẹt,during blizzards enough snow to get you stuck can fall in very little time
1153,remote_dataset/fleurs_vi_en/train/vi/vi_01153.wav,remote_dataset/fleurs_vi_en/train/en/en_01153.wav,10.14,14.52,nhiều nhịp điệu quan sát được trong tâm lý học và hành vi thường phụ thuộc rất lớn vào sự hiện diện của chu kỳ nội sinh và sự sản sinh của những nhịp điệu này thông qua đồng hồ sinh học,many observed rhythms in physiology and behavior often crucially depend on the presence of endogenous cycles and their production through biological clocks
1154,remote_dataset/fleurs_vi_en/train/vi/vi_01154.wav,remote_dataset/fleurs_vi_en/train/en/en_01154.wav,8.46,10.20,mặc dù winfrey đã khóc trong buổi chia tay cô ấy đã hứa với người hâm mộ sẽ quay lại,although winfrey was tearful in her farewell she made it clear to her fans she will be back
1155,remote_dataset/fleurs_vi_en/train/vi/vi_01155.wav,remote_dataset/fleurs_vi_en/train/en/en_01155.wav,12.72,14.40,các ví dụ bao gồm điều khiển lên kế hoạch và lên lịch trình khả năng trả lời chẩn đoán và câu hỏi của khách hàng cũng như nhận diện viết tay giọng nói và khuôn mặt,examples include control planning and scheduling the ability to answer customer diagnoses and questions as well as handwriting recognition voice and face
1156,remote_dataset/fleurs_vi_en/train/vi/vi_01156.wav,remote_dataset/fleurs_vi_en/train/en/en_01156.wav,11.40,8.04,dấu cung lên trông giống chữ v và dấu cung xuống giống như một cái ghim hoặc hình vuông thiếu mất cạnh dưới,the up bow mark looks like a v and the down bow mark like a staple or a square missing its bottom side
1157,remote_dataset/fleurs_vi_en/train/vi/vi_01157.wav,remote_dataset/fleurs_vi_en/train/en/en_01157.wav,9.54,9.24,montevideo thuộc vùng cận nhiệt đới; trong những tháng mùa hè nhiệt độ thường trên +30°c,montevideo is in the subtropics; in the summer months temperatures above +30°c are common
1158,remote_dataset/fleurs_vi_en/train/vi/vi_01158.wav,remote_dataset/fleurs_vi_en/train/en/en_01158.wav,14.82,23.16,hiệp hội thể dục dụng cụ hoa kỳ hỗ trợ một cuộc điều tra độc lập nhằm làm sáng tỏ làm thế nào mà tỉ lệ người bị lạm dụng vẫn dũng cảm sống sót trong vụ larry nassar đã không được phát hiện trong thời gian dài và chấp nhận mọi thay đổi cần thiết và phù hợp,usa gymnastics supports an independent investigation that may shine light on how abuse of the proportion described so courageously by the survivors of larry nassar could have gone undetected for so long and embraces any necessary and appropriate changes
1159,remote_dataset/fleurs_vi_en/train/vi/vi_01159.wav,remote_dataset/fleurs_vi_en/train/en/en_01159.wav,14.10,12.06,nhịp tuần hoàn không chỉ đơn giản là những phản hồi với tín hiệu tuần hoàn bên ngoài đã được ghi nhận cho hầu hết những sinh vật sống bao gồm vi khuẩn nấm thực vật và động vật,periodic rhythms which are not simply responses to external periodic cues have been documented for most living beings including bacteria fungi plants and animals
1160,remote_dataset/fleurs_vi_en/train/vi/vi_01160.wav,remote_dataset/fleurs_vi_en/train/en/en_01160.wav,10.62,8.52,số tiền này có thể dùng để xây nhà chống lũ quản lý nguồn nước tốt hơn và đa dạng hóa mùa vụ,the money could go toward flood-proof houses better water management and crop diversification
1161,remote_dataset/fleurs_vi_en/train/vi/vi_01161.wav,remote_dataset/fleurs_vi_en/train/en/en_01161.wav,13.02,11.52,nếu người cưỡi ngựa bị ngã nhưng mắc kẹt chân ở yên ngựa họ có thể bị kéo đi nếu con ngựa chạy tiếp để giảm thiểu rủi ro này một vài biện pháp phòng ngừa có thể được thực hiện,if a rider is thrown from a horse but has a foot caught in the stirrup they could be dragged if the horse runs away to minimize this risk a number of safety precautions can be taken
1162,remote_dataset/fleurs_vi_en/train/vi/vi_01162.wav,remote_dataset/fleurs_vi_en/train/en/en_01162.wav,7.98,6.72,một cặp đôi có thể quyết định rằng việc nuôi một đứa trẻ không phải là vì lợi ích tốt nhất của họ hoặc là của đứa trẻ,a couple may decide it is not in their best interest or in the interest of their child to raise a baby
1163,remote_dataset/fleurs_vi_en/train/vi/vi_01163.wav,remote_dataset/fleurs_vi_en/train/en/en_01163.wav,9.30,11.28,trên hoang mạc thật khó cho một động vật linh trưởng có hệ tiêu hóa giống như của con người thỏa mãn sự đòi hỏi về các axít amin cần thiết từ những nguồn thực vật có sẵn,out on the savanna it is hard for a primate with a digestive system like that of humans to satisfy its amino-acid requirements from available plant resources
1164,remote_dataset/fleurs_vi_en/train/vi/vi_01164.wav,remote_dataset/fleurs_vi_en/train/en/en_01164.wav,17.76,11.64,trận chung kết của giải sẽ diễn tra tại công viên ellis của johannesburg tuần tới giữa springboks và úc,the final match of the series will take place at ellis park in johannesburg next week when the springboks play australia
1165,remote_dataset/fleurs_vi_en/train/vi/vi_01165.wav,remote_dataset/fleurs_vi_en/train/en/en_01165.wav,13.14,13.14,các sử gia đã lên án chính sách trước đây của fbi khi tập trung nguồn lực vào những vụ án dễ giải quyết đặc biệt là các vụ trộm cắp xe hơi nhằm tăng tỷ lệ phá án thành công cho cục,historians have criticized past fbi policies for focusing resources on cases which are easy to solve especially stolen car cases with the intent of boosting the agency's success rate
1166,remote_dataset/fleurs_vi_en/train/vi/vi_01166.wav,remote_dataset/fleurs_vi_en/train/en/en_01166.wav,12.24,12.66,tại các vùng nội địa của bắc ấn độ và pakistan sữa chua thường được sử dụng trong các món cà ri còn ở miền nam ấn độ và một số vùng duyên hải khác của tiểu lục địa nước cốt dừa lại được sử dụng phổ biến,in inland regions of northern india and pakistan yogurt is commonly used in curries in southern india and some other coastal regions of the subcontinent coconut milk is commonly used
1167,remote_dataset/fleurs_vi_en/train/vi/vi_01167.wav,remote_dataset/fleurs_vi_en/train/en/en_01167.wav,7.02,7.02,tổ tiên của họ người vượn australopithecus không có dáng đi thẳng,their predecessors the australopithecus did not walk upright as habitually
1168,remote_dataset/fleurs_vi_en/train/vi/vi_01168.wav,remote_dataset/fleurs_vi_en/train/en/en_01168.wav,12.12,7.98,không một đứa trẻ nào đáng phải lớn lên trong một môi trường không được nuôi dưỡng chăm sóc và giáo dục mà hiện chúng đang trải qua,no child should ever have to grow up in an environment that is not nurturing caring and educational but they do
1169,remote_dataset/fleurs_vi_en/train/vi/vi_01169.wav,remote_dataset/fleurs_vi_en/train/en/en_01169.wav,12.00,11.22,sông amazon là con sông lớn nhất và có chiều dài đứng hàng thứ hai trên quả đất nó mang lượng nước nhiều gấp 8 lần lượng nước của con sông lớn thứ hai,the amazon river is the second longest and the biggest river on earth it carries more than 8 times as much water as the second biggest river
1170,remote_dataset/fleurs_vi_en/train/vi/vi_01170.wav,remote_dataset/fleurs_vi_en/train/en/en_01170.wav,7.92,12.12,chúng tôi nhận thấy hệ thống chăm sóc nuôi dưỡng là một nơi an toàn dành cho những đối tượng trẻ em này,we perceive the foster care system to be a safety zone for these children
1171,remote_dataset/fleurs_vi_en/train/vi/vi_01171.wav,remote_dataset/fleurs_vi_en/train/en/en_01171.wav,11.40,9.42,nguyên tắc một phần ba thường bị giễu cợt và lạm dụng là một hướng dẫn đơn giản tạo nên sự năng động trong khi vẫn được dùng như cách đo lường trật tự của bức ảnh,the much-abused and often-ridiculed rule of thirds is a simple guideline creating dynamism while keeping a measure of order in an image
1172,remote_dataset/fleurs_vi_en/train/vi/vi_01172.wav,remote_dataset/fleurs_vi_en/train/en/en_01172.wav,21.96,19.02,những đứa trẻ như vậy được gọi là hoang dại hoặc hoang dã. một số trẻ em hoang dã đã bị người ta giam giữ thường là cha mẹ của chúng; trong một số trường hợp việc bỏ rơi đứa trẻ này là do cha mẹ từ chối đứa trẻ bị suy giảm trí tuệ hoặc thể chất nghiêm trọng,such children are called feral or wild. some feral children have been confined by people usually their own parents; in some cases this child abandonment was due to the parents' rejection of a child's severe intellectual or physical impairment
1173,remote_dataset/fleurs_vi_en/train/vi/vi_01173.wav,remote_dataset/fleurs_vi_en/train/en/en_01173.wav,8.94,8.88,những người đi tới nước ngoài để phẫu thuật chuyển giới phải đảm bảo mang theo những giấy tờ cần thiết cho chuyến khứ hồi của họ,voyagers planning sex reassignment surgery abroad must ensure they're carrying valid documents for the return trip
1174,remote_dataset/fleurs_vi_en/train/vi/vi_01174.wav,remote_dataset/fleurs_vi_en/train/en/en_01174.wav,9.24,6.24,các nhà thương thuyết cố gắng xoay chuyển tình thế nhưng các tù nhân đưa ra những yêu cầu không rõ ràng,negotiators tried to rectify the situation but the prisoners' demands are not clear
1175,remote_dataset/fleurs_vi_en/train/vi/vi_01175.wav,remote_dataset/fleurs_vi_en/train/en/en_01175.wav,13.98,12.24,đội tuyển bóng đá ý cùng với đội tuyển bóng đá đức là đội thành công thứ hai trên thế giới là nhà vô địch fifa world cup năm 2006,italy's national football along with german national football team is the second most successful team in the world and were the fifa world cup champions in 2006
1176,remote_dataset/fleurs_vi_en/train/vi/vi_01176.wav,remote_dataset/fleurs_vi_en/train/en/en_01176.wav,10.14,9.78,văn hóa nhóm quy tụ những cá nhân có tư tưởng giống nhau cảm thấy bị ruồng bỏ bởi những chuẩn mực xã hội và giúp họ có được cảm giác tương đồng,subcultures bring together like-minded individuals who feel neglected by societal standards and allow them to develop a sense of identity
1177,remote_dataset/fleurs_vi_en/train/vi/vi_01177.wav,remote_dataset/fleurs_vi_en/train/en/en_01177.wav,10.26,9.12,ngày nay timbuktu là một thị trấn nghèo khó mặc dù danh tiếng của nó thu hút khách du lịch tìm tới và có một sân bay,today timbuktu is an impoverished town although its reputation makes it a tourist attraction and it has an airport
1178,remote_dataset/fleurs_vi_en/train/vi/vi_01178.wav,remote_dataset/fleurs_vi_en/train/en/en_01178.wav,11.82,7.38,tất cả các loài động vật nguyên thủy xuất hiện trên hòn đảo này đã đến đây bằng cách bơi bay hoặc trôi theo dòng nước,all animals that originally arrived in the islands came here either by swimming flying or floating
1179,remote_dataset/fleurs_vi_en/train/vi/vi_01179.wav,remote_dataset/fleurs_vi_en/train/en/en_01179.wav,18.84,24.30,năm 1895 sau khi bị đánh bại trong chiến tranh trung-nhật lần thứ nhất 1894-1895 chính quyền nhà thanh ký hiệp ước shimonoseki theo đó nhượng lại chủ quyền đài loan cho nhật bản và nhật bản đã cai trị đài loan cho đến năm 1945,in 1895 after defeat in the first sino-japanese war 1894-1895 the qing government signs the treaty of shimonoseki by which it cedes sovereignty over taiwan to japan which rules the island until 1945
1180,remote_dataset/fleurs_vi_en/train/vi/vi_01180.wav,remote_dataset/fleurs_vi_en/train/en/en_01180.wav,12.30,13.80,tốc độ của 802.11n nhanh hơn đáng kể so với thế hệ trước đó với tốc độ lý thuyết tối đa là 600mbit/giây,the speeds of 802.11n are substantially faster than that of its predecessors with a maximum theoretical throughput of 600mbit/s
1182,remote_dataset/fleurs_vi_en/train/vi/vi_01182.wav,remote_dataset/fleurs_vi_en/train/en/en_01182.wav,20.82,11.46,sau khi có kết quả bầu cử gingrich đã ca ngợi santorum nhưng lại có những lời lẽ cứng rắn dành cho romney người đã cho phát sóng những quảng cáo công kích nhằm vào gingrich,after the results came in gingrich lauded santorum but had tough words for romney on whose behalf negative campaign advertisements were aired in iowa against gingrich
1183,remote_dataset/fleurs_vi_en/train/vi/vi_01183.wav,remote_dataset/fleurs_vi_en/train/en/en_01183.wav,11.22,9.12,hầu như mọi máy tính chúng ta đang sử dụng ngày này đều dựa trên việc biến đổi thông tin được mã hóa ở dạng số nhị phân,virtually all computers in use today are based on the manipulation of information which is coded in the form of binary numbers
1184,remote_dataset/fleurs_vi_en/train/vi/vi_01184.wav,remote_dataset/fleurs_vi_en/train/en/en_01184.wav,8.22,8.04,hai nội dung lý thuyết phổ biến là thuyết tháp nhu cầu maslow và thuyết hai nhân tố của hertzberg,two popular content theories are maslow's hierarchy of needs theory and hertzberg's two factor theory
1185,remote_dataset/fleurs_vi_en/train/vi/vi_01185.wav,remote_dataset/fleurs_vi_en/train/en/en_01185.wav,7.80,5.58,bạn cũng có thể có các hợp kim có chứa một lượng nhỏ các nguyên tố phi kim loại như carbon,you can also have alloys that include small amounts of non-metallic elements like carbon
1186,remote_dataset/fleurs_vi_en/train/vi/vi_01186.wav,remote_dataset/fleurs_vi_en/train/en/en_01186.wav,6.30,5.46,tiếng ba-tư có hệ thống ngữ pháp tương đối dễ và chủ yếu là thông thường,persian has a relatively easy and mostly regular grammar
1187,remote_dataset/fleurs_vi_en/train/vi/vi_01187.wav,remote_dataset/fleurs_vi_en/train/en/en_01187.wav,10.86,6.36,hershey và chase dùng các thực khuẩn thể hay virus để cấy dna của chính chúng vào vi khuẩn,hershey and chase used phages or viruses to implant their own dna into a bacterium
1188,remote_dataset/fleurs_vi_en/train/vi/vi_01188.wav,remote_dataset/fleurs_vi_en/train/en/en_01188.wav,4.20,5.40,đỉnh tháp là thánh địa đặc biệt dành cho vị thần,the top of the tower was special sanctuary for the god
1189,remote_dataset/fleurs_vi_en/train/vi/vi_01189.wav,remote_dataset/fleurs_vi_en/train/en/en_01189.wav,11.46,10.60,sông chính amazon chính dài 6.387 km 3980 dặm. nó lấy nước từ hàng ngàn các con sông nhỏ hơn,"the main amazon river is 6,387 km 3,980 miles. it collects water from thousands of smaller rivers"
1190,remote_dataset/fleurs_vi_en/train/vi/vi_01190.wav,remote_dataset/fleurs_vi_en/train/en/en_01190.wav,8.94,7.62,một vài cư dân tại bishkek đổ lỗi cho nhóm người biểu tình từ phía nam về tình trạng vô pháp luật,several bishkek residents blamed protesters from the south for the lawlessness
1191,remote_dataset/fleurs_vi_en/train/vi/vi_01191.wav,remote_dataset/fleurs_vi_en/train/en/en_01191.wav,14.82,12.36,mặc dù đường xe ngựa chỉ gồm các tấm gỗ song song nhưng chúng cho phép ngựa kéo với tốc độ nhanh hơn và tải lượng hàng lớn hơn so với đi trên những con đường gồ ghề hàng ngày,although wagonways merely consisted of parallel planks of wood they allowed horses pulling them to achieve greater speeds and pull larger loads than on the slightly more rough roads of the day
1192,remote_dataset/fleurs_vi_en/train/vi/vi_01192.wav,remote_dataset/fleurs_vi_en/train/en/en_01192.wav,12.66,23.76,tuy nhiên chi phí không hề rẻ như là một quy luật chung có thể bạn sẽ phải trả gấp bốn lần giá vé hạng phổ thông cho vé hạng thương gia và gấp mười một lần cho vé hạng nhất,however this does not come cheap as rough rules of thumb you can expect to pay up to four times the normal economy fare for business and eleven times for first class
1193,remote_dataset/fleurs_vi_en/train/vi/vi_01193.wav,remote_dataset/fleurs_vi_en/train/en/en_01193.wav,7.26,8.94,điều này cũng đúng với quân đội vì thứ hạng quân đội được dựa trên phẩm chất thay vì cấp bậc,same goes for the military because instead of army rankings being based on class they were now based on cailaber
1194,remote_dataset/fleurs_vi_en/train/vi/vi_01194.wav,remote_dataset/fleurs_vi_en/train/en/en_01194.wav,10.02,7.92,schneider làm chứng qua kết nối video từ căn cứ usaf ở quê nhà,schneider testified via videolink from a usaf base in his homeland
1195,remote_dataset/fleurs_vi_en/train/vi/vi_01195.wav,remote_dataset/fleurs_vi_en/train/en/en_01195.wav,8.16,8.34,vì montevideo nằm ở phía nam xích đạo nên mùa hè ở nơi này là mùa đông ở bắc bán cầu và ngược lại,since montevideo is south of the equator it is summer there when it's winter in the northern hemisphere and vice versa
1196,remote_dataset/fleurs_vi_en/train/vi/vi_01196.wav,remote_dataset/fleurs_vi_en/train/en/en_01196.wav,11.16,12.42,guaraní là tộc thổ dân lớn nhất sinh sống trong vùng nay là miền đông paraguay với đời sống săn bắn bán du mục và nông nghiệp tự cung tự tiêu,the guaraní were the most significant indigenous group inhabiting what is now eastern paraguay living as semi-nomadic hunters who also practised subsistence agriculture
1197,remote_dataset/fleurs_vi_en/train/vi/vi_01197.wav,remote_dataset/fleurs_vi_en/train/en/en_01197.wav,6.72,11.22,goma là thành phố du lịch của nước cộng hòa dân chủ công-gô nằm ở cực đông gần rwanda,goma is a tourist city of the democratic republic of congo in the extreme east near rwanda
1198,remote_dataset/fleurs_vi_en/train/vi/vi_01198.wav,remote_dataset/fleurs_vi_en/train/en/en_01198.wav,10.44,11.34,michael schumacher về đích không lâu sau alonso do nhíp xe của anh bị hư hại vì vô số lần va chạm trong cuộc đua,michael schumacher ended his race not long after alonso because of the suspension damage in the numerous battles during the race
1199,remote_dataset/fleurs_vi_en/train/vi/vi_01199.wav,remote_dataset/fleurs_vi_en/train/en/en_01199.wav,9.84,6.54,các thành viên trong nhóm ảo thường đảm nhận chức năng như là điểm liên hệ nhóm thành viên thực gần gũi với họ,virtual team members often function as the point of contact for their immediate physical group
1200,remote_dataset/fleurs_vi_en/train/vi/vi_01200.wav,remote_dataset/fleurs_vi_en/train/en/en_01200.wav,19.44,16.26,năm 1624 công ty đông ấn của hà lan lập căn cứ tại miền tây nam đài loan bắt đầu làm thay đổi tập quán canh tác ngũ cốc của người dân địa phương và thuê công nhân người hoa làm việc trên các ruộng lúa và đồn điền mía đường của họ,"in 1624,dutch east india company establishes a base in southwestern taiwan initiating a transformation in aboriginal grain production practices and employing chinese laborers to work on its rice and sugar plantations"
1201,remote_dataset/fleurs_vi_en/train/vi/vi_01201.wav,remote_dataset/fleurs_vi_en/train/en/en_01201.wav,17.16,8.94,những nghi phạm bị truy tố là baba kanjar bhutha kanjar rampro kanjar gaza kanjar và vishnu kanjar,the accused are named as baba kanjar bhutha kanjar rampro kanjar gaza kanjar and vishnu kanjar
1202,remote_dataset/fleurs_vi_en/train/vi/vi_01202.wav,remote_dataset/fleurs_vi_en/train/en/en_01202.wav,6.72,5.88,phụ nữ thường có mối quan hệ gần gũi với nhau trong một gia đình đông các chị em gái và con gái,the females are usually closely related to each other being a large family of sisters and daughters
1203,remote_dataset/fleurs_vi_en/train/vi/vi_01203.wav,remote_dataset/fleurs_vi_en/train/en/en_01203.wav,7.56,11.10,kể từ khi con người đặt chân đến galapagos rất nhiều động vật có vú đã được mang tới như dê ngựa bò chuột mèo và chó,since the arrival of man to the galapagos many mammals have been introduced including goats horses cows rats cats and dogs
1204,remote_dataset/fleurs_vi_en/train/vi/vi_01204.wav,remote_dataset/fleurs_vi_en/train/en/en_01204.wav,7.08,6.96,người babylon xây cho mỗi vị thần một đền thờ chính và coi nơi đó là nhà của vị thần ấy,the babylonians built each of their gods a primary temple that was considered the home of the god
1205,remote_dataset/fleurs_vi_en/train/vi/vi_01205.wav,remote_dataset/fleurs_vi_en/train/en/en_01205.wav,12.54,12.66,chương trình bắt đầu vào lúc 8:30 giờ tối theo giờ địa phương 15:00 utc,the program started at 8:30 p.m. local time 15.00 utc
1206,remote_dataset/fleurs_vi_en/train/vi/vi_01206.wav,remote_dataset/fleurs_vi_en/train/en/en_01206.wav,12.48,11.82,theo vụ kiện cáo rác thải từ trại của liên hợp quốc không được xử lý phù hợp khiến vi khuẩn chảy vào nhánh sông artibonite một trong những con sông lớn nhất haiti,according to the lawsuit waste from the un camp was not properly sanitized causing bacteria to enter the tributary of the artibonite river one of haiti's largest
1207,remote_dataset/fleurs_vi_en/train/vi/vi_01207.wav,remote_dataset/fleurs_vi_en/train/en/en_01207.wav,13.80,9.60,giáo án có thể ở dạng thực hoặc ảo nói cách khác giáo viên chính là một dạng của giáo án nhưng như là một trợ lí ảo nhỏ bé trong microsoft office,scaffolds can be both virtual and real in other words a teacher is a form of scaffold but so is the little paperclip man in microsoft office
1208,remote_dataset/fleurs_vi_en/train/vi/vi_01208.wav,remote_dataset/fleurs_vi_en/train/en/en_01208.wav,5.34,6.54,nhiều con tin đã được giải cứu và đến nay ít nhất sáu người đã được xác nhận tử vong,several hostages have been rescued and least six have been confirmed dead so far
1210,remote_dataset/fleurs_vi_en/train/vi/vi_01210.wav,remote_dataset/fleurs_vi_en/train/en/en_01210.wav,12.30,7.18,trung tâm bão quốc gia nhc cho biết tại thời điểm này cơn bão jerry không cho thấy khả năng đe dọa tới đất liền,the national hurricane center nhc says that at this point jerry poses no threat to land
1211,remote_dataset/fleurs_vi_en/train/vi/vi_01211.wav,remote_dataset/fleurs_vi_en/train/en/en_01211.wav,8.34,7.56,sự sẵn lòng của các chính phủ nước ngoài vinh danh những tài liệu này là rất khác nhau,willingness of foreign governments to honour these documents is just as widely variable
1212,remote_dataset/fleurs_vi_en/train/vi/vi_01212.wav,remote_dataset/fleurs_vi_en/train/en/en_01212.wav,11.82,10.08,anh thả thủy lôi ở các vùng biển quốc tế để ngăn chặn bất kỳ con tàu nào tiến vào toàn bộ khu vực đại dương gây nguy hiểm cho cả các tàu trung lập,britain mined international waters to prevent any ships from entering entire sections of ocean causing danger to even neutral ships
1213,remote_dataset/fleurs_vi_en/train/vi/vi_01213.wav,remote_dataset/fleurs_vi_en/train/en/en_01213.wav,13.32,11.74,mặc dù theo truyền thống không phải tất cả người sámi đều tham gia chăn nuôi tuần lộc quy mô lớn mà sống bằng nghề đánh cá săn bắn cùng những hoạt động tương tự và nuôi tuần lộc chủ yếu để lấy sức kéo,even traditionally though not all sámi have been involved in big scale reindeer husbandry but lived from fishing hunting and similar having reindeer mostly as draft animals
1214,remote_dataset/fleurs_vi_en/train/vi/vi_01214.wav,remote_dataset/fleurs_vi_en/train/en/en_01214.wav,7.20,6.54,tuy nhiên người ta không nghĩ rằng chúng đã gây nên bất cứ tổn hại nào cho phi thuyền,however they are not thought to have caused any damage to the shuttle
1215,remote_dataset/fleurs_vi_en/train/vi/vi_01215.wav,remote_dataset/fleurs_vi_en/train/en/en_01215.wav,25.38,33.30,tiến sĩ ehud ur giáo sư y khoa của trường đại học dalhousie ở halifax nova scotia và là chủ tịch ban lâm sàng và khoa học của hiệp hội bệnh tiểu đường canada cảnh báo rằng nghiên cứu này chỉ mới là sự khởi đầu,dr ehud ur professor of medicine at dalhousie university in halifax nova scotia and chair of the clinical and scientific division of the canadian diabetes association cautioned that the research is still in its early days
1217,remote_dataset/fleurs_vi_en/train/vi/vi_01217.wav,remote_dataset/fleurs_vi_en/train/en/en_01217.wav,11.10,11.94,các ứng viên có thể gửi người đại diện để chứng kiến toàn bộ quá trình vào buổi tối các phiếu bầu sẽ được kiểm đếm bởi tình nguyện viên dưới sự giám sát chặt chẽ theo quy trình đặc biệt,candidates can send representatives to witness every part of the process in the evening votes are counted by volunteers under heavy supervision following specific procedures
1218,remote_dataset/fleurs_vi_en/train/vi/vi_01218.wav,remote_dataset/fleurs_vi_en/train/en/en_01218.wav,9.72,7.74,hệ thống chăm sóc nuôi dưỡng của chúng ta cần phải cung cấp mái nhà an toàn người chăm sóc tận tình môi trường giáo dục ổn định và chăm sóc y tế đáng tin cậy,our foster care system is supposed to provide safe homes loving caregivers stable education and reliable health care
1219,remote_dataset/fleurs_vi_en/train/vi/vi_01219.wav,remote_dataset/fleurs_vi_en/train/en/en_01219.wav,9.48,9.96,một so sánh về dân số có thể khiến nhiều người ngạc nhiên người mỹ gốc phi sống tại mỹ còn nhiều hơn công dân canada,for a comparison of population that surprises many there are more african americans living in the us than there are canadian citizens
1220,remote_dataset/fleurs_vi_en/train/vi/vi_01220.wav,remote_dataset/fleurs_vi_en/train/en/en_01220.wav,13.44,10.32,vào năm 1956 slania chuyển đến thụy điển nơi mà sau đó ba năm anh bắt đầu làm việc cho bưu điện thụy điển và trở thành thợ khắc chính tại đó,in 1956 słania moved to sweden where three years later he began work for the swedish post office and became their chief engraver
1221,remote_dataset/fleurs_vi_en/train/vi/vi_01221.wav,remote_dataset/fleurs_vi_en/train/en/en_01221.wav,12.90,11.52,paralympics sẽ diễn ra từ ngày 24 tháng tám đến ngày 5 tháng chín năm 2021 một số sự kiện sẽ được tổ chức ở những địa điểm khác trên khắp nước nhật,the paralympics will take place from 24 august to 5 september 2021 some events will be held in other locations throughout japan
1222,remote_dataset/fleurs_vi_en/train/vi/vi_01222.wav,remote_dataset/fleurs_vi_en/train/en/en_01222.wav,6.72,7.86,moldova là một nước cộng hòa đa chủng tộc đã phải gánh chịu sự xung đột chủng tộc,moldova is a multi-ethnic republic that has suffered from ethnic conflict
1223,remote_dataset/fleurs_vi_en/train/vi/vi_01223.wav,remote_dataset/fleurs_vi_en/train/en/en_01223.wav,8.70,9.60,ông khuyến khích các nước đang phát triển nên tránh đi theo vết xe đổ là gây ô nhiễm trước rồi mới làm sạch sau,hu encouraged developing countries to avoid the old path of polluting first and cleaning up later
1224,remote_dataset/fleurs_vi_en/train/vi/vi_01224.wav,remote_dataset/fleurs_vi_en/train/en/en_01224.wav,9.84,7.54,nói chung sẽ là vô ích khi săn giảm giá cho vé hạng thương gia hoặc hạng nhất trên những chuyến bay thẳng từ a đến b,generally speaking there is no point in even looking for discounts for business or first-class seats on direct flights from a to b
1225,remote_dataset/fleurs_vi_en/train/vi/vi_01225.wav,remote_dataset/fleurs_vi_en/train/en/en_01225.wav,6.48,21.18,đeo nhẫn cũng sẽ có tác dụng chỉ những loại trông không quá đắt tiền,it is helpful to also wear a ring just not one that looks too expensive
1226,remote_dataset/fleurs_vi_en/train/vi/vi_01226.wav,remote_dataset/fleurs_vi_en/train/en/en_01226.wav,9.00,5.00,cảnh sát madhya pradesh đã thu hồi được máy laptop và điện thoại di động bị đánh cắp,the madhya pradesh police recovered the stolen laptop and mobile phone
1227,remote_dataset/fleurs_vi_en/train/vi/vi_01227.wav,remote_dataset/fleurs_vi_en/train/en/en_01227.wav,7.68,6.72,ring cũng đã dàn xếp một vụ kiện với một công ty an ninh đối thủ là adt corporation,ring also settled a lawsuit with competing security company the adt corporation
1228,remote_dataset/fleurs_vi_en/train/vi/vi_01228.wav,remote_dataset/fleurs_vi_en/train/en/en_01228.wav,8.40,6.00,đây là trận đấu cuối mùa của đội all blacks đã giành được cúp từ hai tuần trước đó,it was the final match for the all blacks who had already won the trophy two weeks ago
1229,remote_dataset/fleurs_vi_en/train/vi/vi_01229.wav,remote_dataset/fleurs_vi_en/train/en/en_01229.wav,12.30,11.28,đồng đội của anh ấy fernando alonso dẫn đầu trong phần lớn cuộc đua nhưng đã phải bỏ cuộc ngay sau lần dừng xe kỹ thuật có thể là vì bánh trước bên phải bị quặt vào trong nghiêm trọng,his teammate fernando alonso was in the lead for most of the race but ended it right after his pit-stop probably because a badly tucked right front wheel
1230,remote_dataset/fleurs_vi_en/train/vi/vi_01230.wav,remote_dataset/fleurs_vi_en/train/en/en_01230.wav,8.34,10.98,bởi vì xe buýt liên quận thường hết chỗ khuyến khích hãy mua vé trước vài ngày,as the inter-district buses are often full it is advisable to purchase a ticket a few days in advance
1231,remote_dataset/fleurs_vi_en/train/vi/vi_01231.wav,remote_dataset/fleurs_vi_en/train/en/en_01231.wav,12.18,11.88,chủng cúm gia cầm gây tử vong cho người h5n1 được xác nhận đã nhiễm vào một con vịt hoang đã chết được phát hiện vào thứ hai ở vùng đầm lầy gần lyon miền đông nước pháp,the strain of bird flu lethal to humans h5n1 has been confirmed to have infected a dead wild duck found on monday in marshland near lyon in the east of france
1232,remote_dataset/fleurs_vi_en/train/vi/vi_01232.wav,remote_dataset/fleurs_vi_en/train/en/en_01232.wav,17.64,14.58,"những đặc tính của loài hai chân được tìm thấy trong hóa thạch australopithecus từ 4,2-3,9 triệu năm trước mặc dù sahelanthropus có thể đã đi bằng hai chân từ bảy triệu năm về trước",bipedal specializations are found in australopithecus fossils from 4.2-3.9 million years ago although sahelanthropus may have walked on two legs as early as seven million years ago
1233,remote_dataset/fleurs_vi_en/train/vi/vi_01233.wav,remote_dataset/fleurs_vi_en/train/en/en_01233.wav,6.30,6.96,khái niệm này bắt nguồn từ trung quốc nơi hoa mận là loài hoa được ưa thích,the concept came from china where plum blossoms were the flower of choice
1234,remote_dataset/fleurs_vi_en/train/vi/vi_01234.wav,remote_dataset/fleurs_vi_en/train/en/en_01234.wav,6.24,7.56,liggins theo chân cha và bước vào nghề y,liggins followed in his father's footsteps and entered a career in medicine
1235,remote_dataset/fleurs_vi_en/train/vi/vi_01235.wav,remote_dataset/fleurs_vi_en/train/en/en_01235.wav,6.36,12.18,chúng tôi hiện có đàn chuột 4 tháng tuổi đã hết bị tiểu đường ông nói thêm,"""we now have 4-month-old mice that are non-diabetic that used to be diabetic, he added"
1236,remote_dataset/fleurs_vi_en/train/vi/vi_01236.wav,remote_dataset/fleurs_vi_en/train/en/en_01236.wav,11.22,10.74,một số tụ điểm có phục vụ thức uống có cồn tại chỗ tuy nhiên say xỉn làm giảm khả năng phán đoán và tất cả các con bạc sành sỏi đều hiểu tầm quan trọng của việc giữ cho đầu óc tỉnh táo,some venues offer alcoholic beverages on the house however drunkenness impairs judgement and all good gamblers know the importance of staying sober
1237,remote_dataset/fleurs_vi_en/train/vi/vi_01237.wav,remote_dataset/fleurs_vi_en/train/en/en_01237.wav,10.98,7.44,trong thỏa thuận cho-nhận con nuôi cha mẹ ruột chấm dứt các quyền của cha mẹ để một cặp vợ chồng khác có thể nuôi dạy con của họ,in an adoption the birth parents terminate their parental rights so that another couple may parent the child
1238,remote_dataset/fleurs_vi_en/train/vi/vi_01238.wav,remote_dataset/fleurs_vi_en/train/en/en_01238.wav,18.84,10.38,bãi biển tamaki drive nằm trên cảng waitemata vùng ngoại ô thượng lưu của vịnh mission và st heliers ở central auckland,tamaki drive beaches are on the waitemata harbour in the upmarket suburbs of mission bay and st heliers in central auckland
1239,remote_dataset/fleurs_vi_en/train/vi/vi_01239.wav,remote_dataset/fleurs_vi_en/train/en/en_01239.wav,10.62,6.54,bất cứ người nào dự định đến một quốc gia bị xem là vùng chiến sự đều cần trải qua huấn luyện chuyên nghiệp,anyone planning a visit to a country that could be considered a war zone should get professional training
1240,remote_dataset/fleurs_vi_en/train/vi/vi_01240.wav,remote_dataset/fleurs_vi_en/train/en/en_01240.wav,10.08,11.82,không có nhiều phản ứng đối với chiến thuật này vì vậy đức cũng mong đợi nhận được phản ứng tương tự đối với cuộc chiến tranh tàu ngầm không giới hạn của mình,since there was limited response to this tactic germany expected a similar response to its unrestricted submarine warfare
1241,remote_dataset/fleurs_vi_en/train/vi/vi_01241.wav,remote_dataset/fleurs_vi_en/train/en/en_01241.wav,13.56,15.54,từ đỉnh núi có thể nhìn thấy những phong cảnh đẹp ná thở dân leo núi từ khắp nơi trên thế giới đang liên tục lập những tuyến đường mới giữa vô vàn những vách núi tiềm năng,summits include breath-taking views from peaks climbers from all parts of the world are continually establishing new routes amongst its endless potential of walls
1242,remote_dataset/fleurs_vi_en/train/vi/vi_01242.wav,remote_dataset/fleurs_vi_en/train/en/en_01242.wav,10.80,9.66,những người đi săn trong chương trình thử nghiệm kiểm soát sâu bệnh bổ sung đã được các nhân viên kiểm lâm giám sát chặt chẽ do chương trình thử nghiệm ấy đã được giám sát và đánh giá hiệu quả,shooters in the supplementary pest control trial were to be closely supervised by rangers as the trial was monitored and its effectiveness evaluated
1243,remote_dataset/fleurs_vi_en/train/vi/vi_01243.wav,remote_dataset/fleurs_vi_en/train/en/en_01243.wav,9.36,6.96,mặc dù không có mối đe dọa sóng thần người dân đã bắt đầu hoảng sợ và bắt đầu rời nơi làm việc và nhà của họ,despite there being no tsunami threat residents started to panic and began to leave their businesses and homes
1244,remote_dataset/fleurs_vi_en/train/vi/vi_01244.wav,remote_dataset/fleurs_vi_en/train/en/en_01244.wav,6.18,6.06,tất cả cư dân của thành phố vatican đều theo công giáo la mã,all citizens of vatican city are roman catholic
1245,remote_dataset/fleurs_vi_en/train/vi/vi_01245.wav,remote_dataset/fleurs_vi_en/train/en/en_01245.wav,7.80,8.10,tầm nhìn cũng có thể bị hạn chế vì tuyết rơi hay tuyết thổi hoặc hơi nước ngưng tụ hoặc băng đóng trên cửa sổ xe,visibility may also be restricted by falling or blowing snow or by condensation or ice on vehicle windows
1246,remote_dataset/fleurs_vi_en/train/vi/vi_01246.wav,remote_dataset/fleurs_vi_en/train/en/en_01246.wav,7.50,8.46,vào cuối năm 2015 toginet thành lập trạm con mang tên astronet radio,in late 2015 toginet established astronet radio as a subsidiary station
1247,remote_dataset/fleurs_vi_en/train/vi/vi_01247.wav,remote_dataset/fleurs_vi_en/train/en/en_01247.wav,8.40,10.08,thí dụ như công dân mỹ ở trung đông có thể gặp phải những tình huống khác so với người châu âu hay người ả rập,as one example american citizens in the middle east might face different situations from europeans or arabs
1248,remote_dataset/fleurs_vi_en/train/vi/vi_01248.wav,remote_dataset/fleurs_vi_en/train/en/en_01248.wav,13.98,13.32,cách thức này cũng được cho là giúp việc đọc trở nên dễ dàng hơn mặc dù việc viết có phần phức tạp vì cần phải biết động từ hay tính từ đó có được sử dụng ở thể danh từ hóa hay không,it also arguably makes reading easier though writing is somewhat complicated by the need to find out whether a verb or adjective is used in a substantivized form
1249,remote_dataset/fleurs_vi_en/train/vi/vi_01249.wav,remote_dataset/fleurs_vi_en/train/en/en_01249.wav,10.74,8.40,nếu bạn đặt chuyến bay và chỗ ở cho năm 2020 trước khi có thông báo hoãn thì bạn có thể rơi vào một tình huống nan giải,if you booked your flights and accommodation for 2020 before the postponement was announced you may have a tricky situation
1251,remote_dataset/fleurs_vi_en/train/vi/vi_01251.wav,remote_dataset/fleurs_vi_en/train/en/en_01251.wav,12.12,9.00,mọi người đều có thể đạt được sự giác ngộ điều duy nhất cản trở chúng ta trên con đường này là sự căng thẳng và tiêu cực của chính chúng ta,everyone can achieve enlightenment the only thing standing in the way of this goal is our own tension and negativity
1252,remote_dataset/fleurs_vi_en/train/vi/vi_01252.wav,remote_dataset/fleurs_vi_en/train/en/en_01252.wav,9.36,9.24,cơ quan công tố phụ trách tổng thể về khởi tố đã cho các nhà báo biết rằng sẽ không có bình luận nào ít nhất là cho tới khi truy tố,crown office which is in overall charge of prosecutions has indicated to journalists that no further comment will be made at least until indictment
1253,remote_dataset/fleurs_vi_en/train/vi/vi_01253.wav,remote_dataset/fleurs_vi_en/train/en/en_01253.wav,14.40,9.30,họ đã thực hiện hai thí nghiệm để đánh dấu chuỗi dna bên trong thực khuẩn thể bằng một hợp chất phốt-pho phóng xạ hoặc protein của thể thực khuẩn bằng lưu huỳnh phóng xạ,they did two experiments marking either the dna in the phage with a radioactive phosphorus or the protein of the phage with radioactive sulfur
1254,remote_dataset/fleurs_vi_en/train/vi/vi_01254.wav,remote_dataset/fleurs_vi_en/train/en/en_01254.wav,10.80,10.02,điều này đặc biệt phổ biến với những người nghỉ học cho phép họ có một năm trải nghiệm bên ngoài trước khi học đại học mà không ảnh hưởng việc học của họ,this is especially popular with school leavers allowing them to take a year out before university without compromising their education
1255,remote_dataset/fleurs_vi_en/train/vi/vi_01255.wav,remote_dataset/fleurs_vi_en/train/en/en_01255.wav,12.18,11.78,"dự kiến hầu hết các vé sự kiện sẽ có giá từ ¥2.500 và ¥130.000 với những chiếc vé thông thường sẽ có giá khoảng ¥7,000","it's expected that most event tickets will cost between ¥2,500 and ¥130,000 with typical tickets costing around ¥7,000"
1256,remote_dataset/fleurs_vi_en/train/vi/vi_01256.wav,remote_dataset/fleurs_vi_en/train/en/en_01256.wav,8.40,15.90,xin lưu ý rằng về cơ bản bạn đang thăm một nghĩa trang tập thể và cũng là nơi có ý nghĩa quan trọng với một bộ phận lớn người dân trên thế giới,please remember that you are essentially visiting a mass grave site as well as a site that has an almost incalculable meaning to a significant portion of the world's population
1257,remote_dataset/fleurs_vi_en/train/vi/vi_01257.wav,remote_dataset/fleurs_vi_en/train/en/en_01257.wav,8.10,10.74,trong vòng một năm thì một người nhiễm bệnh có thể truyền cho 10 đến 15 người tiếp xúc gần,in one year's time an infected person may infect 10 to 15 close contacts
1258,remote_dataset/fleurs_vi_en/train/vi/vi_01258.wav,remote_dataset/fleurs_vi_en/train/en/en_01258.wav,16.74,10.32,tháng trước ủy ban tổng thống đã kiến nghị hội đồng bầu cử lâm thời cep trước đó từ chức. kiến nghị này là một phần trong gói biện pháp nhằm chuyển sang kỳ bầu cử mới cho đất nước,last month a presidential commission recommended the prior cep's resignation as part of a package of measures to move the country towards new elections
1259,remote_dataset/fleurs_vi_en/train/vi/vi_01259.wav,remote_dataset/fleurs_vi_en/train/en/en_01259.wav,15.78,8.88,bánh xe đã làm thay đổi thế giới một cách đáng kinh ngạc điều vĩ đại nhất mà bánh xe đã mang lại cho cuộc sống là giúp chúng ta đi lại cũng như vận chuyển dễ dàng và nhanh chóng hơn nhiều,the wheel has changed the world in incredible ways the biggest thing that the wheel has done for us is given us much easier and faster transportation
1260,remote_dataset/fleurs_vi_en/train/vi/vi_01260.wav,remote_dataset/fleurs_vi_en/train/en/en_01260.wav,8.76,9.60,những ký tự chính cần phải cẩn thận là chữ c và chữ g vì cách phát âm của chúng thay đổi tùy theo nguyên âm kế tiếp,the main letters to watch out for are c and g since their pronunciation varies based on the following vowel
1262,remote_dataset/fleurs_vi_en/train/vi/vi_01262.wav,remote_dataset/fleurs_vi_en/train/en/en_01262.wav,10.32,10.26,ở thành phố harappa và mohenjo-daro hầu như nhà nào cũng có cầu tiêu xối nước nối vào một hệ thống cống rãnh phức tạp,the cities of harappa and mohenjo-daro had a flush toilet in almost every house attached to a sophisticated sewage system
1263,remote_dataset/fleurs_vi_en/train/vi/vi_01263.wav,remote_dataset/fleurs_vi_en/train/en/en_01263.wav,12.84,13.80,nhà nước thành phố là tiền thân của các quốc gia văn hóa của nền văn minh ẩn chứa việc truyền thụ kiến thức qua nhiều thế hệ một dấu ấn văn hóa còn sót lại và phổ biến tốt,city-states are the precursors of nations a civilizational culture implies the passing on of knowledge across several generations a lingering cultural footprint and fair dissemination
1264,remote_dataset/fleurs_vi_en/train/vi/vi_01264.wav,remote_dataset/fleurs_vi_en/train/en/en_01264.wav,16.20,12.06,tommy dreamer nói luna là nữ hoàng cực đoan đầu tiên người quản lý đầu tiên của tôi luna đã ra đi vào cái đêm có hai mặt trăng độc đáo như chính cô ấy một phụ nữ mạnh mẽ,tommy dreamer said luna was the first queen of extreme my first manager luna passed away on the night of two moons pretty unique just like her strong woman
1265,remote_dataset/fleurs_vi_en/train/vi/vi_01265.wav,remote_dataset/fleurs_vi_en/train/en/en_01265.wav,8.76,7.68,ở các quốc gia phát triển bạn hiếm khi nghe mức độ phàn nàn tương tự về chất lượng nước hoặc sập cầu,in developed countries you seldom hear similar levels of complaints about water quality or bridges falling down
1266,remote_dataset/fleurs_vi_en/train/vi/vi_01266.wav,remote_dataset/fleurs_vi_en/train/en/en_01266.wav,11.52,11.52,mặc dù nhiều con vật trong công viên đã quen với việc nhìn thấy con người nhưng thú hoang vẫn là động vật hoang dã và không nên cho chúng ăn hoặc chọc ghẹo chúng,though many of the animals in the park are used to seeing humans the wildlife is nonetheless wild and should not be fed or disturbed
1267,remote_dataset/fleurs_vi_en/train/vi/vi_01267.wav,remote_dataset/fleurs_vi_en/train/en/en_01267.wav,6.60,5.22,từ tận đáy lòng mình tôi đã rất xúc động mỗi khi chúng tôi diễn tập về điều này,i was moved every time we did a rehearsal on this from the bottom of my heart
1268,remote_dataset/fleurs_vi_en/train/vi/vi_01268.wav,remote_dataset/fleurs_vi_en/train/en/en_01268.wav,12.48,10.74,các hãng hàng không biết rõ rằng có một nhóm hành khách nòng cốt nhất định sẵn sàng chi nhiều tiền nhất cho đặc quyền đến nơi nào đó nhanh và thoải mái và họ tính phí theo đó,airlines know well that there is a certain core group of flyers who are willing to pay top dollar for the privilege of getting somewhere fast and in comfort and charge accordingly
1269,remote_dataset/fleurs_vi_en/train/vi/vi_01269.wav,remote_dataset/fleurs_vi_en/train/en/en_01269.wav,13.08,15.30,điều kỳ lạ tự nhiên là dịch vụ điện thoại di động mạnh hơn nhiều tại đây so với dọc theo nhiều vùng khác kéo dài của tuyến đường này ví dụ pennsylvania wilds,curiously though mobile phone service is much stronger here than along many other stretches of the route e.g. the pennsylvania wilds
1270,remote_dataset/fleurs_vi_en/train/vi/vi_01270.wav,remote_dataset/fleurs_vi_en/train/en/en_01270.wav,15.18,11.64,cũng có nhà vệ sinh ở ai cập ba tư và trung quốc cổ đại trong nền văn minh la mã nhà vệ sinh đôi khi là một phần của nhà tắm công cộng nơi nam giới và nữ giới cùng sử dụng,there were also toilets in ancient egypt persia and china in roman civilization toilets were sometimes part of public bath houses where men and women were together in mixed company
1271,remote_dataset/fleurs_vi_en/train/vi/vi_01271.wav,remote_dataset/fleurs_vi_en/train/en/en_01271.wav,14.94,13.44,du lịch sinh thái thu hút những du khách có sở thích thăm thú các khu vực tự nhiên để có thể hoà mình vào cảnh vật thiên viên cùng loài cây cối và các loài động vật hoang dã,nature-based tourism attracts people interested in visiting natural areas for the purpose of enjoying the scenery including plant and animal wildlife
1272,remote_dataset/fleurs_vi_en/train/vi/vi_01272.wav,remote_dataset/fleurs_vi_en/train/en/en_01272.wav,6.96,7.38,một thí dụ là việc tham quan chụp hình và tìm hiểu về loài đười ươi ở borneo,an example is visiting photographing and learning about organgatuangs in borneo
1273,remote_dataset/fleurs_vi_en/train/vi/vi_01273.wav,remote_dataset/fleurs_vi_en/train/en/en_01273.wav,9.42,13.20,xinhua đưa tin các điều tra viên của chính phủ đã thu hồi hai hộp đen' của chiếc máy bay vào hôm thứ tư,xinhua reported that government investigators recovered two black box' flight recorders on wednesday
1274,remote_dataset/fleurs_vi_en/train/vi/vi_01274.wav,remote_dataset/fleurs_vi_en/train/en/en_01274.wav,11.28,23.04,lúc đầu có vẻ kém xa so với những người chị em ở phía nam tuy nhiên nam phi đã tiến bộ nhanh chóng đồng thời với giải đấu diễn ra,looking decidedly rusty in the game against their southern sisters south africa however steadily improved as the tournament progressed
1275,remote_dataset/fleurs_vi_en/train/vi/vi_01275.wav,remote_dataset/fleurs_vi_en/train/en/en_01275.wav,14.58,12.18,ngược lại thức ăn động vật kiến mối trứng không chỉ dễ tiêu hóa mà còn cung cấp lượng protein dồi dào có chứa tất cả các axit amin thiết yếu,in contrast animal foods ants termites eggs not only are easily digestible but they provide high-quantity proteins that contain all the essential amino acids
1276,remote_dataset/fleurs_vi_en/train/vi/vi_01276.wav,remote_dataset/fleurs_vi_en/train/en/en_01276.wav,16.32,12.30,một bác sĩ làm việc tại bệnh viện nhi pittsburgh pennsylvania sẽ bị buộc tội giết người nghiêm trọng sau khi mẹ cô ta được tìm thấy đã chết trong cốp xe hơi của cô ta vào ngày thứ tư cơ quan thẩm quyền ở ohio cho biết,a doctor who worked at children's hospital of pittsburgh pennsylvania will be charged with aggravated murder after her mother was found dead in the trunk of her car wednesday authorities in ohio say
1277,remote_dataset/fleurs_vi_en/train/vi/vi_01277.wav,remote_dataset/fleurs_vi_en/train/en/en_01277.wav,12.24,10.44,nếu bạn muốn một thứ gì đó nho nhỏ từ bánh ngọt hãy thử mấy món mà dân địa phương gọi là berliner pfannkuchen hoặc krapfen,if you want some small though rich pastries try what depending on region are called berliner pfannkuchen or krapfen
1278,remote_dataset/fleurs_vi_en/train/vi/vi_01278.wav,remote_dataset/fleurs_vi_en/train/en/en_01278.wav,5.88,6.72,để hiểu về tổ chức hiệp sĩ dòng đền phải hiểu được bối cảnh thúc đẩy sự ra đời của nó,to understand the templars one must understand the context that prompted the creation of the order
1279,remote_dataset/fleurs_vi_en/train/vi/vi_01279.wav,remote_dataset/fleurs_vi_en/train/en/en_01279.wav,10.56,8.10,một tuần sau cuộc bỏ phiếu giữa nhiệm kỳ thất bại bush đã nói với một khán giả về sự mở rộng giao thương ở châu á,after a week of losses in the midterm election bush told an audience about the expansion of trade in asia
1280,remote_dataset/fleurs_vi_en/train/vi/vi_01280.wav,remote_dataset/fleurs_vi_en/train/en/en_01280.wav,9.96,12.18,kế hoạch phân phối vắc-xin trong năm nay đến những khu vực từng bị ảnh hưởng nặng nề nhất trước đây đã bị hoãn lại vì thiếu kinh phí và không được ưu tiên so với những bệnh khác,plans for vaccines to be delivered to the historically most affected areas this year were delayed due to lack of funds and low prioritisation relative to other diseases
1281,remote_dataset/fleurs_vi_en/train/vi/vi_01281.wav,remote_dataset/fleurs_vi_en/train/en/en_01281.wav,17.52,10.98,hokuriku electric power co báo cáo không bị ảnh hưởng bởi trận động đất và các lò phản ứng số 1 và 2 tại nhà máy điện hạt nhân shika của công ty này đã được tạm dừng,hokuriku electric power co reported no effects from the earthquake and that the number 1 and 2 reactors at its shika nuclear power plant were shut down
1282,remote_dataset/fleurs_vi_en/train/vi/vi_01282.wav,remote_dataset/fleurs_vi_en/train/en/en_01282.wav,11.40,13.86,đức từng là kẻ thù chung trong thế chiến ii điều này dẫn đến sự hợp tác giữa liên xô và hoa kỳ vào cuối thế chiến ii sự xung đột về hệ thống quy trình và văn hóa đã khiến cho những nước này chia rẽ trở lại,germany was a common enemy in world war 2 leading to cooperation between the ussr and usa with the end of the war the clashes of system process and culture led to the countries falling out
1283,remote_dataset/fleurs_vi_en/train/vi/vi_01283.wav,remote_dataset/fleurs_vi_en/train/en/en_01283.wav,8.28,10.08,điều này cung cấp cho chúng ta rất nhiều thông tin và tài liệu để xây dựng các mô hình mô phỏng giúp chúng ta hiểu được các quy trình của não bộ,this provides us with a lot of information and material to build simulation models which help us to understand processes in our mind
1284,remote_dataset/fleurs_vi_en/train/vi/vi_01284.wav,remote_dataset/fleurs_vi_en/train/en/en_01284.wav,9.96,8.22,không có gì phải xấu hổ cả nó không khác gì những nỗi sợ hãi hoặc ghét bỏ điều gì đó của một cá nhân mà rất nhiều người đang có,it is not something to be ashamed of it is no different from the personal fears and dislikes of other things that very many people have
1285,remote_dataset/fleurs_vi_en/train/vi/vi_01285.wav,remote_dataset/fleurs_vi_en/train/en/en_01285.wav,12.00,9.18,tuy nhiên người biết một chút tiếng tây ban nha có thể vội vàng kết luận rằng tiếng bồ đào nha khá gần gũi với tiếng tây ban nha và không cần phải học riêng,however people who know a little spanish may hastily conclude that portuguese is close enough that it need not be studied separately
1286,remote_dataset/fleurs_vi_en/train/vi/vi_01286.wav,remote_dataset/fleurs_vi_en/train/en/en_01286.wav,8.46,6.48,cung lên thường tạo ra âm thanh nhẹ nhàng hơn trong khi cung xuống tạo ra âm thanh mạnh mẽ và quyết đoán hơn,an up-bow usually generates a softer sound while a down-bow is stronger and more assertive
1287,remote_dataset/fleurs_vi_en/train/vi/vi_01287.wav,remote_dataset/fleurs_vi_en/train/en/en_01287.wav,14.88,10.56,cũng có một số xe buýt đi hướng bắc về hebron nơi chôn cất truyền thống của các tổ phụ kinh thánh abraham isaac jacob và vợ của họ,there are also a few buses going north to hebron the traditional burial place of the biblical patriarchs abraham isaac jacob and their wives
1288,remote_dataset/fleurs_vi_en/train/vi/vi_01288.wav,remote_dataset/fleurs_vi_en/train/en/en_01288.wav,9.66,7.02,sách và tạp chí nói về sinh tồn nơi hoang dã thì đầy nhưng các ấn phẩm xuất bản về vùng chiến thì rất ít,books and magazines dealing with wilderness survival are common but publications dealing with war zones are few
1289,remote_dataset/fleurs_vi_en/train/vi/vi_01289.wav,remote_dataset/fleurs_vi_en/train/en/en_01289.wav,9.00,8.82,cá mập có xuất hiện nhưng hiếm khi tấn công con người đa số cá mập sợ người và sẽ bơi lẩn đi,sharks do exist however they rarely attack humans most sharks are scared of humans and would swim away
1291,remote_dataset/fleurs_vi_en/train/vi/vi_01291.wav,remote_dataset/fleurs_vi_en/train/en/en_01291.wav,13.38,13.56,sự khó chịu của cộng đồng dẫn tới những nỗ lực gần đây trong việc soạn thảo một chính sách về các nội dung khiêu dâm trên trang web lưu trữ hàng triệu phương tiện truyền thông được cấp phép công khai,the community irritation led to current efforts to draft a policy regarding sexual content for the site which hosts millions of openly-licensed media
1293,remote_dataset/fleurs_vi_en/train/vi/vi_01293.wav,remote_dataset/fleurs_vi_en/train/en/en_01293.wav,11.76,10.80,vẻ ngoài thô lỗ của những người paris sẽ nhanh chóng biến mất nếu bạn biểu hiện một vài tác phong lịch sự cơ bản,parisians' abrupt exteriors will rapidly evaporate if you display some basic courtesies
1294,remote_dataset/fleurs_vi_en/train/vi/vi_01294.wav,remote_dataset/fleurs_vi_en/train/en/en_01294.wav,9.24,11.28,trung tâm cảnh báo sóng thần thái bình dương cũng cho biết không có dấu hiệu nào cho thấy sẽ xuất hiện sóng thần,also the pacific tsunami warning center said that there was no tsunami indication
1295,remote_dataset/fleurs_vi_en/train/vi/vi_01295.wav,remote_dataset/fleurs_vi_en/train/en/en_01295.wav,8.04,6.24,nghiên cứu phát hiện rằng phụ nữ có nguy cơ bị đa xơ cứng cao gấp hai lần so với nam giới,research has found that females are two times more likely to have ms then males
1296,remote_dataset/fleurs_vi_en/train/vi/vi_01296.wav,remote_dataset/fleurs_vi_en/train/en/en_01296.wav,15.06,13.44,cầu sông oyapock là cây cầu cáp treo cây cầu này bắc qua sông oyapock nối liền với thành phố oiapoque ở brazil và saint-georges de l'oyapock ở guiana thuộc pháp,the oyapock river bridge is a cable-stayed bridge it spans the oyapock river to link the cities of oiapoque in brazil and saint-georges de l'oyapock in french guiana
1297,remote_dataset/fleurs_vi_en/train/vi/vi_01297.wav,remote_dataset/fleurs_vi_en/train/en/en_01297.wav,9.96,9.24,nếu bạn thấy mình hay đặt lại đồng hồ khi ngủ bạn có thể để đồng hồ ở góc khác trong phòng để buộc bản thân phải rời khỏi giường để tắt,if you find yourself resetting the clock in your sleep it can be placed on the other side of the room forcing you to get out of bed to turn it off
1298,remote_dataset/fleurs_vi_en/train/vi/vi_01298.wav,remote_dataset/fleurs_vi_en/train/en/en_01298.wav,14.82,11.04,di chuyển bằng máy bay có thể là trải nghiệm đáng sợ cho mọi người ở mọi lứa tuổi đặc biệt là khi họ chưa từng bay trước kia hoặc đã từng trải qua sự kiện gây chấn thương trước đó,travelling by plane can be a scary experience for people of all ages and backgrounds particularly if they've not flown before or have experienced a traumatic event
1299,remote_dataset/fleurs_vi_en/train/vi/vi_01299.wav,remote_dataset/fleurs_vi_en/train/en/en_01299.wav,8.34,9.30,phụ nữ nấu ăn trong sân các cửa hiệu mới mở cửa nhìn ra phố đá được sử dụng để xây nhà,women did the cooking in the yard stores were just open counters looking into the street stone was used for building houses
1301,remote_dataset/fleurs_vi_en/train/vi/vi_01301.wav,remote_dataset/fleurs_vi_en/train/en/en_01301.wav,8.82,11.34,nghiên cứu của ông cho thấy nếu được chích một loại kích thích tố thì tốc độ tăng trưởng phổi của bào thai sẽ được đẩy nhanh,his research showed that if a hormone was administered it would speed up the baby's foetal lung maturation
1302,remote_dataset/fleurs_vi_en/train/vi/vi_01302.wav,remote_dataset/fleurs_vi_en/train/en/en_01302.wav,14.64,13.98,ở mặt sau tuyên ngôn độc lập là dòng chữ tuyên ngôn độc lập nguyên bản soạn ngày 4 tháng bảy năm 1776 dòng chữ này xuất hiện ở phía dưới cùng của văn bản theo chiều lộn ngược,written on the back of the declaration of independence were the words original declaration of independence dated 4th july 1776 the text appears on the bottom of the document upside down
1304,remote_dataset/fleurs_vi_en/train/vi/vi_01304.wav,remote_dataset/fleurs_vi_en/train/en/en_01304.wav,8.82,10.92,trong hơn một nghìn năm qua kitô giáo đã trở thành sợi dây liên kết giữa các quốc gia châu âu mặc dù vẫn còn đó sự khác biệt về ngôn ngữ và phong tục,for over a thousand years the christian religion had bound european states together despite differences in language and customs i
1305,remote_dataset/fleurs_vi_en/train/vi/vi_01305.wav,remote_dataset/fleurs_vi_en/train/en/en_01305.wav,8.34,6.00,tuy nhiên tiếng tây ban nha cũng được sử dụng rộng rãi trên phương tiện giao thông công cộng và các địa điểm khác,yet spanish is also widely used in public transport and other facilities
1306,remote_dataset/fleurs_vi_en/train/vi/vi_01306.wav,remote_dataset/fleurs_vi_en/train/en/en_01306.wav,12.48,10.56,ảnh hưởng của châu âu và chủ nghĩa thực dân bắt đầu từ thế kỷ 15 khi nhà thám hiểm người bồ đào nha vasco de gama tìm ra tuyến đường cape route đi từ châu âu đến ấn độ,european influence and colonialism began in the 15th century as portuguese explorer vasco da gama found the cape route from europe to india
1308,remote_dataset/fleurs_vi_en/train/vi/vi_01308.wav,remote_dataset/fleurs_vi_en/train/en/en_01308.wav,10.92,8.52,bánh ngọt của đức khá ngon và ở bavaria bánh ngọt khá đậm đà và đa dạng tương tự như nước láng giềng về phía nam nước áo,german pastries are quite good and in bavaria are quite rich and varied similar to those of their southern neighbor austria
1309,remote_dataset/fleurs_vi_en/train/vi/vi_01309.wav,remote_dataset/fleurs_vi_en/train/en/en_01309.wav,14.16,12.90,nhóm này bao gồm hà lan với anna jochemsen về hạng chín ở nội dung trượt đứng của nữ trong giải super-g hôm qua và phần lan với katja saarinen về hạng mười ở cùng nội dung,they include the netherlands with anna jochemsen finishing ninth in the women's standing class in the super-g yesterday and finland with katja saarinen finishing tenth in the same event
1310,remote_dataset/fleurs_vi_en/train/vi/vi_01310.wav,remote_dataset/fleurs_vi_en/train/en/en_01310.wav,7.44,7.32,sau tất cả thì người lãnh đạo phải chịu trách nhiệm tuyệt đối với thành công và thất bại của nhóm,after all the leader is ultimately responsible for the success and failure of the team
1311,remote_dataset/fleurs_vi_en/train/vi/vi_01311.wav,remote_dataset/fleurs_vi_en/train/en/en_01311.wav,9.66,11.40,tương tự như điều khiển ti vi bộ điều khiển sử dụng hai cảm biến đặt gần ti vi của người dùng để lập tọa độ vị trí hình tam giác trong không gian ba chiều,resembling a television remote the controller uses two sensors placed near the user's television to triangulate its position in three-dimensional space
1312,remote_dataset/fleurs_vi_en/train/vi/vi_01312.wav,remote_dataset/fleurs_vi_en/train/en/en_01312.wav,9.66,8.74,cứ thoải mái đánh dấu nhưng hãy nhớ các dấu cung được in đều có ý nghĩa về âm nhạc nên hãy tôn trọng chúng,feel free to pencil in your own marks but remember the printed bowing marks are there for a musical reason so they should usually be respected
1313,remote_dataset/fleurs_vi_en/train/vi/vi_01313.wav,remote_dataset/fleurs_vi_en/train/en/en_01313.wav,12.18,13.98,"""ông ấy đến mỹ chỉ với 4 xu dính túi một tập sách thơ và một bức thư giới thiệu của charles batchelor người quản lý cũ của ông ấy gửi cho thomas edison.",he arrived in the us with 4 cents to his name a book of poetry and a letter of recommendation from charles batchelor his manager in his previous job to thomas edison
1314,remote_dataset/fleurs_vi_en/train/vi/vi_01314.wav,remote_dataset/fleurs_vi_en/train/en/en_01314.wav,9.90,7.74,miễn là bạn ở trong khu vực này bạn thường có thể sang biên giới mà không cần phải qua các trạm kiểm soát hộ chiếu thêm lần nữa,as long as you stay in this zone you can generally cross borders without going through passport control checkpoints again
1315,remote_dataset/fleurs_vi_en/train/vi/vi_01315.wav,remote_dataset/fleurs_vi_en/train/en/en_01315.wav,8.10,11.64,các môn thể thao mùa đông là phổ biến nhất ở các khu vực miền bắc với người ý thi đấu tại đấu trường quốc tế và sự kiện olympic,winter sports are most popular in the northern regions with italians competing in international games and olympic events
1316,remote_dataset/fleurs_vi_en/train/vi/vi_01316.wav,remote_dataset/fleurs_vi_en/train/en/en_01316.wav,13.08,9.52,một số con đường đã bị hư hỏng dịch vụ xe lửa bị gián đoạn ở những vùng chịu ảnh hưởng và sân bay noto ở tỉnh ishikawa tiếp tục đóng cửa,some roads have been damaged railway service interrupted in the affected areas and the noto airport in ishikawa prefecture remains closed
1317,remote_dataset/fleurs_vi_en/train/vi/vi_01317.wav,remote_dataset/fleurs_vi_en/train/en/en_01317.wav,15.24,14.10,nông nghiệp tự cung tự tiêu là một hệ thống đơn giản thông thường chỉ bón phân hữu cơ sử dụng hạt giống tích trữ của những giống cây bản địa hết hợp với xoay vòng vụ mùa hoặc những kỹ thuật tương đối đơn giản khác để tối đa hóa năng suất,subsistence agriculture is a simple often organic system using saved seed native to the ecoregion combined with crop rotation or other relatively simple techniques to maximize yield
1318,remote_dataset/fleurs_vi_en/train/vi/vi_01318.wav,remote_dataset/fleurs_vi_en/train/en/en_01318.wav,21.66,17.40,thủ tướng stephen harper đã đồng ý gửi đạo luật không khí sạch' của chính phủ đến một ủy ban đa đảng để soát xét trước khi thảo luận lần hai sau cuộc họp kéo dài 25 phút với thủ lĩnh đảng ndp jack layton ở văn phòng thủ tướng vào thứ ba,prime minister stephen harper has agreed to send the government's clean air act' to an all-party committee for review before its second reading after tuesday's 25 minute meeting with ndp leader jack layton at the pmo
1319,remote_dataset/fleurs_vi_en/train/vi/vi_01319.wav,remote_dataset/fleurs_vi_en/train/en/en_01319.wav,6.42,6.78,tượng nhân sư được đặt làm bối cảnh và người tự sự một câu chuyện dài,the sphinx is set as the backdrop and the narrator of a long story
1320,remote_dataset/fleurs_vi_en/train/vi/vi_01320.wav,remote_dataset/fleurs_vi_en/train/en/en_01320.wav,15.96,10.56,quần đảo nam shetland được tìm thấy vào năm 1819 được tuyên bố chủ quyền bởi nhiều quốc gia và có nhiều căn cứ nhất với 16 căn cứ hoạt động trong năm 2020,south shetland islands discovered in 1819 are claimed by several nations and have the most bases with sixteen active in 2020
1321,remote_dataset/fleurs_vi_en/train/vi/vi_01321.wav,remote_dataset/fleurs_vi_en/train/en/en_01321.wav,9.24,8.94,apia được tìm thấy vào những năm 1850 và chính thức trở thành thủ đô của samoa từ năm 1959,apia was founded in the 1850s and has been the official capital of samoa since 1959
1322,remote_dataset/fleurs_vi_en/train/vi/vi_01322.wav,remote_dataset/fleurs_vi_en/train/en/en_01322.wav,15.48,15.66,danius đã nói ngay lúc này chúng ta chẳng làm gì cả tôi đã gọi và gửi email cho đối tác thân cận nhất của anh ta và nhận được phản hồi rất thân thiện hiện tại như vậy là đủ,danius said right now we are doing nothing i have called and sent emails to his closest collaborator and received very friendly replies for now that is certainly enough
1323,remote_dataset/fleurs_vi_en/train/vi/vi_01323.wav,remote_dataset/fleurs_vi_en/train/en/en_01323.wav,10.86,13.62,nhưng thị trường tiêu dùng máy tính xách tay sẽ biến đổi và thay đổi căn bản sau khi asus được hành chính viện của cộng hòa nhân dân trung hoa trao giải thưởng bền vững đài loan 2007,but the consumer market on laptop computer will be radically varied and changed after asus was awarded in the 2007 taiwan sustainable award by executive yuan of the republic of china
1324,remote_dataset/fleurs_vi_en/train/vi/vi_01324.wav,remote_dataset/fleurs_vi_en/train/en/en_01324.wav,7.50,5.52,nhờ vậy mà chúng có thể trốn vào những nơi nhỏ để thoát khỏi các loài săn mồi,this gives them a wider range of small places to hide from predators
1325,remote_dataset/fleurs_vi_en/train/vi/vi_01325.wav,remote_dataset/fleurs_vi_en/train/en/en_01325.wav,13.68,11.04,chúng ta gọi quá trình này là sự hình thành loài nghĩa là tạo ra giống loài mới sự hình thành loài một hệ quả tất yếu và cực kỳ quan trọng cho tiến hóa,we call this process speciation which just means the formation of new species speciation is an unavoidable consequence and a very important part of evolution
1326,remote_dataset/fleurs_vi_en/train/vi/vi_01326.wav,remote_dataset/fleurs_vi_en/train/en/en_01326.wav,12.96,10.44,năm 1989 ông đã giúp tạo nên chương trình hoạt hình gia đình simpson cùng brooks và groening và chịu trách nhiệm tuyển đội ngũ biên kịch đầu tiên cho chương trình,in 1989 he helped create the simpsons with brooks and groening and was responsible for hiring the show's first writing team
1327,remote_dataset/fleurs_vi_en/train/vi/vi_01327.wav,remote_dataset/fleurs_vi_en/train/en/en_01327.wav,10.62,10.98,trượt tuyết leo núi hoạt động này còn được gọi là trượt tuyết băng đồng trượt tuyết du lịch hoặc trượt tuyết đi bộ,backpacking by ski this activity is also called backcountry ski ski touring or ski hiking
1328,remote_dataset/fleurs_vi_en/train/vi/vi_01328.wav,remote_dataset/fleurs_vi_en/train/en/en_01328.wav,12.72,8.70,thậm chí ông ấy còn cho rằng những khả năng này trong việc diễn giải hành vi của con người có thể cũng xuất hiện ở các loài động vật khác ví dụ như chó nuôi,he even suggests that such abilities in interpreting human behavior may be shared by animals such as domestic dogs
1329,remote_dataset/fleurs_vi_en/train/vi/vi_01329.wav,remote_dataset/fleurs_vi_en/train/en/en_01329.wav,16.56,11.28,siminoff cho biết doanh số tăng sau sự xuất hiện của mình vào năm 2013 trong một tập shark tank khi hội đồng giám khảo chương trình đã từ chối tài trợ cho công ty khởi nghiệp,siminoff said sales boosted after his 2013 appearance in a shark tank episode where the show panel declined funding the startup
1330,remote_dataset/fleurs_vi_en/train/vi/vi_01330.wav,remote_dataset/fleurs_vi_en/train/en/en_01330.wav,11.70,8.64,quản trị viên của commons là adam cuerden biểu lộ sự thất vọng về việc xóa bỏ khi trao đổi với wikinews tháng trước,commons administrator adam cuerden expressed his frustration over the deletions when he spoke to wikinews last month
1331,remote_dataset/fleurs_vi_en/train/vi/vi_01331.wav,remote_dataset/fleurs_vi_en/train/en/en_01331.wav,11.64,8.10,trong khi việc học tập dựa trên dự án giúp việc học dễ dàng và thú vị hơn thì phương pháp giáo dục scaffolding vượt hơn một bước,while project based learning should make learning easier and more interesting scaffolding goes a step beyond
1332,remote_dataset/fleurs_vi_en/train/vi/vi_01332.wav,remote_dataset/fleurs_vi_en/train/en/en_01332.wav,7.68,6.48,những quan hệ này giúp lập kế hoạch thiết kế và vận hành các cơ sở đường bộ,these relationships help in planning design and operations of roadway facilities
1333,remote_dataset/fleurs_vi_en/train/vi/vi_01333.wav,remote_dataset/fleurs_vi_en/train/en/en_01333.wav,11.64,17.22,tất cả những điều này và thế làm nổi bật hơn ontario là những gì mà người bên ngoài xem là tinh túy của canada,all these things and more highlight ontario as what is considered quintessentially canadian by outsiders
1334,remote_dataset/fleurs_vi_en/train/vi/vi_01334.wav,remote_dataset/fleurs_vi_en/train/en/en_01334.wav,10.20,7.38,điều này có thể thực hiện dễ dàng bằng cách sử dụng một đồng hồ báo thức loại hầu như không ồn để giúp bạn thức dậy mà không bị tỉnh giấc hoàn toàn,this can be easily done by using a relatively quiet alarm clock to bring you to consciousness without fully waking you
1335,remote_dataset/fleurs_vi_en/train/vi/vi_01335.wav,remote_dataset/fleurs_vi_en/train/en/en_01335.wav,10.14,16.26,kiểu nhà quản lý này gặp khó khăn trong việc đưa ra những quyết định không phổ biến áp dụng các hình thức kỷ luật đánh giá hiệu suất giao trách nhiệm và duy trì mọi người làm việc một cách có trách nhiệm,this type of manager has difficulty making unpopular decisions performing disciplinary action performance evaluations assigning responsibility and holding people accountable
1336,remote_dataset/fleurs_vi_en/train/vi/vi_01336.wav,remote_dataset/fleurs_vi_en/train/en/en_01336.wav,7.32,6.18,hamilton xác nhận bệnh viện đại học howard chấp nhận bệnh nhân trong tình trạng ổn định,hamilton confirmed howard university hospital admitted the patient in stable condition
1337,remote_dataset/fleurs_vi_en/train/vi/vi_01337.wav,remote_dataset/fleurs_vi_en/train/en/en_01337.wav,10.08,11.28,pháp là quốc gia thứ bảy ở liên minh châu âu bị vi-rút này sau áo đức slovenia bungary hy lạp và ý,france is the seventh country in the european union to suffer this virus following austria germany slovenia bulgaria greece and italy
1338,remote_dataset/fleurs_vi_en/train/vi/vi_01338.wav,remote_dataset/fleurs_vi_en/train/en/en_01338.wav,12.06,10.26,nếu quốc gia bạn sẽ du lịch trở thành địa điểm bị hạn chế du lịch thì bảo hiểm y tế du lịch hoặc bảo hiểm hủy chuyến của bạn có thể sẽ bị ảnh hưởng,if the country you will be visiting becomes subject to a travel advisory your travel health insurance or your trip cancellation insurance may be affected
1339,remote_dataset/fleurs_vi_en/train/vi/vi_01339.wav,remote_dataset/fleurs_vi_en/train/en/en_01339.wav,5.64,7.62,người lái xe tải đã 64 tuổi không bị thương trong vụ đụng xe,the truck driver who is aged 64 was not injured in the crash
1340,remote_dataset/fleurs_vi_en/train/vi/vi_01340.wav,remote_dataset/fleurs_vi_en/train/en/en_01340.wav,7.68,9.90,thời điểm này danh hiệu kinh đô thời trang được chuyển từ constantinople sang paris,it was at this time that the transfer of the title of fashion capital from constantinople to paris was made
1341,remote_dataset/fleurs_vi_en/train/vi/vi_01341.wav,remote_dataset/fleurs_vi_en/train/en/en_01341.wav,12.06,10.26,họ thường có sự tự quản hơn thành viên thông thường vì đội của họ có thể gặp gỡ theo khung thời gian khác nhau điều có thể không được cảm thông bởi ban quản lý địa phương của họ,they often have more autonomy than conventional team members as their teams may meet according to varying time zones which may not be understood by their local management
1342,remote_dataset/fleurs_vi_en/train/vi/vi_01342.wav,remote_dataset/fleurs_vi_en/train/en/en_01342.wav,5.76,5.22,so với bề mặt xung quanh chúng mát hơn vào ban ngày và ấm hơn vào ban đêm,they are cooler than the surrounding surface in the day and warmer at night
1343,remote_dataset/fleurs_vi_en/train/vi/vi_01343.wav,remote_dataset/fleurs_vi_en/train/en/en_01343.wav,11.04,6.50,thêm vào đó thất bại trong việc thực hiện điều đó sẽ dẫn tới hệ quả nghiêm trọng trầm cảm tăng suy dinh dưỡng và cuối cùng là tử vong,moreover failure to do so has serious consequences growth depression malnutrition and ultimately death
1344,remote_dataset/fleurs_vi_en/train/vi/vi_01344.wav,remote_dataset/fleurs_vi_en/train/en/en_01344.wav,10.50,6.12,sư tử báo săn và báo hoa mai đôi khi sẽ rất dè dặt nên để nhìn chúng rõ hơn bạn nên dùng ống nhòm,lions cheetahs and leopards are sometimes shy and you will see them better with binoculars
1345,remote_dataset/fleurs_vi_en/train/vi/vi_01345.wav,remote_dataset/fleurs_vi_en/train/en/en_01345.wav,14.40,10.08,mặc dù đều là các nước scandinavian' nhưng vẫn có rất nhiều điểm khác nhau về con người nhà vua phong tục và lịch sử giữa đan mạch thụy điển na uy và iceland,though each country was scandinavian' there were many differences between the people kings customs and history of denmark sweden norway and iceland
1346,remote_dataset/fleurs_vi_en/train/vi/vi_01346.wav,remote_dataset/fleurs_vi_en/train/en/en_01346.wav,11.58,14.82,trong buổi thuyết trình chính thức tại tokyo game show chủ tịch của nintendo satoru iwata đã tiết lộ thiết kế của bộ điều khiển cho bộ máy nintendo revolution mới của công ty,at thursday's keynote presentation of the tokyo game show nintendo president satoru iwata unveiled the controller design for the company's new nintendo revolution console
1347,remote_dataset/fleurs_vi_en/train/vi/vi_01347.wav,remote_dataset/fleurs_vi_en/train/en/en_01347.wav,9.48,8.16,giống như đẩy một chiếc xe hàng nặng nề lên đồi phân nhân một lần nữa và sau đó giải phóng một phần năng lượng đó,sort of like rolling a heavy cart up a hill splitting the nucleus up again then releases some of that energy
1348,remote_dataset/fleurs_vi_en/train/vi/vi_01348.wav,remote_dataset/fleurs_vi_en/train/en/en_01348.wav,7.50,9.48,chèo thuyền là thú vui tiêu khiển quốc gia ở phần lan với mỗi chiếc thuyền có thể chứa bảy hoặc tám người,boating is a national pastime in finland with a boat to every seven or eight people
1349,remote_dataset/fleurs_vi_en/train/vi/vi_01349.wav,remote_dataset/fleurs_vi_en/train/en/en_01349.wav,8.34,6.48,nỗ lực tìm kiếm địa điểm xảy ra tai nạn đã gặp phải thời tiết xấu và địa hình hiểm trở,efforts to search for the crash site are being met by bad weather and harsh terrain
1350,remote_dataset/fleurs_vi_en/train/vi/vi_01350.wav,remote_dataset/fleurs_vi_en/train/en/en_01350.wav,10.38,10.44,định nghĩa này có các biến thể về mặt địa lý tại đó giới hạn niên đại có thể ngắn hơn ở những nơi như bắc mỹ so với châu âu,the definition has geographic variations where the age limit might be shorter in places such as north america than in europe
1351,remote_dataset/fleurs_vi_en/train/vi/vi_01351.wav,remote_dataset/fleurs_vi_en/train/en/en_01351.wav,10.56,12.78,cả axit cyanuric và mêlamin đều có trong các mẫu nước tiểu từ thú cưng chết sau khi ăn thức ăn thú cưng bị vấy nhiễm,both cyanuric acid and melamine were found in urine samples from pets that died after consuming contaminated pet food
1352,remote_dataset/fleurs_vi_en/train/vi/vi_01352.wav,remote_dataset/fleurs_vi_en/train/en/en_01352.wav,14.34,12.00,đối với một số người hiểu biết đôi điều về cách thức hoạt động của máy bay cũng như những vấn đề xảy ra trong một chuyến bay có thể giúp họ vượt qua nỗi sợ do không có thông tin hoặc không kiểm soát được bản thân,for some understanding something about how aircraft work and what happens during a flight may help to overcome a fear which is based on the unknown or on not being in control
1353,remote_dataset/fleurs_vi_en/train/vi/vi_01353.wav,remote_dataset/fleurs_vi_en/train/en/en_01353.wav,13.26,10.26,không có phương tiện bổ sung nào được triển khai và tàu trên mặt đất sẽ không dừng ở wembley và không có các bãi đậu xe và bãi đậu xe trung chuyển tại khu vực,no extra transport is being put on and overground trains will not stop at wembley and car parking and park-and-ride facilities are unavailable at the ground
1354,remote_dataset/fleurs_vi_en/train/vi/vi_01354.wav,remote_dataset/fleurs_vi_en/train/en/en_01354.wav,15.96,12.06,"izmir là thành phố lớn thứ ba của thổ nhĩ kỳ có dân số khoảng 3,7 triệu người cũng là thành phố cảng lớn thứ hai chỉ sau istanbul đồng thời là một trung tâm vận chuyển rất nhộn nhịp",i̇zmir is the third largest city in turkey with a population of around 3.7 million the second biggest port after istanbul and a very good transport hub
1355,remote_dataset/fleurs_vi_en/train/vi/vi_01355.wav,remote_dataset/fleurs_vi_en/train/en/en_01355.wav,10.02,8.70,bản thân các bệnh truyền nhiễm hoặc loài thú nguy hiểm có thể gây thương tích hoặc giết người bằng sức mạnh thông thường không được xem là loài gây hại,infectious diseases themselves or dangerous animals that can injure or kill people by force do not usually qualify as pests
1356,remote_dataset/fleurs_vi_en/train/vi/vi_01356.wav,remote_dataset/fleurs_vi_en/train/en/en_01356.wav,10.44,9.78,một người làm việc ở một ga-ra gần nơi tai nạn xảy ra cho biết có nhiều trẻ em đang chờ qua đường và các em đều la hét và khóc,a person working in a garage near where the accident occurred said there were children waiting to cross the road and they were all screaming and crying
1357,remote_dataset/fleurs_vi_en/train/vi/vi_01357.wav,remote_dataset/fleurs_vi_en/train/en/en_01357.wav,7.32,12.00,các đài quan sát cận đại thường đã lỗi thời ngày nay và tồn tại như viện bảo tàng hoặc các khu vực giáo dục,pre-modern observatories are usually obsolete today and remain as museums or sites of education
1358,remote_dataset/fleurs_vi_en/train/vi/vi_01358.wav,remote_dataset/fleurs_vi_en/train/en/en_01358.wav,14.28,12.54,một hỗn hợp kháng thể zmapp lúc đầu thể hiện những kết quả đầy hứa hẹn trong thực nghiệm nhưng những nghiên cứu chính thức cho thấy nó mang lại lợi ích ít hơn mong đợi về mặt ngăn chặn tử vong,one antibody cocktail zmapp initially showed promise in the field but formal studies indicated it had less benefit than sought in preventing death
1359,remote_dataset/fleurs_vi_en/train/vi/vi_01359.wav,remote_dataset/fleurs_vi_en/train/en/en_01359.wav,6.48,9.36,văn hóa thiểu số thường biến mất mà không để lại bằng chứng lịch sử xác đáng và không được công nhận là nền văn minh riêng,minor cultures often vanish without leaving relevant historic evidence and fail to be recognized as proper civilizations
1360,remote_dataset/fleurs_vi_en/train/vi/vi_01360.wav,remote_dataset/fleurs_vi_en/train/en/en_01360.wav,8.82,8.76,gần như không thể đổi đồng tiền falkland ngoài phạm vi quần đảo này vì thế hãy đổi tiền trước khi rời đi,it is nearly impossible to exchange falklands currency outside of the islands so exchange money prior to leaving the islands
1361,remote_dataset/fleurs_vi_en/train/vi/vi_01361.wav,remote_dataset/fleurs_vi_en/train/en/en_01361.wav,6.42,8.40,có thể kéo thành sợi mỏng để xoắn và tết lại có thể đập hoặc cán thành tấm,it can be pulled into thin wire which can be twisted and plaited it can be hammered or rolled into sheets
1362,remote_dataset/fleurs_vi_en/train/vi/vi_01362.wav,remote_dataset/fleurs_vi_en/train/en/en_01362.wav,15.30,10.98,mèo gấm ocelots ăn các động vật nhỏ chúng sẽ bắt khỉ rắn các loài gặm nhấm và các loại chim nếu có thể hầu hết các loài động vật mà mèo gấm ocelot săn bắt đều nhỏ hơn chúng rất nhiều,ocelots like to eat small animals they will catch monkeys snakes rodents and birds if they can almost all of the animals that the ocelot hunts are far smaller than it is
1363,remote_dataset/fleurs_vi_en/train/vi/vi_01363.wav,remote_dataset/fleurs_vi_en/train/en/en_01363.wav,14.64,11.46,các hệ động vật quý hiếm như gấu nâu châu âu sói đại bàng cú linh miêu mèo hoang dã và gà rừng có thể được tìm thấy ở đó cùng với nhiều loài động vật phổ biến khác,rare fauna such as the european brown bear wolf eagle owl lynx wild cat and capercaillie can be found there along with many more common species
1364,remote_dataset/fleurs_vi_en/train/vi/vi_01364.wav,remote_dataset/fleurs_vi_en/train/en/en_01364.wav,8.16,7.68,phần lớn các khu đô thị của hồng kông được phát triển tập trung tại các vùng đất khai hoang dọc theo bờ biển phía bắc,the great majority of hong kong island's urban development is densely packed on reclaimed land along the northern shore
1365,remote_dataset/fleurs_vi_en/train/vi/vi_01365.wav,remote_dataset/fleurs_vi_en/train/en/en_01365.wav,12.54,11.28,ví dụ họ không ăn bắp cà chua khoai tây ca cao và chưa từng có người la mã cổ đại nào nếm thử một con gà tây,for instance they didn't have corn nor tomatoes nor potatoes nor cocoa and no ancient roman ever tasted a turkey
1366,remote_dataset/fleurs_vi_en/train/vi/vi_01366.wav,remote_dataset/fleurs_vi_en/train/en/en_01366.wav,8.40,9.36,những giải đấu và trận đấu nhỏ hơn cũng có thể diễn ra ở đây vào những thời gian khác trong năm,smaller tournaments and matches can also be seen here at other times of the year
1367,remote_dataset/fleurs_vi_en/train/vi/vi_01367.wav,remote_dataset/fleurs_vi_en/train/en/en_01367.wav,11.22,10.32,nhìn chung singapore là điểm đến cực kỳ an toàn và rất dễ đi lại và bạn có thể mua gần như mọi thứ sau khi đến đây,singapore is generally an extremely safe place to be and very easy to navigate and you can buy almost anything after arriving
1368,remote_dataset/fleurs_vi_en/train/vi/vi_01368.wav,remote_dataset/fleurs_vi_en/train/en/en_01368.wav,7.14,8.70,nếu họ gửi hàng hóa bằng đường hàng không trên một số tuyến đường có thể mất nhiều ngày để bốc dỡ hàng và thông quan,if they sent things by air freight on some routes it may have taken days to get through unloading and customs
1369,remote_dataset/fleurs_vi_en/train/vi/vi_01369.wav,remote_dataset/fleurs_vi_en/train/en/en_01369.wav,15.24,10.74,curtis cooper là một nhà toán học và giáo sư khoa học máy tính ở trường university of central missouri đã phát hiện ra số nguyên tố lớn nhất từng được biết đến vào ngày 25 tháng giêng,curtis cooper a mathematician and computer science professor at the university of central missouri has discovered the largest known prime number to date on january 25
1370,remote_dataset/fleurs_vi_en/train/vi/vi_01370.wav,remote_dataset/fleurs_vi_en/train/en/en_01370.wav,10.08,10.20,chambers một người theo thuyết bất khả tri lập luận rằng vụ kiện của ông là chuyện tầm phào và ai cũng có thể kiện bất cứ ai,chambers an agnostic argues that his lawsuit is frivolous and anybody can sue anybody
1371,remote_dataset/fleurs_vi_en/train/vi/vi_01371.wav,remote_dataset/fleurs_vi_en/train/en/en_01371.wav,9.00,7.98,một cơn động đất mức độ vừa làm rung chuyển phía tây montana lúc 10:08 tối hôm thứ hai,a moderate earthquake shook western montana at 10:08 p.m. on monday
1372,remote_dataset/fleurs_vi_en/train/vi/vi_01372.wav,remote_dataset/fleurs_vi_en/train/en/en_01372.wav,16.32,16.02,vị thế của thành phố này đã giảm vào thế kỷ xii chủ yếu là vì quân thập tự đã trao trả những món quà mang theo như lụa là và gia vị có giá trị hơn cả những gì thị trường byzantine cung cấp,its status declined during the twelfth century mainly due to the fact that crusaders had returned bearing gifts such as silks and spices that were valued more than what byzantine markets offered
1373,remote_dataset/fleurs_vi_en/train/vi/vi_01373.wav,remote_dataset/fleurs_vi_en/train/en/en_01373.wav,11.58,9.96,thổ nhĩ kỳ cũng sẽ tiếp quản việc bảo vệ các chiến binh isis bị bắt mà các quốc gia châu âu tuyên bố đã từ chối cho hồi hương,turkey would also take over guarding captured isis fighters which the statement said european nations have refused to repatriate
1374,remote_dataset/fleurs_vi_en/train/vi/vi_01374.wav,remote_dataset/fleurs_vi_en/train/en/en_01374.wav,19.56,14.40,vào năm 1994 cuộc xung đột đã dẫn tới việc thành lập cộng hòa transnistria tự xưng ở phía đông moldova nơi có chính phủ và tiền tệ riêng nhưng không được công nhận bởi bất kỳ quốc gia thành viên liên hợp quốc nào,in 1994 this conflict led to the creation of the self-proclaimed transnistria republic in eastern moldova which has its own government and currency but is not recognised by any un member country
1376,remote_dataset/fleurs_vi_en/train/vi/vi_01376.wav,remote_dataset/fleurs_vi_en/train/en/en_01376.wav,9.96,11.22,bộ phim với sự góp mặt của ryan gosling và emma stone nhận được đề cử ở tất cả các hạng mục chính,the movie featuring ryan gosling and emma stone received nominations in all major categories
1377,remote_dataset/fleurs_vi_en/train/vi/vi_01377.wav,remote_dataset/fleurs_vi_en/train/en/en_01377.wav,21.42,16.08,hai bài hát trong bộ phim audition the fools who dream và city of stars đã được đề cử giải bài hát nhạc phim xuất sắc nhất. hãng lionsgate đã nhận được tổng cộng 26 đề cử — nhiều hơn bất cứ hãng phim nào khác,two songs from the movie audition the fools who dream and city of stars received nominations for best original song. lionsgate studio received 26 nominations — more than any other studio
1378,remote_dataset/fleurs_vi_en/train/vi/vi_01378.wav,remote_dataset/fleurs_vi_en/train/en/en_01378.wav,12.90,10.62,dữ liệu sinh học thần kinh cung cấp bằng chứng vật lý cho phương pháp lý thuyết đối với việc điều tra nhận thức vì vậy nó thu nhỏ phạm vi nghiên cứu và làm cho nó chính xác hơn nhiều,neurobiological data provide physical evidence for a theoretical approach to the investigation of cognition therefore it narrows the research area and makes it much more exact
1380,remote_dataset/fleurs_vi_en/train/vi/vi_01380.wav,remote_dataset/fleurs_vi_en/train/en/en_01380.wav,11.64,9.90,đôi khi các tòa tháp có hình kim tự tháp đặc biệt gọi là ziggurat được xây dựng làm một phần của các ngôi đền,sometimes special pyramid shaped towers called ziggurats were built to be a part of the temples
1381,remote_dataset/fleurs_vi_en/train/vi/vi_01381.wav,remote_dataset/fleurs_vi_en/train/en/en_01381.wav,14.52,14.46,đi chung taxi là một hình thức tiện lợi và nhanh chóng để di chuyển tới các địa điểm gần như paro nu 150 và punakha nu 200,shared taxis are a quick and comfortable means to travel to nearby places such as paro nu 150 and punakha nu 200
1382,remote_dataset/fleurs_vi_en/train/vi/vi_01382.wav,remote_dataset/fleurs_vi_en/train/en/en_01382.wav,23.64,22.26,vào ngày thứ hai sara danius thư ký thường trực của ủy ban nobel văn học thuộc viện hàn lâm thụy điển trong một chương trình phát thanh của đài phát thanh sveriges ở thụy điển đã công bố rằng vì không thể liên lạc trực tiếp với bob dylan về việc trao giải nobel văn học năm 2016 ủy ban đã ngừng nỗ lực liên lạc với ông,on monday sara danius permanent secretary of the nobel committee for literature at the swedish academy publicly announced during a radio program on sveriges radio in sweden the committee unable to reach bob dylan directly about winning the 2016 nobel prize in literature had abandoned its efforts to reach him
1383,remote_dataset/fleurs_vi_en/train/vi/vi_01383.wav,remote_dataset/fleurs_vi_en/train/en/en_01383.wav,14.70,10.44,trong lần thử palm zmapp đóng vai trò là tiêu chuẩn so sánh có nghĩ là các nhà khoa học sử dụng nó như là đường cơ sở và so sánh ba cách điều trị khác với nó,in the palm trial zmapp served as a control meaning scientists used it as a baseline and compared the three other treatments to it
1384,remote_dataset/fleurs_vi_en/train/vi/vi_01384.wav,remote_dataset/fleurs_vi_en/train/en/en_01384.wav,9.60,11.10,cuộc đổ bộ quân đội khối đồng minh và các trận chiến tiếp theo đã giải phóng miền bắc nước pháp nhưng miền nam vẫn chưa được tự do,the d-day landings and the following battles had freed the north of france but the south still wasn't free
1385,remote_dataset/fleurs_vi_en/train/vi/vi_01385.wav,remote_dataset/fleurs_vi_en/train/en/en_01385.wav,7.68,5.86,trong những thời kỳ này chiến tranh khốc liệt xảy ra giữa nhiều cuộc chiến giữa các quý tộc để giành lấy ngai vàng,during these periods fierce warfare took place between many nobles fighting for the throne
1386,remote_dataset/fleurs_vi_en/train/vi/vi_01386.wav,remote_dataset/fleurs_vi_en/train/en/en_01386.wav,10.98,12.96,kiểm tra rằng chiếc xe buýt mà bạn định đi sẽ tới hebron và không chỉ tới khu dân cư do thái gần đó ở kiryat arba,check that the bus you are thinking of taking goes into hebron and not just to the nearby jewish settlement of kiryat arba
1387,remote_dataset/fleurs_vi_en/train/vi/vi_01387.wav,remote_dataset/fleurs_vi_en/train/en/en_01387.wav,10.08,12.72,với một số lễ hội số đông khách tham dự quyết định cắm trại tại chỗ và hầu hết khách tham dự xem đó là một phần thiết yếu của trải nghiệm,for some festivals the vast majority of the attendants to music festivals decide to camp on site and most attendants consider it a vital part of the experience
1388,remote_dataset/fleurs_vi_en/train/vi/vi_01388.wav,remote_dataset/fleurs_vi_en/train/en/en_01388.wav,17.88,18.24,ca sĩ sanju sharma bắt đầu buổi tối tiếp theo là jai shankar choudhary lakkha singh cũng đã giới thiệu chhappan bhog bhajan ca sĩ raju khandelwal đã đi cùng anh ấy,singer sanju sharma started the evening followed by jai shankar choudhary esented the chhappan bhog bhajan as well singer raju khandelwal was accompanying him
1389,remote_dataset/fleurs_vi_en/train/vi/vi_01389.wav,remote_dataset/fleurs_vi_en/train/en/en_01389.wav,6.36,9.72,việc đặt phòng trước giúp du khách yên tâm rằng họ sẽ có nơi nghỉ chân khi đã đến nơi,booking in advance gives the traveller peace of mind that they will have somewhere to sleep once they arrive at their destination
1390,remote_dataset/fleurs_vi_en/train/vi/vi_01390.wav,remote_dataset/fleurs_vi_en/train/en/en_01390.wav,15.24,15.24,theo kết quả cuối cùng của cuộc bầu cử tổng thống và quốc hội ở namibia vị tổng thống đương nhiệm ông hifikepunye pohamba đã được đa số người dân bầu chọn tái đắc cử,final results from namibian presidential and parliamentary elections have indicated that the incumbent president hifikepunye pohamba has been reelected by a large margin
1391,remote_dataset/fleurs_vi_en/train/vi/vi_01391.wav,remote_dataset/fleurs_vi_en/train/en/en_01391.wav,30.12,42.36,"cuộc đua khác của cô ấy trong giải trượt tuyết giant slalom chứng kiến cô ấy về đích ở vị trí thứ 10 trong bảng xếp hạng nữ với tổng thời gian 4:41,30 chậm hơn 2:11,60 phút so với vận động viên người úc về đích đầu tiên claudia loesch và chậm hơn người về đích thứ 9 gyöngyi dani của hungary 1:09,02 phút",her other race the giant slalom saw her finish in tenth in the women's sitting group with a combined run time of 4:41.30 2:11.60 minutes slower than first place finisher austrian claudia loesch and 1:09.02 minutes slower than the ninth place finisher gyöngyi dani of hungary
1393,remote_dataset/fleurs_vi_en/train/vi/vi_01393.wav,remote_dataset/fleurs_vi_en/train/en/en_01393.wav,12.00,8.52,người ta sẽ mang những vật hiến tế đến dâng cho chư thần và các thầy tu sẽ cố gắng đáp ứng nhu cầu của chư thần qua các nghi lễ và lễ hội,people would bring sacrifices to the gods and the priests would try to attend to the needs of the gods through ceremonies and festivals
1394,remote_dataset/fleurs_vi_en/train/vi/vi_01394.wav,remote_dataset/fleurs_vi_en/train/en/en_01394.wav,12.12,7.74,nếu đến thăm một khu vườn đã được sắp đặt chính thức thì việc thu thập các mẫu vật cũng sẽ khiến bạn bị từ chối mà không cần bàn luận gì thêm,if visiting a formally arranged garden collecting specimens is also going to get you ejected without discussion
1395,remote_dataset/fleurs_vi_en/train/vi/vi_01395.wav,remote_dataset/fleurs_vi_en/train/en/en_01395.wav,8.28,6.30,nhà cung cấp dịch vụ điện thoại tại địa phương của bạn có thể sẽ cung cấp thêm thông tin về kết nối với dịch vụ này,your local telephone service provider should be able to give more information about connecting to this service
1396,remote_dataset/fleurs_vi_en/train/vi/vi_01396.wav,remote_dataset/fleurs_vi_en/train/en/en_01396.wav,9.24,9.48,các nhà nghiên cứu quan sát thấy những tinh thể hình thành trong nước tiểu của mèo nhờ có thêm melamine và acid cyanuric,the researchers observed crystals formed in cat urine by the addition of melamine and cyanuric acid
1397,remote_dataset/fleurs_vi_en/train/vi/vi_01397.wav,remote_dataset/fleurs_vi_en/train/en/en_01397.wav,12.60,9.42,ngoài ra hãy chú ý đến mùi có thể thu hút gấu và các loài thú hoang dã khác do đó hãy tránh mang theo hoặc nấu những thực phẩm có mùi và giữ gìn vệ sinh quanh khu vực cắm trại,in addition be aware that odors attract bears and other wildlife so avoid carrying or cooking odorous foods and keep a clean camp
1398,remote_dataset/fleurs_vi_en/train/vi/vi_01398.wav,remote_dataset/fleurs_vi_en/train/en/en_01398.wav,10.92,12.96,vào tháng trước iran đã chứng kiến thảm họa hàng không khủng khiếp nhất trong nhiều năm qua khi một chiếc máy bay đi armenia bị rơi làm 168 người trên máy bay thiệt mạng,last month iran saw its worst air disaster in years when an airliner heading to armenia crashed killing the 168 on board
1399,remote_dataset/fleurs_vi_en/train/vi/vi_01399.wav,remote_dataset/fleurs_vi_en/train/en/en_01399.wav,8.64,10.68,để mô phỏng rõ hơn luồng giao thông mối quan hệ giữa ba đặc điểm chính đã được thiết lập: 1 luồng 2 mật độ và 3 vận tốc,to better represent traffic flow relationships have been established between the three main characteristics: 1 flow 2 density and 3 velocity
1400,remote_dataset/fleurs_vi_en/train/vi/vi_01400.wav,remote_dataset/fleurs_vi_en/train/en/en_01400.wav,12.60,14.52,từng là thành cổ smyrna nay nơi đây đã trở thành một trung tâm thương mại hiện đại phát triển và tấp nập nằm giữa núi đồi và gần vùng vịnh rộng lớn,once the ancient city of smyrna it is now a modern developed and busy commercial center set around a huge bay and surrounded by mountains
1402,remote_dataset/fleurs_vi_en/train/vi/vi_01402.wav,remote_dataset/fleurs_vi_en/train/en/en_01402.wav,13.86,11.64,nam phi đội hạt giống hàng đầu của giải đã khởi đầu tốt khi có chiến thắng dễ dàng 26 - 00 trước hạt giống số 5 zambia,tournament top seeds south africa started on the right note when they had a comfortable 26 - 00 win against 5th seeded zambia
1403,remote_dataset/fleurs_vi_en/train/vi/vi_01403.wav,remote_dataset/fleurs_vi_en/train/en/en_01403.wav,11.04,9.36,chúng mang đến sự ổn định lớn hơn cho người lái nhưng có thể có mối lo ngại về an toàn do khả năng gây kẹt chân cho người lái,they provide greater stability for the rider but can have safety concerns due to the potential for a rider's feet to get stuck in them
1404,remote_dataset/fleurs_vi_en/train/vi/vi_01404.wav,remote_dataset/fleurs_vi_en/train/en/en_01404.wav,4.98,4.26,hơn bốn triệu người đã đến rome dự đám tang,over four million people went to rome to attend the funeral
1405,remote_dataset/fleurs_vi_en/train/vi/vi_01405.wav,remote_dataset/fleurs_vi_en/train/en/en_01405.wav,13.80,13.02,tuy nhiên mạng lưới đường bộ quốc gia không khả thi về mặt kinh tế đối với một vài xe hơi vì vậy các phương pháp sản xuất mới được phát triển để giảm chi phí sở hữu xe hơi,however a nationwide road network is not economically viable for just a handful of cars so new methods of production are developed to reduce the cost of car ownership
1406,remote_dataset/fleurs_vi_en/train/vi/vi_01406.wav,remote_dataset/fleurs_vi_en/train/en/en_01406.wav,6.84,7.32,bộ tư lệnh chiến lược hoa kỳ thuộc bộ quốc phòng hoa kỳ đang theo dõi mảnh vỡ,the united states strategic command of the u.s. department of defense office is tracking the debris
1407,remote_dataset/fleurs_vi_en/train/vi/vi_01407.wav,remote_dataset/fleurs_vi_en/train/en/en_01407.wav,10.98,7.44,mua sắm miễn thuế là cơ hội mua hàng hóa được miễn các loại thuế giá trị gia tăng và thuế tiêu thụ tại một số địa điểm,duty free shopping is the opportunity to buy goods exempted from taxes and excises at certain locations
1408,remote_dataset/fleurs_vi_en/train/vi/vi_01408.wav,remote_dataset/fleurs_vi_en/train/en/en_01408.wav,7.02,6.96,ông ấy đã sản xuất hơn 1.000 con tem cho thụy điển và 28 quốc gia khác,"he produced over 1,000 stamps for sweden and 28 other countries"
1409,remote_dataset/fleurs_vi_en/train/vi/vi_01409.wav,remote_dataset/fleurs_vi_en/train/en/en_01409.wav,20.88,18.12,kể từ khi chính quyền liên bang bắt đầu đảm nhận kinh phí cho bệnh viện mersey ở devonport tasmania chính quyền tiểu bang và một số thành viên quốc hội liên bang đã chỉ trích hành động này là trò quảng cáo dạo đầu cho cuộc bầu cử liên bang sắp diễn ra vào tháng 11,ever since the federal government stepped in to take over funding of the mersey hospital in devonport tasmania the state government and some federal mps have criticised this act as a stunt in the prelude to the federal election to be called by november
1410,remote_dataset/fleurs_vi_en/train/vi/vi_01410.wav,remote_dataset/fleurs_vi_en/train/en/en_01410.wav,15.12,12.84,họ cũng có thể giữ chỗ cho bạn nếu bạn cần thời gian để cân nhắc về thư mời làm việc hoặc xử lý các tài liệu khác liên quan đến điểm đến của mình thí dụ như visa,they can also hold the reservation for you if you need time to think about the offer or procure other documents for your destination e.g. visa
1411,remote_dataset/fleurs_vi_en/train/vi/vi_01411.wav,remote_dataset/fleurs_vi_en/train/en/en_01411.wav,18.90,11.76,hầu hết các tu viện cung cấp áo choàng cho những phụ nữ đến mà không chuẩn bị nhưng nếu bạn tự mang đặc biệt là những áo choàng có màu sắc tươi sáng bạn sẽ nhận được một nụ cười từ nhà sư hoặc nữ tu ở lối vào,most of the monasteries do provide wraps for women who come unprepared but if you bring your own especially one with bright colors you'll get a smile from the monk or nun at the entrance
1413,remote_dataset/fleurs_vi_en/train/vi/vi_01413.wav,remote_dataset/fleurs_vi_en/train/en/en_01413.wav,8.58,9.06,34 phần trăm người trong cuộc thăm dò có cùng quan điểm này họ muốn nữ hoàng elizabeth đệ nhị là nữ quốc vương cuối cùng của úc,34 per cent of those in the poll share this view wanting queen elizabeth ii to be australia's last monarch
1415,remote_dataset/fleurs_vi_en/train/vi/vi_01415.wav,remote_dataset/fleurs_vi_en/train/en/en_01415.wav,9.36,8.04,phong cách gothic đạt đỉnh cao vào giữa thời kỳ từ thế kỷ 10 - 11 và thế kỷ 14,gothic style peaked in the period between the 10th - 11th centuries and the 14th century
1416,remote_dataset/fleurs_vi_en/train/vi/vi_01416.wav,remote_dataset/fleurs_vi_en/train/en/en_01416.wav,15.78,13.68,đột biến gen có thể gây nên nhiều tác động khác nhau tùy thuộc vào kiểu đột biến tầm quan trọng của đoạn gen bị tác động và tế bào bị tác động có thuộc loại tế bào mầm hay không,mutations can have a variety of different effects depending on the type of mutation the significance of the piece of genetic material affected and whether the cells affected are germ-line cells
1417,remote_dataset/fleurs_vi_en/train/vi/vi_01417.wav,remote_dataset/fleurs_vi_en/train/en/en_01417.wav,10.32,7.86,nếu quân đồng minh thất bại có thể đức đã chinh phạt được nước anh sau khi đã hạ được phần còn lại của châu âu,had the allies failed germany probably would have been able to conquer britain as it had the rest of europe
1418,remote_dataset/fleurs_vi_en/train/vi/vi_01418.wav,remote_dataset/fleurs_vi_en/train/en/en_01418.wav,9.24,11.04,buồn thay khi các phương pháp viết mới xuất hiện bút chì dần mất chỗ đứng và ngày càng ít được sử dụng,sadly as newer methods of writing have emerged the pencil has been relegated to lesser status and uses
1419,remote_dataset/fleurs_vi_en/train/vi/vi_01419.wav,remote_dataset/fleurs_vi_en/train/en/en_01419.wav,11.52,14.04,vào thế kỷ 16 paraguay trước đây được gọi là tỉnh khổng lồ của ấn độ đã ra đời sau cuộc chạm trán giữa người tây ban nha chinh phạt và các nhóm cư dân bản địa,in the 16th century paraguay formerly called the giant province of the indies was born as a result of the encounter of spanish conquerors with the native indigenous groups
1420,remote_dataset/fleurs_vi_en/train/vi/vi_01420.wav,remote_dataset/fleurs_vi_en/train/en/en_01420.wav,10.32,6.78,vào cuối năm 2017 siminoff xuất hiện trên kênh truyền hình mua sắm qvc,in late 2017 siminoff appeared on shopping television channel qvc
1421,remote_dataset/fleurs_vi_en/train/vi/vi_01421.wav,remote_dataset/fleurs_vi_en/train/en/en_01421.wav,19.56,16.50,vào năm 1683 quân đội của triều đại nhà thanh 1644-1912 đã kiểm soát khu vực ven biển phía tây và bắc của đài loan và tuyên bố đài loan là một tỉnh của vương triều nhà thanh năm 1885,in 1683 qing dynasty 1644-1912 forces take control of taiwan’s western and northern coastal areas and declared taiwan as a province of the qing empire in 1885
1422,remote_dataset/fleurs_vi_en/train/vi/vi_01422.wav,remote_dataset/fleurs_vi_en/train/en/en_01422.wav,13.56,10.08,một cách rõ ràng là bay bằng vé hạng nhất hoặc hạng thương gia nghĩa là bỏ ra một số tiền lớn để có được đặc quyền này hoặc tốt hơn nữa hãy để công ty của bạn làm điều đó cho bạn,the obvious way of flying in first or business class is to fork out a thick wad of money for the privilege or better yet get your company to do it for you
1423,remote_dataset/fleurs_vi_en/train/vi/vi_01423.wav,remote_dataset/fleurs_vi_en/train/en/en_01423.wav,9.84,9.60,thuật ngữ này bắt nguồn từ sự quen thuộc cổ xưa với rệp giường một loài côn trùng có khả năng thích nghi cao để ký sinh trên người,this term derives from ancient familiarity with bed-bugs which are insects highly adapted to parasitize humans
1424,remote_dataset/fleurs_vi_en/train/vi/vi_01424.wav,remote_dataset/fleurs_vi_en/train/en/en_01424.wav,6.96,6.48,kiếm tra nhãn dán để biết hướng dẫn sơ cứu cụ thể cho chất độc cụ thể,check the label for specific first aid instructions for that specific poison
1425,remote_dataset/fleurs_vi_en/train/vi/vi_01425.wav,remote_dataset/fleurs_vi_en/train/en/en_01425.wav,14.76,12.90,các nhà chức trách thành phố amsterdam và bảo tàng anne frank tuyên bố rằng cái cây đã bị nhiễm nấm và gây nguy hiểm tính mạng cho cộng đồng vì theo họ thì nó có nguy cơ sắp đổ,officials for the city of amsterdam and the anne frank museum state that the tree is infected with a fungus and poses a public health hazard as they argue that it was in imminent danger of falling over
1426,remote_dataset/fleurs_vi_en/train/vi/vi_01426.wav,remote_dataset/fleurs_vi_en/train/en/en_01426.wav,9.48,10.74,nuôi tuần lộc là sinh kế của người sami và văn hóa xung quanh việc buôn bán cũng quan trọng với nhiều người ở các ngành nghề khác,reindeer husbandry is an important livelihood among the sámi and the culture surrounding the trade is important also for many with other professions
1427,remote_dataset/fleurs_vi_en/train/vi/vi_01427.wav,remote_dataset/fleurs_vi_en/train/en/en_01427.wav,11.46,9.06,ngộ độc bên trong có thể không có biểu hiện rõ ràng ngay lập tức các triệu chứng như nôn thường không đủ để làm căn cứ chẩn đoán tức thì,internal poisoning may not be immediately apparent symptoms such as vomiting are sufficiently general that an immediate diagnosis cannot be made
1428,remote_dataset/fleurs_vi_en/train/vi/vi_01428.wav,remote_dataset/fleurs_vi_en/train/en/en_01428.wav,17.88,10.50,trượt tuyết đổ đèo là một môn thể thao đã thịnh hành ít nhất từ thế kỷ 17 và vào năm 1861 câu lạc bộ trượt tuyết giải trí đầu tiên đã được thành lập bởi những người na uy sống ở úc,downhill skiing as a sport goes back to at least the 17th century and in 1861 the first recreational ski club was opened by norwegians in australia
1429,remote_dataset/fleurs_vi_en/train/vi/vi_01429.wav,remote_dataset/fleurs_vi_en/train/en/en_01429.wav,15.66,12.78,tại sao hệ thống giao thông gây ra những khiếu nại tại sao họ gây sai sót thường xuyên phải chăng các kỹ sư công trình giao thông không đủ trình độ hay còn lý do nào cơ bản hơn nữa đang diễn ra,why do transportation systems engender such complaints why do they fail on a daily basis are transportation engineers just incompetent or is something more fundamental going on
1430,remote_dataset/fleurs_vi_en/train/vi/vi_01430.wav,remote_dataset/fleurs_vi_en/train/en/en_01430.wav,11.76,8.28,nhiều nhà cổ sinh vật học ngày nay tin rằng có một nhóm khủng long đã sống sót và còn tồn tại cho đến nay chúng ta gọi chúng là loài chim,many paleontologists today believe that one group of dinosaurs survived and is alive today we call them birds
1431,remote_dataset/fleurs_vi_en/train/vi/vi_01431.wav,remote_dataset/fleurs_vi_en/train/en/en_01431.wav,7.92,10.32,sự phát triển của công nghệ mới cho phép chúng ta quan sát và nghiên cứu những cấu trúc và quá trình não bộ mà trước đây ta chưa từng thấy,the rise of new technologies allows us to see and investigate brain structures and processes never seen before
1432,remote_dataset/fleurs_vi_en/train/vi/vi_01432.wav,remote_dataset/fleurs_vi_en/train/en/en_01432.wav,17.16,16.68,tại đây họ tìm thấm thi thể của saroja balasubramanian 53 tuổi được trùm bằng những chiếc mền dính máu,there they found the body of saroja balasubramanian 53 covered with blood-stained blankets
1433,remote_dataset/fleurs_vi_en/train/vi/vi_01433.wav,remote_dataset/fleurs_vi_en/train/en/en_01433.wav,8.70,10.80,ngày nay nhiều người sami làm việc trong các ngành nghề hiện đại ngành du lịch là nguồn thu nhập quan trọng ở sapmi khu vực của sami,today many sámi work in modern trades. tourism is an important income in sápmi the sámi area
1434,remote_dataset/fleurs_vi_en/train/vi/vi_01434.wav,remote_dataset/fleurs_vi_en/train/en/en_01434.wav,12.24,10.50,các báo cáo sau đó chỉ ra rằng chiếc máy bay đã nhận được một lời đe doạ đánh bom và phải chuyển hướng quay trở lại afghanistan rồi hạ cánh ở kandahar,later reports then stated the plane received a bomb threat and was diverted back to afghanistan landing in kandahar
1435,remote_dataset/fleurs_vi_en/train/vi/vi_01435.wav,remote_dataset/fleurs_vi_en/train/en/en_01435.wav,8.70,5.28,hầu hết các loài côn trùng có lợi thế là có thể gập cánh của chúng lại phía sau dọc theo cơ thể,most insects have the advantage of being able to fold their wings back along the body
1436,remote_dataset/fleurs_vi_en/train/vi/vi_01436.wav,remote_dataset/fleurs_vi_en/train/en/en_01436.wav,13.98,10.08,các sòng bạc thường cố gắng khiến khách bỏ ra nhiều thời gian và tiền bạc nhất tại những nơi này thường không có cửa sổ và đồng hồ lối ra cũng rất khó tìm,casinos typically make many efforts to maximize time and money spent by guests windows and clocks are usually absent and exits can be hard to find
1437,remote_dataset/fleurs_vi_en/train/vi/vi_01437.wav,remote_dataset/fleurs_vi_en/train/en/en_01437.wav,6.54,6.42,hành động này đôi khi dẫn đến rạn nứt quan hệ giữa lãnh đạo và những người khác trong đội nhóm,this behavior oftentimes results in rifts between the leaders and the rest of the team
1439,remote_dataset/fleurs_vi_en/train/vi/vi_01439.wav,remote_dataset/fleurs_vi_en/train/en/en_01439.wav,13.26,12.12,sứa hộp xuất hiện gần các bãi biển và gần các cửa sông từ tháng mười đến tháng tư về phía bắc khu 1770 thỉnh thoảng cũng có thể gặp chúng ngoài thời gian này,box jellyfish occur near beaches and near river estuaries from october to april north of 1770 they can occasionally be found outside these times
1440,remote_dataset/fleurs_vi_en/train/vi/vi_01440.wav,remote_dataset/fleurs_vi_en/train/en/en_01440.wav,6.54,6.72,sự đột biến bổ sung biến thể di truyền mới và sự chọn lọc loại bỏ nó khỏi nhóm biến thể biểu hiện,mutation adds new genetic variation and selection removes it from the pool of expressed variation
1441,remote_dataset/fleurs_vi_en/train/vi/vi_01441.wav,remote_dataset/fleurs_vi_en/train/en/en_01441.wav,7.62,5.82,có nhiều cách để lọc nước trong số đó có những cách rất hiệu quả để loại bỏ những nguy cơ cụ thể,there are different ways of purifying water some more effective against specific threats
1442,remote_dataset/fleurs_vi_en/train/vi/vi_01442.wav,remote_dataset/fleurs_vi_en/train/en/en_01442.wav,13.44,8.88,tiểu văn hóa có thể khác biệt vì tuổi tác dân tộc giai cấp vị trí và/hoặc giới tính của các thành viên,subcultures can be distinctive because of the age ethnicity class location and/or gender of the members
1443,remote_dataset/fleurs_vi_en/train/vi/vi_01443.wav,remote_dataset/fleurs_vi_en/train/en/en_01443.wav,9.48,11.64,hoạt động ngắm hoa anh đào nở gọi là hanami đã là một phần của văn hóa nhật bản từ thế kỷ thứ 8,cherry blossom viewing known as hanami has been a part of japanese culture since the 8th century
1444,remote_dataset/fleurs_vi_en/train/vi/vi_01444.wav,remote_dataset/fleurs_vi_en/train/en/en_01444.wav,10.56,7.98,trường hợp tử vong là nicholas alden 25 tuổi và zachary cuddeback 21 tuổi cuddeback là người lái,the fatalities were nicholas alden 25 and zachary cuddeback 21 cuddeback had been the driver
1446,remote_dataset/fleurs_vi_en/train/vi/vi_01446.wav,remote_dataset/fleurs_vi_en/train/en/en_01446.wav,12.36,13.02,đến ngày 17 tháng chín năm 1939 phòng tuyến của ba lan bị phá vỡ và hy vọng duy nhất là rút lui và tổ chức lại dọc theo đầu cầu romania,by september 17 1939 the polish defense was already broken and the only hope was to retreat and reorganise along the romanian bridgehead
1447,remote_dataset/fleurs_vi_en/train/vi/vi_01447.wav,remote_dataset/fleurs_vi_en/train/en/en_01447.wav,10.62,12.84,bác sĩ tony moll đã phát hiện ra bệnh lao siêu kháng thuốc xdr-tb tại khu vực kwazulu-natal nam phi,dr. tony moll discovered the extremely drug resistant tuberculosis xdr-tb in the south african region kwazulu-natal
1448,remote_dataset/fleurs_vi_en/train/vi/vi_01448.wav,remote_dataset/fleurs_vi_en/train/en/en_01448.wav,12.18,9.30,chính phủ cũng đã hứa sẽ cung cấp vài triệu liều vắc-xin viêm não để giúp các cơ quan y tế chuẩn bị sẵn sàng cho năm tới,several million vials of encephalitis vaccine have also been promised by the government which will help prepare health agencies for next year
1449,remote_dataset/fleurs_vi_en/train/vi/vi_01449.wav,remote_dataset/fleurs_vi_en/train/en/en_01449.wav,9.60,9.12,trường tồn theo thời gian động hira lưu giữ hình ảnh sinh động về xu hướng tâm linh mà thánh mohamed để lại,he cave itself which survived the times gives a very vivid image of muhammad's spiritual inclinations
1450,remote_dataset/fleurs_vi_en/train/vi/vi_01450.wav,remote_dataset/fleurs_vi_en/train/en/en_01450.wav,17.04,12.60,họ phát hiện ra rằng mặt trời hoạt động theo những nguyên tắc căn bản giống như các ngôi sao khác hoạt động của tất cả những ngôi sao trong hệ thống này được kết luận vận hành vì sự tự phát sáng tự quay quanh trục và không có gì khác,they found the sun operated on the same basic principles as other stars the activity of all stars in the system was found to be driven by their luminosity their rotation and nothing else
1451,remote_dataset/fleurs_vi_en/train/vi/vi_01451.wav,remote_dataset/fleurs_vi_en/train/en/en_01451.wav,9.24,7.62,trong khi đó hải quân đức cũng sử dụng tàu ngầm u-boat cố gắng ngăn chặn dòng vận chuyển này,at the same time the german navy using mainly u-boats was trying to stop this traffic
1452,remote_dataset/fleurs_vi_en/train/vi/vi_01452.wav,remote_dataset/fleurs_vi_en/train/en/en_01452.wav,15.60,12.24,một trong những giáo lý chính của cơ đốc giáo là sự giàu có nên được sử dụng để giảm bớt đau khổ và nghèo đói và các quỹ đóng góp cho nhà thờ tồn tại là vì mục đích đó,one of the main christian tenets is that wealth should be used to alleviate suffering and poverty and that the monetary funds of the church are there specifically for that reason
1453,remote_dataset/fleurs_vi_en/train/vi/vi_01453.wav,remote_dataset/fleurs_vi_en/train/en/en_01453.wav,19.62,16.62,tốc độ giới hạn được quy định tại khu vực này thấp hơn đáng kể so với các phần đường trước và sau đó - tốc độ phổ biến rơi vào khoảng 35-40 dặm/h 56-64 km/h - và việc tuân thủ nghiêm ngặt những quy định này là vô cùng quan trọng,posted speed limits are noticeably lower than in previous and subsequent sections — commonly 35-40 mph 56-64 km/h — and strict obedience to them is even more important than otherwise
1454,remote_dataset/fleurs_vi_en/train/vi/vi_01454.wav,remote_dataset/fleurs_vi_en/train/en/en_01454.wav,8.22,7.92,trang web của đài mô tả chương trình này là kịch truyền thanh phong cách cổ điển mang nét mới táo bạo và độc đáo,the station's web site describes the show as old school radio theater with a new and outrageous geeky spin
1455,remote_dataset/fleurs_vi_en/train/vi/vi_01455.wav,remote_dataset/fleurs_vi_en/train/en/en_01455.wav,7.38,7.50,những đặc tính riêng biệt của internet dẫn đến nhiều khía cạnh mới về cách sử dụng và cách tiếp cận sự hài lòng,the distinct characteristics of the internet lead to additional dimensions in terms of the uses and gratifications approach
1456,remote_dataset/fleurs_vi_en/train/vi/vi_01456.wav,remote_dataset/fleurs_vi_en/train/en/en_01456.wav,24.90,19.26,khi một nhóm nhỏ các sinh vật sống số lượng nhỏ tách khỏi quần thể chính chẳng hạn như khi chúng di chuyển qua một dãy núi hay một dòng sông hoặc đến một hòn đảo thật xa nơi xuất phát để chúng khó lòng quay trở lại nhóm sinh vật này thường sẽ nhận thức được việc mình đang ở một môi trường khác so với trước đây,when a small group of living things a small population gets separated from the main population that they came from like if they move over a mountain range or a river or if they move to a new island so that they can't easily move back they will often find themselves in a different environment than they were in before
1457,remote_dataset/fleurs_vi_en/train/vi/vi_01457.wav,remote_dataset/fleurs_vi_en/train/en/en_01457.wav,16.50,9.54,các trận đấu bắt đầu lúc 10 giờ sáng trong điều kiện thời tiết lý tưởng nếu không tính cơn mưa phùn nhỏ bất chợt xuất hiện vào giữa buổi sáng và qua đi nhanh chóng thì đó là một ngày tuyệt vời đối với giải bóng bầu dục bảy người,the games kicked off at 10:00am with great weather and apart from mid morning drizzle which quickly cleared up it was a perfect day for 7's rugby
1458,remote_dataset/fleurs_vi_en/train/vi/vi_01458.wav,remote_dataset/fleurs_vi_en/train/en/en_01458.wav,9.60,6.30,cần một quả tên lửa khổng lồ cao trên 100 foot để đưa vệ tinh hoặc kính viễn vọng lên không gian,it takes a giant rocket over a 100 feet high to put a satellite or telescope in space
1459,remote_dataset/fleurs_vi_en/train/vi/vi_01459.wav,remote_dataset/fleurs_vi_en/train/en/en_01459.wav,10.08,8.76,bánh ngọt trái cây rất phổ biến ở đây trong đó táo được sử dụng để làm bánh quanh năm còn cherry và mận cũng được sử dụng vào mùa hè,fruit pastries are common with apples cooked into pastries year round and cherries and plums making their appearances during the summer
1460,remote_dataset/fleurs_vi_en/train/vi/vi_01460.wav,remote_dataset/fleurs_vi_en/train/en/en_01460.wav,10.38,7.68,trong một cuộc phỏng vấn ông ấy nói rằng biến thể mới có mức độ đáng lo ngại và đáng báo động rất cao do có tỷ lệ gây thương vong rất cao,in an interview he said the new variant was very highly troubling and alarming because of the very high fatality rate
1461,remote_dataset/fleurs_vi_en/train/vi/vi_01461.wav,remote_dataset/fleurs_vi_en/train/en/en_01461.wav,5.94,4.68,đường xe ngựa được xây dựng ở anh vào đầu thế kỷ 16,wagonways were built in england as early as the 16th century
1462,remote_dataset/fleurs_vi_en/train/vi/vi_01462.wav,remote_dataset/fleurs_vi_en/train/en/en_01462.wav,7.92,6.30,cảnh báo du lịch chỉ là những bản tóm tắt ngắn gọn về tình hình chính trị tại một quốc gia,advisories are merely a brief summary of the political situation in one country
1463,remote_dataset/fleurs_vi_en/train/vi/vi_01463.wav,remote_dataset/fleurs_vi_en/train/en/en_01463.wav,13.14,21.36,số nhị phân chỉ có thể mang một trong hai giá trị 0 hoặc 1 và những con số này được gọi là dãy số nhị phân hay bit sử dụng trong ngôn ngữ điện toán,a binary number can have only one of two values i.e. 0 or 1 and these numbers are referred to as binary digits or bits to use computer jargon
1464,remote_dataset/fleurs_vi_en/train/vi/vi_01464.wav,remote_dataset/fleurs_vi_en/train/en/en_01464.wav,15.90,10.38,đó là một trong những điểm dừng chân chính trong chương trình truyền hình đặc biệt wonders of the african world của henry louis gates trên đài pbs,it was one of the major stops during henry louis gates' pbs special wonders of the african world
1465,remote_dataset/fleurs_vi_en/train/vi/vi_01465.wav,remote_dataset/fleurs_vi_en/train/en/en_01465.wav,10.08,9.84,điều này có nghĩa là bạn có thể ghé thăm thành phố lịch sử cả ngày trong vài hôm và quay lại ngủ trên tàu vào ban đêm,this means you can visit the historic city for a couple of full days while returning and sleeping on the ship at night
1466,remote_dataset/fleurs_vi_en/train/vi/vi_01466.wav,remote_dataset/fleurs_vi_en/train/en/en_01466.wav,10.14,7.56,trong thập niên 1980 ông ấy làm việc ở các chương trình truyền hình như taxi cheers và the tracy ullman show,during the 1980s he worked on shows such as taxi cheers and the tracy ullman show
1467,remote_dataset/fleurs_vi_en/train/vi/vi_01467.wav,remote_dataset/fleurs_vi_en/train/en/en_01467.wav,8.40,8.82,năm 1884 tesla đến hoa kỳ để nhận việc ở công ty edison trong thành phố new york,in 1884 tesla moved to the united states of america to accept a job with the edison company in new york city
1468,remote_dataset/fleurs_vi_en/train/vi/vi_01468.wav,remote_dataset/fleurs_vi_en/train/en/en_01468.wav,11.94,10.08,cô ấy hiện bị tạm giữ chờ cáo trạng và xét xử nhưng mọi bằng chứng của chứng nhân có thể bị hủy vì hình ảnh của cô ấy đã được công bố rộng rãi,she is in custody pending indictment and trial but any eyewitness evidence may be tainted because her image has been widely published
1469,remote_dataset/fleurs_vi_en/train/vi/vi_01469.wav,remote_dataset/fleurs_vi_en/train/en/en_01469.wav,8.58,6.24,gosling và stone nhận được đề cử lần lượt cho giải diễn viên nam và diễn viên nữ xuất sắc nhất,gosling and stone received nominations for best actor and actress respectively
1470,remote_dataset/fleurs_vi_en/train/vi/vi_01470.wav,remote_dataset/fleurs_vi_en/train/en/en_01470.wav,13.86,13.02,một trong những thí dụ đáng chú ý nhất gần đây là chiến dịch bắc đại tây dương trong thế chiến ii hoa kỳ đã cố gắng chở tiếp vận và quân lương dọc theo đại tây dương đến giúp nước anh,one of the most noteworthy recent examples of this was the north atlantic campaign of wwii the americans were trying to move men and materials across the atlantic ocean to help britain
1471,remote_dataset/fleurs_vi_en/train/vi/vi_01471.wav,remote_dataset/fleurs_vi_en/train/en/en_01471.wav,12.12,12.54,ninth ward nơi từng chứng kiến nước lũ dâng cao đến 20 feet trong cơn bão katrina hiện đang có mức nước cao đến thắt lưng khi nước tràn qua con đê gần đó,the ninth ward which saw flooding as high as 20 feet during hurricane katrina is currently in waist-high water as the nearby levee was overtopped
1472,remote_dataset/fleurs_vi_en/train/vi/vi_01472.wav,remote_dataset/fleurs_vi_en/train/en/en_01472.wav,15.00,14.46,thật may mắn các tài xế có xu hướng hành xử trong phạm vi phù hợp vì thế các dòng giao thông có xu hướng nhất quán một cách hợp lý và có thể đại khái biểu đạt về mặt toán học,fortunately drivers tend to behave within a reasonably consistent range thus traffic streams tend to have some reasonable consistency and can be roughly represented mathematically
1473,remote_dataset/fleurs_vi_en/train/vi/vi_01473.wav,remote_dataset/fleurs_vi_en/train/en/en_01473.wav,6.42,4.14,tất cả mọi người đều chạy ra từ phía xảy ra tai nạn,they all ran back from where the accident had happened
1474,remote_dataset/fleurs_vi_en/train/vi/vi_01474.wav,remote_dataset/fleurs_vi_en/train/en/en_01474.wav,16.38,20.40,theo lời mick o'flynn quyền giám đốc cơ quan bảo tồn công viên và di sản của npws bốn xạ thủ được chọn cho lần bắn đầu tiên đã được huấn luyện và hướng dẫn toàn diện về các nguyên tắc an toàn,according to mick o'flynn the acting director park conservation and heritage with the npws the four shooters selected for the first shooting operation received comprehensive safety and training instruction
1475,remote_dataset/fleurs_vi_en/train/vi/vi_01475.wav,remote_dataset/fleurs_vi_en/train/en/en_01475.wav,14.64,12.00,những ngọn núi của bán đảo hợp nhất thành cao nguyên sau đó lại trồi lên để tạo thành dãy núi ellsworth dài 360 km cắt ngang bởi sông băng minnesota,the mountains of the peninsula here merge into the plateau then re-emerge to form the 360 km chain of the ellsworth mountains bisected by the minnesota glacier
1476,remote_dataset/fleurs_vi_en/train/vi/vi_01476.wav,remote_dataset/fleurs_vi_en/train/en/en_01476.wav,11.10,11.28,việc này phù hợp với na uy thụy điển và new zealand nhưng cũng khá độc đáo thí dụ: ở hà lan con số này là một phần bốn mươi,this is matched by norway sweden and new zealand but otherwise quite unique e.g. in the netherlands the figure is one to forty
1477,remote_dataset/fleurs_vi_en/train/vi/vi_01477.wav,remote_dataset/fleurs_vi_en/train/en/en_01477.wav,11.88,13.92,rõ ràng thế giới đã thay đổi quá nhiều nhờ những thành tựu trong khoa học và công nghệ của con người và các vấn đề cũng trở nên trầm trọng hơn do gia tăng dân số quá mức cùng với lối sống vô độ của con người,it is obvious enough that the world has changed much because of humankind's scientific and technological advancements and problems have become greater because of overpopulation and mankind's extravagant lifestyle
1478,remote_dataset/fleurs_vi_en/train/vi/vi_01478.wav,remote_dataset/fleurs_vi_en/train/en/en_01478.wav,11.04,9.00,nó vẫn được sản xuất cho đến nay nhưng quan trọng hơn là tỉ lệ khung hình được thừa kế từ định dạng cảm biến hình ảnh của máy ảnh kĩ thuật số,it is still produced today but more importantly its aspect ratio has been inherited by digital camera image sensor formats
1479,remote_dataset/fleurs_vi_en/train/vi/vi_01479.wav,remote_dataset/fleurs_vi_en/train/en/en_01479.wav,7.62,6.24,vàng có thể được gia công thành đủ mọi hình dạng nó có thể được chế tác thành những vật thể có kích thước rất nhỏ,gold may be worked into all sorts of shapes it can be rolled into tiny shapes
1480,remote_dataset/fleurs_vi_en/train/vi/vi_01480.wav,remote_dataset/fleurs_vi_en/train/en/en_01480.wav,11.64,6.48,nhóm nghiên cứu iraq đã trình báo cáo của nhóm vào lúc 12 giờ giờ gmt hôm nay,the iraq study group presented its report at 12.00 gmt today
1481,remote_dataset/fleurs_vi_en/train/vi/vi_01481.wav,remote_dataset/fleurs_vi_en/train/en/en_01481.wav,13.68,11.40,hành trình đi bộ safari cũng gọi là  đi bộ trong rừng giải trí”  leo núi thám hiểm” hay đi  phượt” bao gồm đi bộ leo núi trong vài giờ hoặc vài ngày,a walking safari also called a bush walk hiking safari or going footing consists of hiking either for a few hours or several days
1482,remote_dataset/fleurs_vi_en/train/vi/vi_01482.wav,remote_dataset/fleurs_vi_en/train/en/en_01482.wav,12.42,11.10,dustin goldust runnels bình luận rằng luna cũng đáng sợ chẳng kém gì tôi...có thể còn hơn...tôi yêu nàng và sẽ nhớ nàng...hy vọng rằng nàng đang ở một nơi tốt đẹp hơn.,dustin goldust runnels commented that luna was as freaky as me...maybe even more...love her and will miss her...hopefully she's in a better place.
1483,remote_dataset/fleurs_vi_en/train/vi/vi_01483.wav,remote_dataset/fleurs_vi_en/train/en/en_01483.wav,8.28,9.36,hiệu ứng mà đội đang tìm kiếm sẽ tạo ra bởi lực hút thủy triều giữa vật chất đen của thiên hà và vật chất đen của dải ngân hà,the effect the team was looking for would be caused by tidal forces between the galaxy's dark matter and the milky way's dark matter
1484,remote_dataset/fleurs_vi_en/train/vi/vi_01484.wav,remote_dataset/fleurs_vi_en/train/en/en_01484.wav,10.74,10.62,cuối cùng sau hàng nghìn hay thậm chí là hàng triệu năm hai quần thể sẽ trông khác biệt đến mức không thể gọi là cùng loài,eventually after thousands or even millions of years the two populations will look so different that they can't be called the same species
1485,remote_dataset/fleurs_vi_en/train/vi/vi_01485.wav,remote_dataset/fleurs_vi_en/train/en/en_01485.wav,11.76,11.34,dù đã rời chương trình năm 1993 anh ấy vẫn giữ danh hiệu giám đốc sản xuất và tiếp tục nhận hàng chục triệu đô la tiền bản quyền cho mỗi mùa,despite leaving the show in 1993 he kept the title of executive producer and continued to receive tens of millions of dollars every season in royalties
1486,remote_dataset/fleurs_vi_en/train/vi/vi_01486.wav,remote_dataset/fleurs_vi_en/train/en/en_01486.wav,6.96,4.38,từng có tin đồn ông sẽ tranh cử tổng thống vào năm 2016,he is speculated to make a run for president in 2016
1487,remote_dataset/fleurs_vi_en/train/vi/vi_01487.wav,remote_dataset/fleurs_vi_en/train/en/en_01487.wav,9.00,5.76,đầu tuần này một vụ va chạm của máy bay cảnh sát đã làm thiệt mạng ba người và ba người khác bị thương,earlier this week a police helicopter crash killed three people and wounded three more
1488,remote_dataset/fleurs_vi_en/train/vi/vi_01488.wav,remote_dataset/fleurs_vi_en/train/en/en_01488.wav,9.36,10.92,edgar veguilla bị thương ở cánh tay và hàm trong khi kristoffer schneider bị bỏ lại cần giải phẫu tái tạo khuôn mặt,edgar veguilla received arm and jaw wounds while kristoffer schneider was left requiring reconstructive surgery for his face
1489,remote_dataset/fleurs_vi_en/train/vi/vi_01489.wav,remote_dataset/fleurs_vi_en/train/en/en_01489.wav,13.14,6.60,fluke đã viết rằng nỗ lực bởi một số người khi cố kìm hãm phụ nữ trong việc phát biểu về sức khỏe phụ nữ là không thành công,fluke wrote that the efforts by some to drown out women from speaking out about women's health were unsuccessful
1490,remote_dataset/fleurs_vi_en/train/vi/vi_01490.wav,remote_dataset/fleurs_vi_en/train/en/en_01490.wav,8.82,6.42,chương trình ban đầu có sự tham gia của các diễn viên lồng tiếng nghiệp dư là cư dân miền đông texas,the show originally featured amateur voice actors local to east texas
1491,remote_dataset/fleurs_vi_en/train/vi/vi_01491.wav,remote_dataset/fleurs_vi_en/train/en/en_01491.wav,6.54,6.72,potro được điều trị vai ở thời điểm này nhưng đã có thể trở lại trận đấu,potro received treatment to his shoulder at this point but managed to return to the game
1492,remote_dataset/fleurs_vi_en/train/vi/vi_01492.wav,remote_dataset/fleurs_vi_en/train/en/en_01492.wav,6.72,6.72,luật bầu cử pháp khá nghiêm ngặt trong việc hệ thống hóa quy trình tố tụng,french electoral law rather strictly codifies the proceedings
1493,remote_dataset/fleurs_vi_en/train/vi/vi_01493.wav,remote_dataset/fleurs_vi_en/train/en/en_01493.wav,17.52,16.86,điều này giống như bốn trạng thái của vật chất theo cùng thứ tự: rắn lỏng khí và plasma mặc dù ông đưa ra giả thuyết rằng chúng chuyển thành chất mới để hình thành những gì chúng ta nhìn thấy,this was more like the four states of matter in the same order: solid liquid gas and plasma though he also theorised that they change into new substances to form what we see
1494,remote_dataset/fleurs_vi_en/train/vi/vi_01494.wav,remote_dataset/fleurs_vi_en/train/en/en_01494.wav,10.20,9.60,người chuyển giới trước phẫu thuật không nên nghĩ sẽ có thể đi qua các máy quét mà không ảnh hưởng đến quyền riêng tư và lòng tự trọng của mình,pre-operative transgender people should not expect to pass through the scanners with their privacy and dignity intact
1495,remote_dataset/fleurs_vi_en/train/vi/vi_01495.wav,remote_dataset/fleurs_vi_en/train/en/en_01495.wav,11.52,12.90,khu vực khác bao gồm đảo livingston và deception nơi hõm chảo ngập nước của núi lửa đang hoạt động tạo nên một bến cảng tự nhiên kỳ vĩ,others include livingston island and deception where the flooded caldera of a still-active volcano provides a spectacular natural harbour
1496,remote_dataset/fleurs_vi_en/train/vi/vi_01496.wav,remote_dataset/fleurs_vi_en/train/en/en_01496.wav,6.48,6.18,thông thường bạn sẽ phải nộp một khoản học phí để ghi danh vào các chương trình giáo dục này,typically there will be a tuition fee to enroll in these educational programs
1497,remote_dataset/fleurs_vi_en/train/vi/vi_01497.wav,remote_dataset/fleurs_vi_en/train/en/en_01497.wav,11.70,9.66,nhìn chung đồng bảng anh sẽ được chấp nhận ở bất cứ nơi nào trong quần đảo và trong phạm vi stanley các loại thẻ tín dụng và đồng đô-la mỹ cũng thường được chấp nhận,british pounds will generally be accepted anywhere in the islands and within stanley credit cards and united states dollars are also often accepted
1498,remote_dataset/fleurs_vi_en/train/vi/vi_01498.wav,remote_dataset/fleurs_vi_en/train/en/en_01498.wav,10.02,8.88,có nhiều chuyến tham quan đến rạn san hô này quanh năm và việc bị thương vì nguyên nhân từ rạn san hô này là hiếm có,many trips to the reef are made all year around and injuries due to any of these causes on the reef are rare
1499,remote_dataset/fleurs_vi_en/train/vi/vi_01499.wav,remote_dataset/fleurs_vi_en/train/en/en_01499.wav,15.84,15.12,thủ tướng tạm quyền julia gillard trong chương trình bầu cử liên bang năm 2010 nói bà tin rằng úc nên trở thành một nước cộng hòa khi triều đại của nữ hoàng elizabeth đệ nhị kết thúc,caretaker prime minister julia gillard claimed during the campaign of the 2010 federal election that she believed australia should become a republic at the end of queen elizabeth ii's reign
1500,remote_dataset/fleurs_vi_en/train/vi/vi_01500.wav,remote_dataset/fleurs_vi_en/train/en/en_01500.wav,8.10,9.54,đồng hồ sinh học là bộ dao động tự duy trì và sẽ tiếp tục thời gian chu kỳ chạy tự do ngay cả khi không có tác động từ bên ngoài,biological clocks are self sustaining oscillators which will continue a period of free-running cycling even in the absence of external cues
1501,remote_dataset/fleurs_vi_en/train/vi/vi_01501.wav,remote_dataset/fleurs_vi_en/train/en/en_01501.wav,9.36,5.66,đáp lại thông báo bộ này đã gọi sự việc tạm hoãn báo cáo của apple là một sự việc vô cùng đáng tiếc,the ministry responded by calling apple's postponement of the report truly regrettable
1502,remote_dataset/fleurs_vi_en/train/vi/vi_01502.wav,remote_dataset/fleurs_vi_en/train/en/en_01502.wav,13.08,16.14,mặc dù những quần đảo ven biển và những hồ lớn nhất đủ rộng cho du thuyền nhưng những chiếc thuyền nhỏ thậm chí là thuyền kayak lại mang đến một trải nghiệm khác biệt,although the coastal archipelagos and the biggest lakes are indeed big enough for any yacht smaller boats or even a kayak offer a different experience
1503,remote_dataset/fleurs_vi_en/train/vi/vi_01503.wav,remote_dataset/fleurs_vi_en/train/en/en_01503.wav,9.96,9.72,trong lịch sử hầu hết nông dân đều làm theo hình thức nông nghiệp tự cung tự cấp điều này vẫn đang diễn ra ở nhiều nước đang phát triển,historically most farmers were engaged in subsistence agriculture and this is still the case in many developing nations
1504,remote_dataset/fleurs_vi_en/train/vi/vi_01504.wav,remote_dataset/fleurs_vi_en/train/en/en_01504.wav,20.22,11.78,quốc hội không có bất cứ quyền lực nào để áp đặt thuế và vì không có cơ quan hành pháp hay tư pháp quốc gia nên họ phải dựa vào cơ quan thẩm quyền của các tiểu bang vốn thường không chịu hợp tác để thực thi mọi quyết định,congress lacked any power to impose taxes and because there was no national executive or judiciary it relied on state authorities who were often uncooperative to enforce all its acts
1505,remote_dataset/fleurs_vi_en/train/vi/vi_01505.wav,remote_dataset/fleurs_vi_en/train/en/en_01505.wav,8.88,9.84,việc lục soát tại các điểm kiểm tra an ninh cũng đã trở nên nghiêm ngặt hơn rất nhiều trong giai đoạn sau sự kiện ngày 11 tháng chín năm 2001,searches at security checkpoints have also become far more intrusive in the post-september 11 2001 era
1506,remote_dataset/fleurs_vi_en/train/vi/vi_01506.wav,remote_dataset/fleurs_vi_en/train/en/en_01506.wav,9.66,10.08,người dễ dàng hòa nhập vào văn hóa mới đôi khi sẽ thấy có chút khó khăn khi tái hòa nhập với văn hóa bản địa của mình,travellers who had an easy time adjusting to the new culture sometimes have a particularly hard time readjusting to their native culture
1507,remote_dataset/fleurs_vi_en/train/vi/vi_01507.wav,remote_dataset/fleurs_vi_en/train/en/en_01507.wav,6.84,6.54,du khách có thể gặp phải những động vật gây hại mà họ chưa từng thấy ở quê nhà của mình,travellers may encounter animal pests that they are not familiar with in their home regions
1508,remote_dataset/fleurs_vi_en/train/vi/vi_01508.wav,remote_dataset/fleurs_vi_en/train/en/en_01508.wav,9.54,7.68,cô bé rất dễ thương và cũng hát khá hay ông ta nói theo bản ghi lại từ một buổi họp báo,she's very cute and sings quite well too he said according to a transcript of the news conference
1509,remote_dataset/fleurs_vi_en/train/vi/vi_01509.wav,remote_dataset/fleurs_vi_en/train/en/en_01509.wav,8.16,10.68,số khác được cho là được động vật nuôi nấng một số được cho là phải tự sống một mình trong môi trường hoang dã,others are alleged to have been brought up by animals some are said to have lived in the wild on their own
