sample,batch_size,audio_file,duration_s,transcript_vi,reference_en,model_output_sha256,scalar_baseline_sha256,acoustic_failures
vivos:train:VIVOSSPK02_R143,1,/Volumes/data/datasets/hibiki_vi_v2/tts/vivos_qwen3_tts_mlx_batch_v1_benchmark_2026-08-04/batch_size_1/batches/b01_VIVOSSPK02_000_6110d2021eb3/wavs/vivos_train_VIVOSSPK02_R143.wav,0.96,RỒI SAU ĐÓ,And then,e9b86bdb6186e9c5c0107407dd4c0c9945cd4f05cacdc0825f2445a6aa1591e6,acd26caf999b7cb033b66744fb94cb29e7ebbbcfcf0553ae70b45931980006cd,
vivos:train:VIVOSSPK02_R100,1,/Volumes/data/datasets/hibiki_vi_v2/tts/vivos_qwen3_tts_mlx_batch_v1_benchmark_2026-08-04/batch_size_1/batches/b01_VIVOSSPK02_001_ebc2697ce4af/wavs/vivos_train_VIVOSSPK02_R100.wav,1.84,NGƯỜI TA GIỚI THIỆU VỚI TÔI,I was introduced to,684a6e6eff98b99f400478cbdd721f3bda04353fa3d9b2a620f6a6487a7ce189,f8c3ff1655c130c4397092981d277f46535a0dfea5ed8a23025b9594a76431f8,
vivos:train:VIVOSSPK02_R060,1,/Volumes/data/datasets/hibiki_vi_v2/tts/vivos_qwen3_tts_mlx_batch_v1_benchmark_2026-08-04/batch_size_1/batches/b01_VIVOSSPK02_002_9eb4f187360a/wavs/vivos_train_VIVOSSPK02_R060.wav,2.8,PHƯƠNG THỨC ĐỂ THỰC HIỆN ĐƯỢC ĐIỀU ĐÓ,METHODS TO ACHIEVE THAT,96288e9c31f16a88845ebddf79f5f79b1c60534a1a3c5ffb70949a23c010fd53,d5356c7c27f3fb83b8c527bf2d236ee7012633bb18c8f5587926bd12897d28a1,
vivos:train:VIVOSSPK02_R193,1,/Volumes/data/datasets/hibiki_vi_v2/tts/vivos_qwen3_tts_mlx_batch_v1_benchmark_2026-08-04/batch_size_1/batches/b01_VIVOSSPK02_003_5f407ea1e315/wavs/vivos_train_VIVOSSPK02_R193.wav,1.76,CẦU MONG CHO DUYÊN LÀNH,MAY GOOD FORTUNE BLESS US,47e5abb8de847594c4ce8b94f44b759f03421147d3182dc154d62d82d6ffccc2,7b4b649196d0f104d6cf7d2480352f7970c7cebf4cc4436845a1ec3be823c542,
vivos:train:VIVOSSPK02_R103,1,/Volumes/data/datasets/hibiki_vi_v2/tts/vivos_qwen3_tts_mlx_batch_v1_benchmark_2026-08-04/batch_size_1/batches/b01_VIVOSSPK02_004_64ea5439524f/wavs/vivos_train_VIVOSSPK02_R103.wav,2.880042,ĐÔI MẮT XẾCH CỦA HẮN MỞ HẾT CỠ,His slanted eyes opened wide.,c3c1a4f41f9c9ea6613f0d52c1bd67b207dd213b51fe33bf606b26455b61c961,a1347a29e60fd66e63fa814232cdb457515e86cede9349c5c0bbc7d5b9a71f25,
vivos:train:VIVOSSPK02_T024,1,/Volumes/data/datasets/hibiki_vi_v2/tts/vivos_qwen3_tts_mlx_batch_v1_benchmark_2026-08-04/batch_size_1/batches/b01_VIVOSSPK02_005_d5610c680211/wavs/vivos_train_VIVOSSPK02_T024.wav,1.68,EM KHÔNG MUỐN GẶP ANH NỮA,I don't want to see you anymore.,c168afa0f65adbda58466fd44b36a2ebfc42eb1150a22e1f9254c463f901f609,1ee50ec4586dd1d3832d05405f82d66f0d47d7e1d805f0469d30a227c047c760,
vivos:train:VIVOSSPK02_R079,1,/Volumes/data/datasets/hibiki_vi_v2/tts/vivos_qwen3_tts_mlx_batch_v1_benchmark_2026-08-04/batch_size_1/batches/b01_VIVOSSPK02_006_82c4a6cf0a47/wavs/vivos_train_VIVOSSPK02_R079.wav,2.880042,CHỈ CHE BẰNG CHIẾC LÔNG ĐÀ ĐIỂU,COVERED ONLY BY AN OSTRICH FEATHER,cf11a318c69683c846b5808bc1e424a1f45751e68a5e9c3fb087d2d0cc78abb6,86b83385e7bd33bdcf49acf10a99322184a2281efc64452add8d3caa10570d4e,
vivos:train:VIVOSSPK02_R082,1,/Volumes/data/datasets/hibiki_vi_v2/tts/vivos_qwen3_tts_mlx_batch_v1_benchmark_2026-08-04/batch_size_1/batches/b01_VIVOSSPK02_007_92b0be6fa326/wavs/vivos_train_VIVOSSPK02_R082.wav,2.640042,THƯỜNG VANG LÊN QUA CÁC LOA PHÓNG THANH,Often blaring through the loudspeakers,fe3c7e2da8ed5c02d7213a5d626e2c980a2941bb7c3355c1a95f6f79a433b108,976c565c5ab2c9715d875b9cbf606b4be8eb36bc5a5e118f644871a9f9eb85eb,
vivos:train:VIVOSSPK02_T044,1,/Volumes/data/datasets/hibiki_vi_v2/tts/vivos_qwen3_tts_mlx_batch_v1_benchmark_2026-08-04/batch_size_1/batches/b01_VIVOSSPK02_008_b82b8f815b30/wavs/vivos_train_VIVOSSPK02_T044.wav,2.56,NHÀ THIẾT KẾ THỜI TRANG VỪA GẶP TAI NẠN,THE FASHION DESIGNER JUST HAD AN ACCIDENT,7f1d9de9c48f59b7de01fb48861ada2a4447ef947c950a2e36d00f62b5fb3c56,9ee13eda10052463af5d78b8ae868a80e84da8c66eb2085cf92a99e16d673aa4,
vivos:train:VIVOSSPK02_R132,1,/Volumes/data/datasets/hibiki_vi_v2/tts/vivos_qwen3_tts_mlx_batch_v1_benchmark_2026-08-04/batch_size_1/batches/b01_VIVOSSPK02_009_f4bbfa3b9ec3/wavs/vivos_train_VIVOSSPK02_R132.wav,3.12,LÀ CÁNH CỬA BẰNG TÔN ĐÓNG IM ỈM,It was the corrugated iron door tightly shut.,4bd00301fa1157dc867188bacd0df804de650f3f8767d100d194b2e9e49a807e,c72d18683a448f2fc81a848595f5a3c3e7daa2427db7791b6f24aa132ffaa569,
vivos:train:VIVOSSPK02_R194,1,/Volumes/data/datasets/hibiki_vi_v2/tts/vivos_qwen3_tts_mlx_batch_v1_benchmark_2026-08-04/batch_size_1/batches/b01_VIVOSSPK02_010_9428a17c56a4/wavs/vivos_train_VIVOSSPK02_R194.wav,3.12,ĐIỂM ĐẦU TIÊN CHÚNG TÔI ĐẾN LÀ CÁNH ĐỒNG CHUM,The first place we visited was the Plain of Jars.,69ce758f426620ccc98945e1e87868519bd9645237cc777818b70387080910fe,6e770bebfe6d201194bbb9fb9be5b193192924d7732e74ed1d613016c7864e0e,
vivos:train:VIVOSSPK02_R010,1,/Volumes/data/datasets/hibiki_vi_v2/tts/vivos_qwen3_tts_mlx_batch_v1_benchmark_2026-08-04/batch_size_1/batches/b01_VIVOSSPK02_011_74a33bce582a/wavs/vivos_train_VIVOSSPK02_R010.wav,3.84,CŨNG CÓ NHIỀU RỦI RO BỊ BỆNH NÀY LUÔN,There is also a high risk of getting this disease too.,8822b483e8970da85cb28ee2a747f5520d2bdf2b190e228f43dcc556b19d2aa9,ac19676c50f61ae2bb370824be26133f671ada674ba358128aea0e7e4bd710db,
vivos:train:VIVOSSPK02_R119,1,/Volumes/data/datasets/hibiki_vi_v2/tts/vivos_qwen3_tts_mlx_batch_v1_benchmark_2026-08-04/batch_size_1/batches/b01_VIVOSSPK02_012_ad4202f1aeb3/wavs/vivos_train_VIVOSSPK02_R119.wav,4.4,SAU KHI ĐI GIẦY DA NHỌN MŨI MÕM NGÓE QUÁ CHẬT,AFTER WEARING POINTED-TOE LEATHER SHOES THAT WERE TOO TIGHT,a028c64154514379025929494a2531dd783cb135777cd428a40ca0ff9fbdf31c,42ecc67cb6a0d8fe8bd7d3ddf954f24c78f618b71b647fb167cf340f745cb51f,
vivos:train:VIVOSSPK02_R107,1,/Volumes/data/datasets/hibiki_vi_v2/tts/vivos_qwen3_tts_mlx_batch_v1_benchmark_2026-08-04/batch_size_1/batches/b01_VIVOSSPK02_013_aa1d2975721e/wavs/vivos_train_VIVOSSPK02_R107.wav,4.56,NGÓN ĐỜN CỦA ÔNG TRẦM BỔNG LUYẾN LÁY,Mr. Tram Bong's playing style is full of melismatic flourishes.,b1acdb725bc70ce16f5e31d69af38416d3aa8d4e888d0561c78f261bd310e78e,407f04a6977eee33efea8093b22b3fc0dc62ab589e8cbb22f636538cd8c5b5e5,
vivos:train:VIVOSSPK02_R038,1,/Volumes/data/datasets/hibiki_vi_v2/tts/vivos_qwen3_tts_mlx_batch_v1_benchmark_2026-08-04/batch_size_1/batches/b01_VIVOSSPK02_014_c058c9492fc8/wavs/vivos_train_VIVOSSPK02_R038.wav,5.36,KHIẾN CHIẾC GHE BỊ TRÚNG NHIỀU MẢNH ĐẠN VÀ ANH BỊ THƯƠNG,Causing the boat to be hit by multiple shrapnel fragments and injuring him,f4628d97e91320c3c8df52a425465cd9cbb6bc217f2eba2e07db90bd115141dd,d732674fbea2e8ef3f3dd77cfa39b9f6775124cf6ae38c4088bca5130c08551c,
vivos:train:VIVOSSPK02_R136,1,/Volumes/data/datasets/hibiki_vi_v2/tts/vivos_qwen3_tts_mlx_batch_v1_benchmark_2026-08-04/batch_size_1/batches/b01_VIVOSSPK02_015_4353e1d4f34f/wavs/vivos_train_VIVOSSPK02_R136.wav,6.48,THẰNG KIA NÍCH ĐỒ VÀO NHẢY PHÓT LÊN NGỰA VỌT ĐI BIỆT,"That guy stuffed his things into the bag, leaped onto his horse, and sped away without a trace.",a4b23caff540118438963094f84881977b97d207e07815ad3ad1f59104ea5fad,5206b3a2ba0752ff222d7bb4d7998503bef7e6d085d712d7286564069f1e81a0,
vivos:train:VIVOSSPK03_R114,1,/Volumes/data/datasets/hibiki_vi_v2/tts/vivos_qwen3_tts_mlx_batch_v1_benchmark_2026-08-04/batch_size_1/batches/b01_VIVOSSPK03_000_bf91c7bda4f0/wavs/vivos_train_VIVOSSPK03_R114.wav,1.44,BỞI LẼ,BECAUSE,38c2c8fd97c59f67a2987663cd3c148ec0422f4fc7c181fb1dd5d9a50d239bc2,426aaacc3b811a9be90f82add851c680a1c48616f6c4da6779081bf00744f367,
vivos:train:VIVOSSPK03_R160,1,/Volumes/data/datasets/hibiki_vi_v2/tts/vivos_qwen3_tts_mlx_batch_v1_benchmark_2026-08-04/batch_size_1/batches/b01_VIVOSSPK03_001_5e1f03be971e/wavs/vivos_train_VIVOSSPK03_R160.wav,1.44,VÀ LẬP KẾ HOẠCH CÓ NGHĨA LÀ,AND PLANNING MEANS,72ee96948b543cbd181ae3c2d230e60fb324b57dd70a99a7db11d33e154e9055,48852110853a8d9016fbc5d515d1a4e6ac75868b5d248bbecb84124567ec399e,
vivos:train:VIVOSSPK03_R136,1,/Volumes/data/datasets/hibiki_vi_v2/tts/vivos_qwen3_tts_mlx_batch_v1_benchmark_2026-08-04/batch_size_1/batches/b01_VIVOSSPK03_002_8a7d5b6ea589/wavs/vivos_train_VIVOSSPK03_R136.wav,1.68,VẪN MẮC NỢ CHÍNH MÌNH,STILL INDEBTED TO MYSELF,646369befc6cc694153be67b46703f9ba1a676a706eeec70767700529b84e331,8dbf2e981e94348421777b2024ca1ce20990058245178f316d10bad2e2c8da99,
vivos:train:VIVOSSPK03_R096,1,/Volumes/data/datasets/hibiki_vi_v2/tts/vivos_qwen3_tts_mlx_batch_v1_benchmark_2026-08-04/batch_size_1/batches/b01_VIVOSSPK03_003_bbf9ab79217a/wavs/vivos_train_VIVOSSPK03_R096.wav,3.84,NGƯỜI ĐÀN ÔNG NÀY CÓ LẼ LÀ MỘT NÔNG DÂN,THIS MAN IS PROBABLY A FARMER,a2ae7cc89863558affb2526b4d528682baf46dd5708a2ff1430455301c53a473,658b299fc4269bcbfa47bf2aa6c31a942ac6707aac9f6113f1112d01fb87a465,
vivos:train:VIVOSSPK03_T024,1,/Volumes/data/datasets/hibiki_vi_v2/tts/vivos_qwen3_tts_mlx_batch_v1_benchmark_2026-08-04/batch_size_1/batches/b01_VIVOSSPK03_004_5d33cb919637/wavs/vivos_train_VIVOSSPK03_T024.wav,2.16,TRƯỜNG BÌNH CÔNG CHÚA BỊ CỤT TAY,PRINCESS CHANGPING LOSES HER ARM,6be4b72a3f2e5091ec57d32dea11fbbc43dd49561d8d723cfd74baac1802be26,09101796d61f6423640993765590cf06609ab0a3913f959f14b00653b32f24b0,
vivos:train:VIVOSSPK03_T013,1,/Volumes/data/datasets/hibiki_vi_v2/tts/vivos_qwen3_tts_mlx_batch_v1_benchmark_2026-08-04/batch_size_1/batches/b01_VIVOSSPK03_005_722cbb80927e/wavs/vivos_train_VIVOSSPK03_T013.wav,3.84,LẤY TĨNH CHẾ ĐỘNG,Use stillness to overcome movement,6402067e8bf099388259616f3924aa2a37c70adc509e899179229cee503f10a2,1d9b99e368ac62906a02ac84a6d835239dc3dd5e74b14b9dd51bc67b2696d538,duration_ratio_above_max
vivos:train:VIVOSSPK03_R076,1,/Volumes/data/datasets/hibiki_vi_v2/tts/vivos_qwen3_tts_mlx_batch_v1_benchmark_2026-08-04/batch_size_1/batches/b01_VIVOSSPK03_006_3b1d29f04d0b/wavs/vivos_train_VIVOSSPK03_R076.wav,3.040042,CHỨ KHÔNG HỀ CÓ HÌNH VẼ MINH HỌA,and not a single illustration at all.,85fd043286c459d1af7bb47a15b7cc9a16850d698cdb1febbfbedb436a09649c,130964918c36ae00cb559bf075002f1126be4dab16c8a95c3393924541fb0a76,
vivos:train:VIVOSSPK03_T015,1,/Volumes/data/datasets/hibiki_vi_v2/tts/vivos_qwen3_tts_mlx_batch_v1_benchmark_2026-08-04/batch_size_1/batches/b01_VIVOSSPK03_007_afe0ee707608/wavs/vivos_train_VIVOSSPK03_T015.wav,2.96,CHƯƠNG BA CỦA QUYỂN HỒI KÝ CHƯA KẾT THÚC,CHAPTER THREE OF THE UNFINISHED MEMOIR,7757ef761530196136b3e06454fd0ee86b29053e4acb65280907910385059fa7,87f1776c824e253da5c8613edc66f33dcc477f3c105ec0000403f8e0018b9d10,
vivos:train:VIVOSSPK03_R059,1,/Volumes/data/datasets/hibiki_vi_v2/tts/vivos_qwen3_tts_mlx_batch_v1_benchmark_2026-08-04/batch_size_1/batches/b01_VIVOSSPK03_008_63f151583b46/wavs/vivos_train_VIVOSSPK03_R059.wav,2.8,NÓ HỌC LÓM ĐƯỢC MẤY BỮA,He picked it up on his own for a few days.,05f14c9c852a7c6cc52bc65a8eedc0bd9fb8f0cb225b8df0cc889e5fffca5b30,72e5c1aa28a172dbc7f6a759b8191e496729745c9620aa6aafe2b4096554feaf,
vivos:train:VIVOSSPK03_T047,1,/Volumes/data/datasets/hibiki_vi_v2/tts/vivos_qwen3_tts_mlx_batch_v1_benchmark_2026-08-04/batch_size_1/batches/b01_VIVOSSPK03_009_c76fa7ab752d/wavs/vivos_train_VIVOSSPK03_T047.wav,4.8,PHIÊN BẢN ĐẦU TIÊN RA MẮT THỨ BẢY TUẦN TRƯỚC,THE FIRST VERSION WAS RELEASED LAST SATURDAY,b54e0dbe4018b1d8f0fc2dd2829d53880b6d06506c5e181f92b698f00dbce792,84c48fb37bc2720bb3132919ee305f8114bd51b63dcda414cd18eaa69b3a0a92,
vivos:train:VIVOSSPK03_R010,1,/Volumes/data/datasets/hibiki_vi_v2/tts/vivos_qwen3_tts_mlx_batch_v1_benchmark_2026-08-04/batch_size_1/batches/b01_VIVOSSPK03_010_061285abe97e/wavs/vivos_train_VIVOSSPK03_R010.wav,4.8,CHỢT GẶP GIÓ MÙA ĐÔNG BẮC VỀ,SUDDENLY MEETING THE RETURNING NORTHEAST MONSOON,b9c4834d93b945990eba5165695c7a1126311207982eed7db7158d89efeb36c3,e05b6a4cab7eb89f3d6736b3b1e320825a33103006ac90c69cf28dcc2286a46b,duration_ratio_above_max
vivos:train:VIVOSSPK03_R172,1,/Volumes/data/datasets/hibiki_vi_v2/tts/vivos_qwen3_tts_mlx_batch_v1_benchmark_2026-08-04/batch_size_1/batches/b01_VIVOSSPK03_011_e98dcf422bfc/wavs/vivos_train_VIVOSSPK03_R172.wav,4.24,THẾ ĐÃ CÒNG CHƯA ĐÒM CHƯA,"So are you bent over yet, are you ready to be shot?",5ec951ea54ddf50277ad69cfe400deaa5ea22ea4ca51263bf55b48d9d9d1e8e3,f971b14911cbfe12531b52bf5813975facfd1799a365af1d09c8830fb060f5e7,
vivos:train:VIVOSSPK03_T043,1,/Volumes/data/datasets/hibiki_vi_v2/tts/vivos_qwen3_tts_mlx_batch_v1_benchmark_2026-08-04/batch_size_1/batches/b01_VIVOSSPK03_012_6b007ea4dd54/wavs/vivos_train_VIVOSSPK03_T043.wav,4.24,DÂN VIỆT NAM LÀM ĂN CHỤP GIỰT,VIETNAMESE PEOPLE DO BUSINESS IN AN OPPORTUNISTIC WAY,bf46112d158d931d8a052a1e7c68452fcdbc969687df64ca7c1ec8037d227138,a3d2c732891b5a50748bfc1a3396fb86453abb407c138bc10a933c55145de48c,
vivos:train:VIVOSSPK03_R171,1,/Volumes/data/datasets/hibiki_vi_v2/tts/vivos_qwen3_tts_mlx_batch_v1_benchmark_2026-08-04/batch_size_1/batches/b01_VIVOSSPK03_013_73ba337ceca2/wavs/vivos_train_VIVOSSPK03_R171.wav,4.72,ĐI QUA CON ĐƯỜNG ĐẤT NHẦY NHỤA NHỮNG VŨNG NƯỚC BẨN TÙ ĐỌNG,"WALK ALONG THE DIRT ROAD MUDDY WITH STAGNANT, DIRTY PUDDLES",0bdf94e0b07ac5bf2c750e809e14091debde3544a969a7c1a85e9735850cdb39,e7f58f7d1db0c181b6f44fac16b0b170429e99e4434146db206a679907ef3b2e,
vivos:train:VIVOSSPK03_R093,1,/Volumes/data/datasets/hibiki_vi_v2/tts/vivos_qwen3_tts_mlx_batch_v1_benchmark_2026-08-04/batch_size_1/batches/b01_VIVOSSPK03_014_75b17824b8f7/wavs/vivos_train_VIVOSSPK03_R093.wav,4.16,NẾU NHÓM CÁC NHÀ MÁY CÓ CÙNG TÍNH CHẤT VÀO TRONG MỘT CÔNG TY,IF GROUPING FACTORIES WITH SIMILAR CHARACTERISTICS INTO ONE COMPANY,dc41711935ad0e2b288de6d665cd613ff672ca7fbbd404076b609cd9659c513e,465d9c4f3418797e085dae31d90e5bc3cddcc653ec77d6ad8abdfce7a402d1fc,
vivos:train:VIVOSSPK03_R148,1,/Volumes/data/datasets/hibiki_vi_v2/tts/vivos_qwen3_tts_mlx_batch_v1_benchmark_2026-08-04/batch_size_1/batches/b01_VIVOSSPK03_015_6a86a918a248/wavs/vivos_train_VIVOSSPK03_R148.wav,6.8,MỌI NGƯỜI KÉO NHỮNG THÚNG CÁ VÀO BỜ VÀ ĐỢI XE CHUYỂN ĐI,PEOPLE PULLED THE BASKETS OF FISH ONSHORE AND WAITED FOR THE TRUCK TO TRANSPORT THEM AWAY,fbcefa4a18c4b9d655e10d8202970ba88d66e026db6e965d620cb7004765bae8,b52d28f2c1ce9bebed2d7bc1430a6735906e41fabf675d15386cc5eede13d0c6,
vivos:train:VIVOSSPK06_R014,1,/Volumes/data/datasets/hibiki_vi_v2/tts/vivos_qwen3_tts_mlx_batch_v1_benchmark_2026-08-04/batch_size_1/batches/b01_VIVOSSPK06_000_4d63b20b31c6/wavs/vivos_train_VIVOSSPK06_R014.wav,0.16,GẦY TỌP,GAUNT,639fbe3b4652e4dad25b4c2d4be4c415630e37ddc2f601d8822279f8dcbdb0ab,2025e40f2f5b0e6b00431add833d643ebe6eef60c8cbcd283a2fe7934aa6dca4,duration_ratio_below_min
vivos:train:VIVOSSPK06_R110,1,/Volumes/data/datasets/hibiki_vi_v2/tts/vivos_qwen3_tts_mlx_batch_v1_benchmark_2026-08-04/batch_size_1/batches/b01_VIVOSSPK06_001_5ef6e555dc3e/wavs/vivos_train_VIVOSSPK06_R110.wav,1.92,BỖNG MỘT NGÀY KIA,Suddenly One Day,a1088b4980008d54c849a80fcfb0e87a5a22475a658252fb0a2a0f61c3f7cc4b,4728669cff62a1fc4587951c9688f2b51a340326389d3c617202bee382c1d659,
vivos:train:VIVOSSPK06_T032,1,/Volumes/data/datasets/hibiki_vi_v2/tts/vivos_qwen3_tts_mlx_batch_v1_benchmark_2026-08-04/batch_size_1/batches/b01_VIVOSSPK06_002_eb7d6d1c03db/wavs/vivos_train_VIVOSSPK06_T032.wav,1.84,CÔ LẤY CHO TÔI CÁI KHĂN NÀO,Please get me a towel.,4a54b3d3987c6e206ed3ffbc0c1d327f584e8b4c0c8a20384fd02eb96b8bfadb,0c99aa0de7601be9f309e357fc715a0e1dea838f81e71575cdd156c1d7f05c59,
vivos:train:VIVOSSPK06_R152,1,/Volumes/data/datasets/hibiki_vi_v2/tts/vivos_qwen3_tts_mlx_batch_v1_benchmark_2026-08-04/batch_size_1/batches/b01_VIVOSSPK06_003_04773a1766e9/wavs/vivos_train_VIVOSSPK06_R152.wav,2.0,NHỮNG ÔNG THIỀM THỪ TRẦN KIM TRẮC,THE TOADS BY TRAN KIM TRAC,5ea56925ed376515893580c0029759633e123fb3e8a45654d3b970aea80d3c72,6caf6754b2ba15417aa911d5f39b5bc97acb66b2c63e502bd904c4dff6e1d8e3,
vivos:train:VIVOSSPK06_T043,1,/Volumes/data/datasets/hibiki_vi_v2/tts/vivos_qwen3_tts_mlx_batch_v1_benchmark_2026-08-04/batch_size_1/batches/b01_VIVOSSPK06_004_1f34a3c6c444/wavs/vivos_train_VIVOSSPK06_T043.wav,2.4,ANH KHÔNG CƯỜI CŨNG KHÔNG NHĂN MẶT,He neither smiled nor frowned.,feed4309a71f3faca01908fe16335046bc47e778cfb042929c6ca0033d29fd58,5b2cbc6fe6af9bfd7c3af5cc511cf0a7018033f016a231dae1c28a8fd6c5eac2,
vivos:train:VIVOSSPK06_R180,1,/Volumes/data/datasets/hibiki_vi_v2/tts/vivos_qwen3_tts_mlx_batch_v1_benchmark_2026-08-04/batch_size_1/batches/b01_VIVOSSPK06_005_6b7f1ad65c81/wavs/vivos_train_VIVOSSPK06_R180.wav,2.56,CHO CHÍNH QUYỀN CÁC QUỐC GIA KHÁC,FOR GOVERNMENTS OF OTHER COUNTRIES,310afbe54259c51067c91b24a38802af753b2878b19742a805efcc059bfcc7cf,e1bc82763ce7823040f1eb3f6b5154ab03c0dab8ee59c5bbcc47a26674266567,
vivos:train:VIVOSSPK06_R176,1,/Volumes/data/datasets/hibiki_vi_v2/tts/vivos_qwen3_tts_mlx_batch_v1_benchmark_2026-08-04/batch_size_1/batches/b01_VIVOSSPK06_006_0a0b994d351a/wavs/vivos_train_VIVOSSPK06_R176.wav,2.8,CHỨ KHÔNG PHẢI VỀ SẢN PHẨM HAY DỊCH VỤ,And not about the product or service.,ff952f1f08e66b1232f8f3119145e56416ca46955226942299c70bac987176e6,2dcda1123c6c534a861ce2e896f7d91dcf6602815002ad251d221d5e4f6a5307,
vivos:train:VIVOSSPK06_R104,1,/Volumes/data/datasets/hibiki_vi_v2/tts/vivos_qwen3_tts_mlx_batch_v1_benchmark_2026-08-04/batch_size_1/batches/b01_VIVOSSPK06_007_4601bbe0c4f2/wavs/vivos_train_VIVOSSPK06_R104.wav,2.56,Ở PHÍA TRÁI TÒA CỬU LONG,On the left side of the Cuu Long Building,ad65432932cb2b5cf524a4490f558700bef556c89d51709fa20d976fd294a620,6201a9a5287e8f5c3e5ee87b5676996e057c7878fd7db657ce37e088f2301ad3,
vivos:train:VIVOSSPK06_R023,1,/Volumes/data/datasets/hibiki_vi_v2/tts/vivos_qwen3_tts_mlx_batch_v1_benchmark_2026-08-04/batch_size_1/batches/b01_VIVOSSPK06_008_4a5b2ecf3757/wavs/vivos_train_VIVOSSPK06_R023.wav,3.12,THUẦN TÚY VIỆT NAM KHÁC TRONG DỊP TẾT,OTHER PURELY VIETNAMESE TRADITIONS DURING TET,b1a87de18bc546252fcede5f9a8aff34e1c37cdcd9512d142790d0e96fae7b7d,a9bee29d6ecee55c2646412c2752e9423905508c50d52353956c90cce206311c,
vivos:train:VIVOSSPK06_R055,1,/Volumes/data/datasets/hibiki_vi_v2/tts/vivos_qwen3_tts_mlx_batch_v1_benchmark_2026-08-04/batch_size_1/batches/b01_VIVOSSPK06_009_63b756a4c127/wavs/vivos_train_VIVOSSPK06_R055.wav,3.6,TẤT NHIÊN KHÔNG PHẢI TẤT CẢ CHÚNG TA CŨNG BIẾT MÌNH ĐẾN TỪ ĐÂU,OF COURSE NOT ALL OF US KNOW WHERE WE COME FROM,bef8f7e74bf422fcb7269531b604eef88ab7ef185bfcaef5a676b5a14c40c44c,b01c59e07cb6da1db167b4c790ed9a764ea21da1170ae088db6accff995fab87,
vivos:train:VIVOSSPK06_T038,1,/Volumes/data/datasets/hibiki_vi_v2/tts/vivos_qwen3_tts_mlx_batch_v1_benchmark_2026-08-04/batch_size_1/batches/b01_VIVOSSPK06_010_d982442a7dee/wavs/vivos_train_VIVOSSPK06_T038.wav,3.68,HỌ GỒM NĂM NGƯỜI HAI CHÀNG TRAI VÀ BA CÔ GÁI,There were five of them: two guys and three girls.,2271446c79a5c92a23a54a1629119a084127928a2a33edb519114a9067f525b9,993c5f11f1c7dcd272d83bf84fcb82c9e420a1008dbf0e05e93857d349847051,
vivos:train:VIVOSSPK06_R018,1,/Volumes/data/datasets/hibiki_vi_v2/tts/vivos_qwen3_tts_mlx_batch_v1_benchmark_2026-08-04/batch_size_1/batches/b01_VIVOSSPK06_011_37215f573413/wavs/vivos_train_VIVOSSPK06_R018.wav,3.6,VỀ ĐẾN ĐÌNH LÀM LỄ,Arriving at the communal house to perform the ceremony,a98f9e0f938e050eefb01cf25393b07dffaef655c631f30c564da59ac7f8eb8d,559b23004c2ec301056a9f594ab803be0bc4564831c859969393425d3e04d0a1,
vivos:train:VIVOSSPK06_R049,1,/Volumes/data/datasets/hibiki_vi_v2/tts/vivos_qwen3_tts_mlx_batch_v1_benchmark_2026-08-04/batch_size_1/batches/b01_VIVOSSPK06_012_20083936e7b7/wavs/vivos_train_VIVOSSPK06_R049.wav,4.48,PHẢI DỨT KHOÁT TRẢ LỜI CÂU HỎI NÀY THẬT RÕ,THIS QUESTION MUST BE ANSWERED VERY CLEARLY AND DECISIVELY,727b72222c45f246b528956b4352dcaa18c9e29bc491077700682d2216e75586,0c2105004e9944e60deaad641dfec5aa98d294b7f09c2be0df411abaa9489311,
vivos:train:VIVOSSPK06_T017,1,/Volumes/data/datasets/hibiki_vi_v2/tts/vivos_qwen3_tts_mlx_batch_v1_benchmark_2026-08-04/batch_size_1/batches/b01_VIVOSSPK06_013_39cafddb6c5e/wavs/vivos_train_VIVOSSPK06_T017.wav,3.28,EM SẼ GIỮ ĐỨA BÉ DÙ ANH KHÔNG QUAN TÂM GÌ TỚI EM,I will keep the baby even if you don't care about me at all.,1189bc8140d5678ac2fcc7023db18fbdcc33610a19cf09897db696cb965ea17a,7f4b494ad7c066013b4e936534b2c8c0cc4e00184f0c34b7a5c964caf6d91c77,
vivos:train:VIVOSSPK06_R030,1,/Volumes/data/datasets/hibiki_vi_v2/tts/vivos_qwen3_tts_mlx_batch_v1_benchmark_2026-08-04/batch_size_1/batches/b01_VIVOSSPK06_014_afea8f5356ea/wavs/vivos_train_VIVOSSPK06_R030.wav,4.8,GỬI ĐẾN NHỮNG CON NGƯỜI ĐÃ XẢ THÂN VÌ QUÊ HƯƠNG ĐẤT NƯỚC,TO THOSE WHO SACRIFICED THEMSELVES FOR THEIR HOMELAND AND COUNTRY,c29b064433e428fd4c2f83ba68ca7408056dd53e28c3b94d00d4b75a81e2f419,1e702a408e6161a587b25b38a900f8863d372ff384ab74d68fa35cdd56908c6f,
vivos:train:VIVOSSPK06_R050,1,/Volumes/data/datasets/hibiki_vi_v2/tts/vivos_qwen3_tts_mlx_batch_v1_benchmark_2026-08-04/batch_size_1/batches/b01_VIVOSSPK06_015_79ce53fc97b1/wavs/vivos_train_VIVOSSPK06_R050.wav,7.68,MỘT THỜI CÓ ĐỨA RẦN RẦN HẠT MƯA RỚT XUỐNG BÂNG KHUÂNG NỖI LÒNG,"Once upon a time, there was a boisterous girl, as the raindrops fell, her heart was filled with melancholy.",49fb71d2ee7eb4698fa5e3939c5cb0058c613126cd6726bd381938ca62f80285,48c0fadf2c65dcb0304efb1c1c3816382a1c454c49f5917786baac3bb6ee79e7,
vivos:train:VIVOSSPK07_R014,1,/Volumes/data/datasets/hibiki_vi_v2/tts/vivos_qwen3_tts_mlx_batch_v1_benchmark_2026-08-04/batch_size_1/batches/b01_VIVOSSPK07_000_8ae64b170259/wavs/vivos_train_VIVOSSPK07_R014.wav,2.08,Ở KHẮP CHÂU Á,ACROSS ASIA,f30da90fec4065c7b85bd96151bbdb615df10d103867f6ed0ad62d142bd2a441,8ebf7ae8e1cfbf090279bca19bd30cadebe75fc94c85b391f4b12da3d9a86c0b,
vivos:train:VIVOSSPK07_R028,1,/Volumes/data/datasets/hibiki_vi_v2/tts/vivos_qwen3_tts_mlx_batch_v1_benchmark_2026-08-04/batch_size_1/batches/b01_VIVOSSPK07_001_bbfa35c76765/wavs/vivos_train_VIVOSSPK07_R028.wav,3.120042,BẤT KỲ AI CŨNG CÓ THỂ HỌC HỎI,ANYONE CAN LEARN,8b6bbc27da5e4a4c851cbb9f874f28483add2d242ba7afd8b1cd3f1368faa2d4,77f88ed1eb06b2190a059bc93a40a6909d313ab9ba8e6ded4048ec266cb45dbb,
vivos:train:VIVOSSPK07_R021,1,/Volumes/data/datasets/hibiki_vi_v2/tts/vivos_qwen3_tts_mlx_batch_v1_benchmark_2026-08-04/batch_size_1/batches/b01_VIVOSSPK07_002_32d9fa8a89d5/wavs/vivos_train_VIVOSSPK07_R021.wav,2.880042,XUẤT HIỆN TRÊN CON ĐƯỜNG CỦA MÌNH,APPEARED ON THEIR WAY,29fb4205f44ee56a2e6ffcc7e855c0e4711fef4a934ee486859634c943f7895d,794a103a5d04194eba49f79f2adaab4449597d28c7842677d667f24c9caa2b39,
vivos:train:VIVOSSPK07_R005,1,/Volumes/data/datasets/hibiki_vi_v2/tts/vivos_qwen3_tts_mlx_batch_v1_benchmark_2026-08-04/batch_size_1/batches/b01_VIVOSSPK07_003_ad695fdbb45d/wavs/vivos_train_VIVOSSPK07_R005.wav,1.76,BẾN XE TÀNG HÌNH,THE INVISIBLE BUS STATION,d5e54177cfbae33395556e64799619762728ee74ea0ebfa98c0978d4e5b5c8d9,1d858d54e4def93d5befe725afbdb08b453c30aa6d715105fed2079b1519a799,
vivos:train:VIVOSSPK07_R024,1,/Volumes/data/datasets/hibiki_vi_v2/tts/vivos_qwen3_tts_mlx_batch_v1_benchmark_2026-08-04/batch_size_1/batches/b01_VIVOSSPK07_004_4dcffd351af8/wavs/vivos_train_VIVOSSPK07_R024.wav,2.64,THẾ LÀ THÂN PHẬN CÙNG NHAN SẮC,So that is fate and beauty,3f96d91e40e47bdb8497de40b65f8bf04edc6723cb36b9f4336f2ff95db1dc95,92466c7550765dcb43046644220ffc41bc7d9c6eac0b491a22911224feb8af0b,
vivos:train:VIVOSSPK07_R004,1,/Volumes/data/datasets/hibiki_vi_v2/tts/vivos_qwen3_tts_mlx_batch_v1_benchmark_2026-08-04/batch_size_1/batches/b01_VIVOSSPK07_005_1cd4a2c05a4a/wavs/vivos_train_VIVOSSPK07_R004.wav,2.16,NHƯNG CHÂN TÔI CÒN NGẮN,But my legs are still short.,0b348d209ae5b99bfaeb70a4a25154594896a109b5e3a2039040623f0679263e,8c4435632d12e9c0024be1de91a674eefdf3b40c4d7635604bfe9659000f9ce4,
vivos:train:VIVOSSPK07_R009,1,/Volumes/data/datasets/hibiki_vi_v2/tts/vivos_qwen3_tts_mlx_batch_v1_benchmark_2026-08-04/batch_size_1/batches/b01_VIVOSSPK07_006_367f61969d95/wavs/vivos_train_VIVOSSPK07_R009.wav,2.48,HÌNH NHƯ BÀ MỆT MỎI LẮM RỒI,You look like you're very tired.,0f0108fe31e68110053c6f0025267fc3a59004a597829c81a9a6909af8ac9773,f5f6943e9e1a86809af6ad10aa04ba2d813e1063cf70b44842f436fd2039ef44,
vivos:train:VIVOSSPK07_R017,1,/Volumes/data/datasets/hibiki_vi_v2/tts/vivos_qwen3_tts_mlx_batch_v1_benchmark_2026-08-04/batch_size_1/batches/b01_VIVOSSPK07_007_88fb95e7c42b/wavs/vivos_train_VIVOSSPK07_R017.wav,3.76,KHÔNG PHẢI LÀ NGUYÊN NHÂN GÂY CHỨNG VIÊM KHỚP GỐI,NOT A CAUSE OF KNEE OSTEOARTHRITIS,1c8ea023709b59531cca6785e78b284bc2160e97d9277005668ad6c83612ede9,113aa2b6e57c373537da6421d9bb21327a4870ca3dea729ad89c4b48b305eb48,
vivos:train:VIVOSSPK07_R040,1,/Volumes/data/datasets/hibiki_vi_v2/tts/vivos_qwen3_tts_mlx_batch_v1_benchmark_2026-08-04/batch_size_1/batches/b01_VIVOSSPK07_008_439d4414b055/wavs/vivos_train_VIVOSSPK07_R040.wav,3.120042,HUYỆN THĂNG BÌNH TỈNH QUẢNG NAM,"Thang Binh District, Quang Nam Province",2267b58f7bf12271d4597bf6f46c4ac701f7500c503c831609033c0b5803d413,28cf85b59df72de58d8e0c01a7f9f3bd5dd998bb40aea3bf97ab9eca94b26096,
vivos:train:VIVOSSPK07_R047,1,/Volumes/data/datasets/hibiki_vi_v2/tts/vivos_qwen3_tts_mlx_batch_v1_benchmark_2026-08-04/batch_size_1/batches/b01_VIVOSSPK07_009_eb3a59135cf2/wavs/vivos_train_VIVOSSPK07_R047.wav,2.96,NHỮNG NỖ LỰC CỦA BẠN CUỐI CÙNG RỒI CŨNG SẼ ĐƯỢC ĐỀN ĐÁP,Your efforts will eventually be rewarded.,80aac6cd976a167dfe40051731b49939811bf3dd16bd24a6769a588b69dbbed9,e37effe808537c03f3f4c8df387e828f93a48d96e0472939341c3b8341f175f3,
vivos:train:VIVOSSPK07_R001,1,/Volumes/data/datasets/hibiki_vi_v2/tts/vivos_qwen3_tts_mlx_batch_v1_benchmark_2026-08-04/batch_size_1/batches/b01_VIVOSSPK07_010_4b5164d12124/wavs/vivos_train_VIVOSSPK07_R001.wav,3.2,TÀU BẤT NGỜ BỊ LẬT ĐẮM KHI ĐANG NEO ĐẬU,BOAT SUDDENLY CAPSIDES AND SINKS WHILE ANCHORED,19d2c142256bbe2a58d139668e754646a6313f96cc4deb5822f2dadf3fe22eac,56719cedf55affa615d8b8b90e8342e1957fdddb7ccaafb80a7a232536398162,
vivos:train:VIVOSSPK07_R031,1,/Volumes/data/datasets/hibiki_vi_v2/tts/vivos_qwen3_tts_mlx_batch_v1_benchmark_2026-08-04/batch_size_1/batches/b01_VIVOSSPK07_011_3000258ab51b/wavs/vivos_train_VIVOSSPK07_R031.wav,3.52,BỘ ĐÃ CẮT BỎ HÀNG LOẠT CÁC HẠNG MỤC CẦN THIẾT,THE MINISTRY HAS CUT A SERIES OF NECESSARY ITEMS,b6738c70f7d5a3d9daaf3bb3b5e5b15d353297d079d7a77bf0ca194770e4fafa,552326589c0e6cd381fc63677af23387ec79d19180ab1a6d6c8078fd566cf4c6,
vivos:train:VIVOSSPK07_R050,1,/Volumes/data/datasets/hibiki_vi_v2/tts/vivos_qwen3_tts_mlx_batch_v1_benchmark_2026-08-04/batch_size_1/batches/b01_VIVOSSPK07_012_b56b9d002b94/wavs/vivos_train_VIVOSSPK07_R050.wav,3.84,VÌ KHÔNG CHẤP NHẬN ĐƯỢC SỰ PHÁN XÉT OAN KHIÊN CỦA CÔ GIÁO,Because I couldn't accept the teacher's unjust judgment,ae8f082070b003c00ebe8b1af58d5b580868ac90ed8dec5131ecf952c6ff4cd4,d2cc7500beb0172172b52fac8b8a3ff7ad1316c69085c237c6176e40bce96884,
vivos:train:VIVOSSPK07_R041,1,/Volumes/data/datasets/hibiki_vi_v2/tts/vivos_qwen3_tts_mlx_batch_v1_benchmark_2026-08-04/batch_size_1/batches/b01_VIVOSSPK07_013_8039067118a1/wavs/vivos_train_VIVOSSPK07_R041.wav,4.32,THẬT SỰ QUAN TRỌNG ĐẾN THẾ NÀO NẾU BỊ TAI NẠN TRÊN ĐƯỜNG,HOW IMPORTANT IS IT REALLY IF YOU HAVE AN ACCIDENT ON THE ROAD,ae3255d19e617afd7bc541afdf31fa874197fa590df37913e1c5d7898be1799b,a64aa48ae08f6cd12dd7d560a37f075567abd61047543a73c70aa2ce673261a3,
vivos:train:VIVOSSPK07_R011,1,/Volumes/data/datasets/hibiki_vi_v2/tts/vivos_qwen3_tts_mlx_batch_v1_benchmark_2026-08-04/batch_size_1/batches/b01_VIVOSSPK07_014_a97f2a2230a3/wavs/vivos_train_VIVOSSPK07_R011.wav,5.2,TRÊN TIÊU CHÍ NHỮNG NGƯỜI NÀY CÓ NHIỀU ĐÓNG GÓP Ý NGHĨA,Based on the criteria that these people have made many meaningful contributions,a8cbfe6d991f4283f2fdb28a49936e4cee4790a1a76f9a19e35d7e4b933071a2,84c98405c3405570579e3bdb17aace9723d1632e1f57b7a8e74c6cb49cffdee8,
vivos:train:VIVOSSPK07_R032,1,/Volumes/data/datasets/hibiki_vi_v2/tts/vivos_qwen3_tts_mlx_batch_v1_benchmark_2026-08-04/batch_size_1/batches/b01_VIVOSSPK07_015_d260f88808cb/wavs/vivos_train_VIVOSSPK07_R032.wav,6.56,SAU ĐÓ CHỊ EM TÔI VỀ PHÒNG RIÊNG NGỒI KHAI BÚT,"After that, my sibling and I went to our private room to do the first writing of the New Year.",58cb43d95b719d880f368d33843ba02979b6479582e7f05f845227e741afd9c7,ef6de173d575f43c1d7dba44f969376c621bf984763221a77b0c115ea1d422cc,
vivos:train:VIVOSSPK02_R143,2,/Volumes/data/datasets/hibiki_vi_v2/tts/vivos_qwen3_tts_mlx_batch_v1_benchmark_2026-08-04/batch_size_2/batches/b02_VIVOSSPK02_000_f1d0e2d07133/wavs/vivos_train_VIVOSSPK02_R143.wav,0.96,RỒI SAU ĐÓ,And then,fdb3d5c18d308f2ec492d33727b8f1a487157e58ac96023457ce39eeca8e2039,acd26caf999b7cb033b66744fb94cb29e7ebbbcfcf0553ae70b45931980006cd,
vivos:train:VIVOSSPK02_R100,2,/Volumes/data/datasets/hibiki_vi_v2/tts/vivos_qwen3_tts_mlx_batch_v1_benchmark_2026-08-04/batch_size_2/batches/b02_VIVOSSPK02_000_f1d0e2d07133/wavs/vivos_train_VIVOSSPK02_R100.wav,1.6,NGƯỜI TA GIỚI THIỆU VỚI TÔI,I was introduced to,1f13cd312b965c98558c492d566c7979bd233a5c3e7d22506674a2b6e442eff8,f8c3ff1655c130c4397092981d277f46535a0dfea5ed8a23025b9594a76431f8,
vivos:train:VIVOSSPK02_R060,2,/Volumes/data/datasets/hibiki_vi_v2/tts/vivos_qwen3_tts_mlx_batch_v1_benchmark_2026-08-04/batch_size_2/batches/b02_VIVOSSPK02_001_4a3b07f9f07d/wavs/vivos_train_VIVOSSPK02_R060.wav,1.973708,PHƯƠNG THỨC ĐỂ THỰC HIỆN ĐƯỢC ĐIỀU ĐÓ,METHODS TO ACHIEVE THAT,47f099b1b672949414492c586843734181d6b40b25615cee66e62656b43731c7,d5356c7c27f3fb83b8c527bf2d236ee7012633bb18c8f5587926bd12897d28a1,
vivos:train:VIVOSSPK02_R193,2,/Volumes/data/datasets/hibiki_vi_v2/tts/vivos_qwen3_tts_mlx_batch_v1_benchmark_2026-08-04/batch_size_2/batches/b02_VIVOSSPK02_001_4a3b07f9f07d/wavs/vivos_train_VIVOSSPK02_R193.wav,2.16,CẦU MONG CHO DUYÊN LÀNH,MAY GOOD FORTUNE BLESS US,d6bdc23fc50393a2d10a8c747cf58c5d133f84f7bb2c4c064b1f0a561a1ba308,7b4b649196d0f104d6cf7d2480352f7970c7cebf4cc4436845a1ec3be823c542,
vivos:train:VIVOSSPK02_R103,2,/Volumes/data/datasets/hibiki_vi_v2/tts/vivos_qwen3_tts_mlx_batch_v1_benchmark_2026-08-04/batch_size_2/batches/b02_VIVOSSPK02_002_cc275376394a/wavs/vivos_train_VIVOSSPK02_R103.wav,2.8,ĐÔI MẮT XẾCH CỦA HẮN MỞ HẾT CỠ,His slanted eyes opened wide.,de8b920602423392ea51c44b0a3cbf1bec438922549977ee0beeb595d0ca07fd,a1347a29e60fd66e63fa814232cdb457515e86cede9349c5c0bbc7d5b9a71f25,
vivos:train:VIVOSSPK02_T024,2,/Volumes/data/datasets/hibiki_vi_v2/tts/vivos_qwen3_tts_mlx_batch_v1_benchmark_2026-08-04/batch_size_2/batches/b02_VIVOSSPK02_002_cc275376394a/wavs/vivos_train_VIVOSSPK02_T024.wav,2.0,EM KHÔNG MUỐN GẶP ANH NỮA,I don't want to see you anymore.,2fe59e808145a6b68936972da817c389a799856bc3d1df3553c757b2c8ac384d,1ee50ec4586dd1d3832d05405f82d66f0d47d7e1d805f0469d30a227c047c760,
vivos:train:VIVOSSPK02_R079,2,/Volumes/data/datasets/hibiki_vi_v2/tts/vivos_qwen3_tts_mlx_batch_v1_benchmark_2026-08-04/batch_size_2/batches/b02_VIVOSSPK02_003_d05c48fef709/wavs/vivos_train_VIVOSSPK02_R079.wav,3.52,CHỈ CHE BẰNG CHIẾC LÔNG ĐÀ ĐIỂU,COVERED ONLY BY AN OSTRICH FEATHER,329d38fe4b51c16adc73a3eeb3833aab031c5632305db2728f804250c09a0662,86b83385e7bd33bdcf49acf10a99322184a2281efc64452add8d3caa10570d4e,
vivos:train:VIVOSSPK02_R082,2,/Volumes/data/datasets/hibiki_vi_v2/tts/vivos_qwen3_tts_mlx_batch_v1_benchmark_2026-08-04/batch_size_2/batches/b02_VIVOSSPK02_003_d05c48fef709/wavs/vivos_train_VIVOSSPK02_R082.wav,2.72,THƯỜNG VANG LÊN QUA CÁC LOA PHÓNG THANH,Often blaring through the loudspeakers,9b662766f4007eba7cb22fb202f36a14ab44dae4e7ccbb4aa72c6aa4f33f9916,976c565c5ab2c9715d875b9cbf606b4be8eb36bc5a5e118f644871a9f9eb85eb,
vivos:train:VIVOSSPK02_T044,2,/Volumes/data/datasets/hibiki_vi_v2/tts/vivos_qwen3_tts_mlx_batch_v1_benchmark_2026-08-04/batch_size_2/batches/b02_VIVOSSPK02_004_d03d60cd03a0/wavs/vivos_train_VIVOSSPK02_T044.wav,2.880042,NHÀ THIẾT KẾ THỜI TRANG VỪA GẶP TAI NẠN,THE FASHION DESIGNER JUST HAD AN ACCIDENT,f504bb2d85f2cc6f257cb928f489cb9c2d89d4c242cfda217297d89cca0ec039,9ee13eda10052463af5d78b8ae868a80e84da8c66eb2085cf92a99e16d673aa4,
vivos:train:VIVOSSPK02_R132,2,/Volumes/data/datasets/hibiki_vi_v2/tts/vivos_qwen3_tts_mlx_batch_v1_benchmark_2026-08-04/batch_size_2/batches/b02_VIVOSSPK02_004_d03d60cd03a0/wavs/vivos_train_VIVOSSPK02_R132.wav,3.360042,LÀ CÁNH CỬA BẰNG TÔN ĐÓNG IM ỈM,It was the corrugated iron door tightly shut.,641a72ce4b1c590e2fdbc6598ad56f5b79e763c6aa68887138f12a1e6ffeec67,c72d18683a448f2fc81a848595f5a3c3e7daa2427db7791b6f24aa132ffaa569,
vivos:train:VIVOSSPK02_R194,2,/Volumes/data/datasets/hibiki_vi_v2/tts/vivos_qwen3_tts_mlx_batch_v1_benchmark_2026-08-04/batch_size_2/batches/b02_VIVOSSPK02_005_3746b31dd497/wavs/vivos_train_VIVOSSPK02_R194.wav,3.12,ĐIỂM ĐẦU TIÊN CHÚNG TÔI ĐẾN LÀ CÁNH ĐỒNG CHUM,The first place we visited was the Plain of Jars.,b14fdd38c5aa9f21809f3c7ca41bc7c1632946eccbe9c1b982374a925387099e,6e770bebfe6d201194bbb9fb9be5b193192924d7732e74ed1d613016c7864e0e,
vivos:train:VIVOSSPK02_R010,2,/Volumes/data/datasets/hibiki_vi_v2/tts/vivos_qwen3_tts_mlx_batch_v1_benchmark_2026-08-04/batch_size_2/batches/b02_VIVOSSPK02_005_3746b31dd497/wavs/vivos_train_VIVOSSPK02_R010.wav,3.76,CŨNG CÓ NHIỀU RỦI RO BỊ BỆNH NÀY LUÔN,There is also a high risk of getting this disease too.,54a8b28e377b570e750dcf5cd81c5ebaa91e662759181e8f08b255cc6ef162c6,ac19676c50f61ae2bb370824be26133f671ada674ba358128aea0e7e4bd710db,
vivos:train:VIVOSSPK02_R119,2,/Volumes/data/datasets/hibiki_vi_v2/tts/vivos_qwen3_tts_mlx_batch_v1_benchmark_2026-08-04/batch_size_2/batches/b02_VIVOSSPK02_006_d3c415797808/wavs/vivos_train_VIVOSSPK02_R119.wav,4.88,SAU KHI ĐI GIẦY DA NHỌN MŨI MÕM NGÓE QUÁ CHẬT,AFTER WEARING POINTED-TOE LEATHER SHOES THAT WERE TOO TIGHT,b3eb425fa2dc0c391da2e9a61f9697443debe0b36578cbdd6b44c0fc0b10b0be,42ecc67cb6a0d8fe8bd7d3ddf954f24c78f618b71b647fb167cf340f745cb51f,
vivos:train:VIVOSSPK02_R107,2,/Volumes/data/datasets/hibiki_vi_v2/tts/vivos_qwen3_tts_mlx_batch_v1_benchmark_2026-08-04/batch_size_2/batches/b02_VIVOSSPK02_006_d3c415797808/wavs/vivos_train_VIVOSSPK02_R107.wav,4.72,NGÓN ĐỜN CỦA ÔNG TRẦM BỔNG LUYẾN LÁY,Mr. Tram Bong's playing style is full of melismatic flourishes.,318cd707f644e1c85a83cb07f0dcdda65388c5d3c3f76e37926edcb09e478a0d,407f04a6977eee33efea8093b22b3fc0dc62ab589e8cbb22f636538cd8c5b5e5,
vivos:train:VIVOSSPK02_R038,2,/Volumes/data/datasets/hibiki_vi_v2/tts/vivos_qwen3_tts_mlx_batch_v1_benchmark_2026-08-04/batch_size_2/batches/b02_VIVOSSPK02_007_8fa0c2bd36d4/wavs/vivos_train_VIVOSSPK02_R038.wav,5.36,KHIẾN CHIẾC GHE BỊ TRÚNG NHIỀU MẢNH ĐẠN VÀ ANH BỊ THƯƠNG,Causing the boat to be hit by multiple shrapnel fragments and injuring him,e0d1cbd5367d2568f88c611d604de5e6141942844f8680b5671d20e4d2ea48c7,d732674fbea2e8ef3f3dd77cfa39b9f6775124cf6ae38c4088bca5130c08551c,
vivos:train:VIVOSSPK02_R136,2,/Volumes/data/datasets/hibiki_vi_v2/tts/vivos_qwen3_tts_mlx_batch_v1_benchmark_2026-08-04/batch_size_2/batches/b02_VIVOSSPK02_007_8fa0c2bd36d4/wavs/vivos_train_VIVOSSPK02_R136.wav,5.12,THẰNG KIA NÍCH ĐỒ VÀO NHẢY PHÓT LÊN NGỰA VỌT ĐI BIỆT,"That guy stuffed his things into the bag, leaped onto his horse, and sped away without a trace.",100ae7d3ee06288936d8541091621f047cd2de2e9dc77a53f1145e359e17865f,5206b3a2ba0752ff222d7bb4d7998503bef7e6d085d712d7286564069f1e81a0,
vivos:train:VIVOSSPK03_R114,2,/Volumes/data/datasets/hibiki_vi_v2/tts/vivos_qwen3_tts_mlx_batch_v1_benchmark_2026-08-04/batch_size_2/batches/b02_VIVOSSPK03_000_0b18c963b5fc/wavs/vivos_train_VIVOSSPK03_R114.wav,1.52,BỞI LẼ,BECAUSE,91a659d1bf79c0a583d6b8eec14e0b14aa6a69867bfa9b53d0cc3a666e9ab050,426aaacc3b811a9be90f82add851c680a1c48616f6c4da6779081bf00744f367,
vivos:train:VIVOSSPK03_R160,2,/Volumes/data/datasets/hibiki_vi_v2/tts/vivos_qwen3_tts_mlx_batch_v1_benchmark_2026-08-04/batch_size_2/batches/b02_VIVOSSPK03_000_0b18c963b5fc/wavs/vivos_train_VIVOSSPK03_R160.wav,2.08,VÀ LẬP KẾ HOẠCH CÓ NGHĨA LÀ,AND PLANNING MEANS,5016ec448cc4c0c525051ca362607de22731ca17c4f2c3aab4a5568fc012c387,48852110853a8d9016fbc5d515d1a4e6ac75868b5d248bbecb84124567ec399e,
vivos:train:VIVOSSPK03_R136,2,/Volumes/data/datasets/hibiki_vi_v2/tts/vivos_qwen3_tts_mlx_batch_v1_benchmark_2026-08-04/batch_size_2/batches/b02_VIVOSSPK03_001_653af46f8465/wavs/vivos_train_VIVOSSPK03_R136.wav,2.880042,VẪN MẮC NỢ CHÍNH MÌNH,STILL INDEBTED TO MYSELF,c365bd1146e3eefde5a73083dea54dd349fcb680ff6a6ae7b138fa080ec595eb,8dbf2e981e94348421777b2024ca1ce20990058245178f316d10bad2e2c8da99,
vivos:train:VIVOSSPK03_R096,2,/Volumes/data/datasets/hibiki_vi_v2/tts/vivos_qwen3_tts_mlx_batch_v1_benchmark_2026-08-04/batch_size_2/batches/b02_VIVOSSPK03_001_653af46f8465/wavs/vivos_train_VIVOSSPK03_R096.wav,2.880042,NGƯỜI ĐÀN ÔNG NÀY CÓ LẼ LÀ MỘT NÔNG DÂN,THIS MAN IS PROBABLY A FARMER,6f778af1520cd26e3f1fe930c0eb323524120d75be727c3a664f880e9b4c6793,658b299fc4269bcbfa47bf2aa6c31a942ac6707aac9f6113f1112d01fb87a465,
vivos:train:VIVOSSPK03_T024,2,/Volumes/data/datasets/hibiki_vi_v2/tts/vivos_qwen3_tts_mlx_batch_v1_benchmark_2026-08-04/batch_size_2/batches/b02_VIVOSSPK03_002_4cfb31b870ed/wavs/vivos_train_VIVOSSPK03_T024.wav,3.040042,TRƯỜNG BÌNH CÔNG CHÚA BỊ CỤT TAY,PRINCESS CHANGPING LOSES HER ARM,0925b0768684887fdea70a71d4b5820e491e4eadd5c63b8ff188c7c97977ef21,09101796d61f6423640993765590cf06609ab0a3913f959f14b00653b32f24b0,
vivos:train:VIVOSSPK03_T013,2,/Volumes/data/datasets/hibiki_vi_v2/tts/vivos_qwen3_tts_mlx_batch_v1_benchmark_2026-08-04/batch_size_2/batches/b02_VIVOSSPK03_002_4cfb31b870ed/wavs/vivos_train_VIVOSSPK03_T013.wav,2.32,LẤY TĨNH CHẾ ĐỘNG,Use stillness to overcome movement,176a4ce88d97de291d79dd8fadec212810be94b042835368032e78d255b0b294,1d9b99e368ac62906a02ac84a6d835239dc3dd5e74b14b9dd51bc67b2696d538,
vivos:train:VIVOSSPK03_R076,2,/Volumes/data/datasets/hibiki_vi_v2/tts/vivos_qwen3_tts_mlx_batch_v1_benchmark_2026-08-04/batch_size_2/batches/b02_VIVOSSPK03_003_51733bf06786/wavs/vivos_train_VIVOSSPK03_R076.wav,2.48,CHỨ KHÔNG HỀ CÓ HÌNH VẼ MINH HỌA,and not a single illustration at all.,39c1e162bbcb6ace2b8c0c57807d81830a18f171f537ebc577853f1418b7a847,130964918c36ae00cb559bf075002f1126be4dab16c8a95c3393924541fb0a76,
vivos:train:VIVOSSPK03_T015,2,/Volumes/data/datasets/hibiki_vi_v2/tts/vivos_qwen3_tts_mlx_batch_v1_benchmark_2026-08-04/batch_size_2/batches/b02_VIVOSSPK03_003_51733bf06786/wavs/vivos_train_VIVOSSPK03_T015.wav,3.360042,CHƯƠNG BA CỦA QUYỂN HỒI KÝ CHƯA KẾT THÚC,CHAPTER THREE OF THE UNFINISHED MEMOIR,89c6087dc360ee0b9eed78bb677f7917ffccaa9fcd291622dc65fc24f4292c12,87f1776c824e253da5c8613edc66f33dcc477f3c105ec0000403f8e0018b9d10,
vivos:train:VIVOSSPK03_R059,2,/Volumes/data/datasets/hibiki_vi_v2/tts/vivos_qwen3_tts_mlx_batch_v1_benchmark_2026-08-04/batch_size_2/batches/b02_VIVOSSPK03_004_c17b8a548849/wavs/vivos_train_VIVOSSPK03_R059.wav,2.640042,NÓ HỌC LÓM ĐƯỢC MẤY BỮA,He picked it up on his own for a few days.,e30e8483610303b951cd00d68f18b8d7f609da0a974110783d6b54def18015b9,72e5c1aa28a172dbc7f6a759b8191e496729745c9620aa6aafe2b4096554feaf,
vivos:train:VIVOSSPK03_T047,2,/Volumes/data/datasets/hibiki_vi_v2/tts/vivos_qwen3_tts_mlx_batch_v1_benchmark_2026-08-04/batch_size_2/batches/b02_VIVOSSPK03_004_c17b8a548849/wavs/vivos_train_VIVOSSPK03_T047.wav,3.28,PHIÊN BẢN ĐẦU TIÊN RA MẮT THỨ BẢY TUẦN TRƯỚC,THE FIRST VERSION WAS RELEASED LAST SATURDAY,d2d5fb7f694406292016bdee0edb950985045b1b66c906261011868691bbecd9,84c48fb37bc2720bb3132919ee305f8114bd51b63dcda414cd18eaa69b3a0a92,
vivos:train:VIVOSSPK03_R010,2,/Volumes/data/datasets/hibiki_vi_v2/tts/vivos_qwen3_tts_mlx_batch_v1_benchmark_2026-08-04/batch_size_2/batches/b02_VIVOSSPK03_005_9d58b147a8ed/wavs/vivos_train_VIVOSSPK03_R010.wav,3.360042,CHỢT GẶP GIÓ MÙA ĐÔNG BẮC VỀ,SUDDENLY MEETING THE RETURNING NORTHEAST MONSOON,725974d12a73ef832fd47100dda39f9666d3c1d52ca2d7bc4ee4375944e4b00f,e05b6a4cab7eb89f3d6736b3b1e320825a33103006ac90c69cf28dcc2286a46b,
vivos:train:VIVOSSPK03_R172,2,/Volumes/data/datasets/hibiki_vi_v2/tts/vivos_qwen3_tts_mlx_batch_v1_benchmark_2026-08-04/batch_size_2/batches/b02_VIVOSSPK03_005_9d58b147a8ed/wavs/vivos_train_VIVOSSPK03_R172.wav,4.8,THẾ ĐÃ CÒNG CHƯA ĐÒM CHƯA,"So are you bent over yet, are you ready to be shot?",b1b26f42c9c02f3abbf284b6c6dd8e42d721bd257b199e9fd3e444411fc26a6b,f971b14911cbfe12531b52bf5813975facfd1799a365af1d09c8830fb060f5e7,duration_ratio_above_max
vivos:train:VIVOSSPK03_T043,2,/Volumes/data/datasets/hibiki_vi_v2/tts/vivos_qwen3_tts_mlx_batch_v1_benchmark_2026-08-04/batch_size_2/batches/b02_VIVOSSPK03_006_ecdd5555502b/wavs/vivos_train_VIVOSSPK03_T043.wav,4.88,DÂN VIỆT NAM LÀM ĂN CHỤP GIỰT,VIETNAMESE PEOPLE DO BUSINESS IN AN OPPORTUNISTIC WAY,a0ea7e9793f15eb6a8420d210ff5ef8c6692f67bb246742a55e24f37e34be609,a3d2c732891b5a50748bfc1a3396fb86453abb407c138bc10a933c55145de48c,duration_ratio_above_max
vivos:train:VIVOSSPK03_R171,2,/Volumes/data/datasets/hibiki_vi_v2/tts/vivos_qwen3_tts_mlx_batch_v1_benchmark_2026-08-04/batch_size_2/batches/b02_VIVOSSPK03_006_ecdd5555502b/wavs/vivos_train_VIVOSSPK03_R171.wav,3.84,ĐI QUA CON ĐƯỜNG ĐẤT NHẦY NHỤA NHỮNG VŨNG NƯỚC BẨN TÙ ĐỌNG,"WALK ALONG THE DIRT ROAD MUDDY WITH STAGNANT, DIRTY PUDDLES",a34889cd33bd61869e2fdf9f9c08f2d799da8e34dfd02bf1f4cf0f2b60113426,e7f58f7d1db0c181b6f44fac16b0b170429e99e4434146db206a679907ef3b2e,
vivos:train:VIVOSSPK03_R093,2,/Volumes/data/datasets/hibiki_vi_v2/tts/vivos_qwen3_tts_mlx_batch_v1_benchmark_2026-08-04/batch_size_2/batches/b02_VIVOSSPK03_007_1a135c96d5e8/wavs/vivos_train_VIVOSSPK03_R093.wav,5.04,NẾU NHÓM CÁC NHÀ MÁY CÓ CÙNG TÍNH CHẤT VÀO TRONG MỘT CÔNG TY,IF GROUPING FACTORIES WITH SIMILAR CHARACTERISTICS INTO ONE COMPANY,9448f244ac2919c6f0e9ac5314770406f295d2d269a577c86f8ca4b3c8b3f5e7,465d9c4f3418797e085dae31d90e5bc3cddcc653ec77d6ad8abdfce7a402d1fc,
vivos:train:VIVOSSPK03_R148,2,/Volumes/data/datasets/hibiki_vi_v2/tts/vivos_qwen3_tts_mlx_batch_v1_benchmark_2026-08-04/batch_size_2/batches/b02_VIVOSSPK03_007_1a135c96d5e8/wavs/vivos_train_VIVOSSPK03_R148.wav,7.12,MỌI NGƯỜI KÉO NHỮNG THÚNG CÁ VÀO BỜ VÀ ĐỢI XE CHUYỂN ĐI,PEOPLE PULLED THE BASKETS OF FISH ONSHORE AND WAITED FOR THE TRUCK TO TRANSPORT THEM AWAY,b4fd416dd7a76a5084d8709127332e5249d7bff748d7038c7357f8fbc2d1764d,b52d28f2c1ce9bebed2d7bc1430a6735906e41fabf675d15386cc5eede13d0c6,duration_ratio_above_max
vivos:train:VIVOSSPK06_R014,2,/Volumes/data/datasets/hibiki_vi_v2/tts/vivos_qwen3_tts_mlx_batch_v1_benchmark_2026-08-04/batch_size_2/batches/b02_VIVOSSPK06_000_6fe538efe585/wavs/vivos_train_VIVOSSPK06_R014.wav,0.56,GẦY TỌP,GAUNT,fdeed0356adc73975c3dc5ddf6e71de3e69c8d6c24e9fa8481a07ff992d6af62,2025e40f2f5b0e6b00431add833d643ebe6eef60c8cbcd283a2fe7934aa6dca4,duration_ratio_below_min
vivos:train:VIVOSSPK06_R110,2,/Volumes/data/datasets/hibiki_vi_v2/tts/vivos_qwen3_tts_mlx_batch_v1_benchmark_2026-08-04/batch_size_2/batches/b02_VIVOSSPK06_000_6fe538efe585/wavs/vivos_train_VIVOSSPK06_R110.wav,2.32,BỖNG MỘT NGÀY KIA,Suddenly One Day,eb80b56409befe9d2ab1ad5aef5e24e7af587cfda8ddc8ab54a8d8fe33277689,4728669cff62a1fc4587951c9688f2b51a340326389d3c617202bee382c1d659,
vivos:train:VIVOSSPK06_T032,2,/Volumes/data/datasets/hibiki_vi_v2/tts/vivos_qwen3_tts_mlx_batch_v1_benchmark_2026-08-04/batch_size_2/batches/b02_VIVOSSPK06_001_e88a8d0661ee/wavs/vivos_train_VIVOSSPK06_T032.wav,1.92,CÔ LẤY CHO TÔI CÁI KHĂN NÀO,Please get me a towel.,8c87eb82f3c36d898c38e3f1c0b0039168b69ace5769a885ff31b3dfe060a919,0c99aa0de7601be9f309e357fc715a0e1dea838f81e71575cdd156c1d7f05c59,
vivos:train:VIVOSSPK06_R152,2,/Volumes/data/datasets/hibiki_vi_v2/tts/vivos_qwen3_tts_mlx_batch_v1_benchmark_2026-08-04/batch_size_2/batches/b02_VIVOSSPK06_001_e88a8d0661ee/wavs/vivos_train_VIVOSSPK06_R152.wav,1.68,NHỮNG ÔNG THIỀM THỪ TRẦN KIM TRẮC,THE TOADS BY TRAN KIM TRAC,af9e257efebeb71ef8193c16134bc8a6f6f9f29dd0e84b44806e748ac54f6d1a,6caf6754b2ba15417aa911d5f39b5bc97acb66b2c63e502bd904c4dff6e1d8e3,
vivos:train:VIVOSSPK06_T043,2,/Volumes/data/datasets/hibiki_vi_v2/tts/vivos_qwen3_tts_mlx_batch_v1_benchmark_2026-08-04/batch_size_2/batches/b02_VIVOSSPK06_002_8e97dd800e04/wavs/vivos_train_VIVOSSPK06_T043.wav,2.08,ANH KHÔNG CƯỜI CŨNG KHÔNG NHĂN MẶT,He neither smiled nor frowned.,f1754df6e9da2cb99b1aaace4b0fbcdcbf17597f08a22d5c73b6f63c886cc6cc,5b2cbc6fe6af9bfd7c3af5cc511cf0a7018033f016a231dae1c28a8fd6c5eac2,
vivos:train:VIVOSSPK06_R180,2,/Volumes/data/datasets/hibiki_vi_v2/tts/vivos_qwen3_tts_mlx_batch_v1_benchmark_2026-08-04/batch_size_2/batches/b02_VIVOSSPK06_002_8e97dd800e04/wavs/vivos_train_VIVOSSPK06_R180.wav,2.72,CHO CHÍNH QUYỀN CÁC QUỐC GIA KHÁC,FOR GOVERNMENTS OF OTHER COUNTRIES,b55bc82deb9238130d4d3ecdbcaa54dd8865ca4dc835df2a49195cf59a312dd9,e1bc82763ce7823040f1eb3f6b5154ab03c0dab8ee59c5bbcc47a26674266567,
vivos:train:VIVOSSPK06_R176,2,/Volumes/data/datasets/hibiki_vi_v2/tts/vivos_qwen3_tts_mlx_batch_v1_benchmark_2026-08-04/batch_size_2/batches/b02_VIVOSSPK06_003_48083ddc1cdf/wavs/vivos_train_VIVOSSPK06_R176.wav,2.72,CHỨ KHÔNG PHẢI VỀ SẢN PHẨM HAY DỊCH VỤ,And not about the product or service.,2b2c64635ede4d3fd1d35617a163a6fd7d33d9cde8272abf9e518f9cc77368b9,2dcda1123c6c534a861ce2e896f7d91dcf6602815002ad251d221d5e4f6a5307,
vivos:train:VIVOSSPK06_R104,2,/Volumes/data/datasets/hibiki_vi_v2/tts/vivos_qwen3_tts_mlx_batch_v1_benchmark_2026-08-04/batch_size_2/batches/b02_VIVOSSPK06_003_48083ddc1cdf/wavs/vivos_train_VIVOSSPK06_R104.wav,2.64,Ở PHÍA TRÁI TÒA CỬU LONG,On the left side of the Cuu Long Building,7640134c771a99f1e6f82b57b72d5472159621b913c89e1a3f4eb06b8625416b,6201a9a5287e8f5c3e5ee87b5676996e057c7878fd7db657ce37e088f2301ad3,
vivos:train:VIVOSSPK06_R023,2,/Volumes/data/datasets/hibiki_vi_v2/tts/vivos_qwen3_tts_mlx_batch_v1_benchmark_2026-08-04/batch_size_2/batches/b02_VIVOSSPK06_004_ae32c92933a4/wavs/vivos_train_VIVOSSPK06_R023.wav,3.68,THUẦN TÚY VIỆT NAM KHÁC TRONG DỊP TẾT,OTHER PURELY VIETNAMESE TRADITIONS DURING TET,589a5a0be2403cadc873490e835929ecdb0e06063bdd87447f25e5a3a1a7cd5e,a9bee29d6ecee55c2646412c2752e9423905508c50d52353956c90cce206311c,
vivos:train:VIVOSSPK06_R055,2,/Volumes/data/datasets/hibiki_vi_v2/tts/vivos_qwen3_tts_mlx_batch_v1_benchmark_2026-08-04/batch_size_2/batches/b02_VIVOSSPK06_004_ae32c92933a4/wavs/vivos_train_VIVOSSPK06_R055.wav,3.12,TẤT NHIÊN KHÔNG PHẢI TẤT CẢ CHÚNG TA CŨNG BIẾT MÌNH ĐẾN TỪ ĐÂU,OF COURSE NOT ALL OF US KNOW WHERE WE COME FROM,40701500501542e055b8296abec906ad0f1c10708f99ea96ccfdee3e7c5cd538,b01c59e07cb6da1db167b4c790ed9a764ea21da1170ae088db6accff995fab87,
vivos:train:VIVOSSPK06_T038,2,/Volumes/data/datasets/hibiki_vi_v2/tts/vivos_qwen3_tts_mlx_batch_v1_benchmark_2026-08-04/batch_size_2/batches/b02_VIVOSSPK06_005_d93007328290/wavs/vivos_train_VIVOSSPK06_T038.wav,3.52,HỌ GỒM NĂM NGƯỜI HAI CHÀNG TRAI VÀ BA CÔ GÁI,There were five of them: two guys and three girls.,ce454e1b3c486611a73b53d85d0a8f89d31af92e437a4bc1938fc1027b8513f0,993c5f11f1c7dcd272d83bf84fcb82c9e420a1008dbf0e05e93857d349847051,
vivos:train:VIVOSSPK06_R018,2,/Volumes/data/datasets/hibiki_vi_v2/tts/vivos_qwen3_tts_mlx_batch_v1_benchmark_2026-08-04/batch_size_2/batches/b02_VIVOSSPK06_005_d93007328290/wavs/vivos_train_VIVOSSPK06_R018.wav,4.24,VỀ ĐẾN ĐÌNH LÀM LỄ,Arriving at the communal house to perform the ceremony,fd3d374d9e437506ded782e4602d69cdd5a4fe4df76f4da893d10499cce9ad61,559b23004c2ec301056a9f594ab803be0bc4564831c859969393425d3e04d0a1,
vivos:train:VIVOSSPK06_R049,2,/Volumes/data/datasets/hibiki_vi_v2/tts/vivos_qwen3_tts_mlx_batch_v1_benchmark_2026-08-04/batch_size_2/batches/b02_VIVOSSPK06_006_934a2df95d66/wavs/vivos_train_VIVOSSPK06_R049.wav,4.88,PHẢI DỨT KHOÁT TRẢ LỜI CÂU HỎI NÀY THẬT RÕ,THIS QUESTION MUST BE ANSWERED VERY CLEARLY AND DECISIVELY,a23cda1557f580a1ccf001ed8c1b9bcf5829503ab6be537213ab68fc46d099bd,0c2105004e9944e60deaad641dfec5aa98d294b7f09c2be0df411abaa9489311,
vivos:train:VIVOSSPK06_T017,2,/Volumes/data/datasets/hibiki_vi_v2/tts/vivos_qwen3_tts_mlx_batch_v1_benchmark_2026-08-04/batch_size_2/batches/b02_VIVOSSPK06_006_934a2df95d66/wavs/vivos_train_VIVOSSPK06_T017.wav,3.760042,EM SẼ GIỮ ĐỨA BÉ DÙ ANH KHÔNG QUAN TÂM GÌ TỚI EM,I will keep the baby even if you don't care about me at all.,0aa102e5f1448159a26ce79afbd52b3a17a72b1feab6bbd8db1c49f3d1a3fd75,7f4b494ad7c066013b4e936534b2c8c0cc4e00184f0c34b7a5c964caf6d91c77,
vivos:train:VIVOSSPK06_R030,2,/Volumes/data/datasets/hibiki_vi_v2/tts/vivos_qwen3_tts_mlx_batch_v1_benchmark_2026-08-04/batch_size_2/batches/b02_VIVOSSPK06_007_fcc27ea04f68/wavs/vivos_train_VIVOSSPK06_R030.wav,3.84,GỬI ĐẾN NHỮNG CON NGƯỜI ĐÃ XẢ THÂN VÌ QUÊ HƯƠNG ĐẤT NƯỚC,TO THOSE WHO SACRIFICED THEMSELVES FOR THEIR HOMELAND AND COUNTRY,70a0d3c612bac84642f41ef486531dab7b0d92e844d0794a1675f762892d4a8b,1e702a408e6161a587b25b38a900f8863d372ff384ab74d68fa35cdd56908c6f,
vivos:train:VIVOSSPK06_R050,2,/Volumes/data/datasets/hibiki_vi_v2/tts/vivos_qwen3_tts_mlx_batch_v1_benchmark_2026-08-04/batch_size_2/batches/b02_VIVOSSPK06_007_fcc27ea04f68/wavs/vivos_train_VIVOSSPK06_R050.wav,8.72,MỘT THỜI CÓ ĐỨA RẦN RẦN HẠT MƯA RỚT XUỐNG BÂNG KHUÂNG NỖI LÒNG,"Once upon a time, there was a boisterous girl, as the raindrops fell, her heart was filled with melancholy.",ce039ac672ac5c10e4ad404e93d2d6c83ac3e2cad292a666ad03288f4b79df91,48c0fadf2c65dcb0304efb1c1c3816382a1c454c49f5917786baac3bb6ee79e7,
vivos:train:VIVOSSPK07_R014,2,/Volumes/data/datasets/hibiki_vi_v2/tts/vivos_qwen3_tts_mlx_batch_v1_benchmark_2026-08-04/batch_size_2/batches/b02_VIVOSSPK07_000_93393b348028/wavs/vivos_train_VIVOSSPK07_R014.wav,1.2,Ở KHẮP CHÂU Á,ACROSS ASIA,5aeccd24ca9e6968eacbabb2d4dd13a1d7ec78ea8fd00daf8ff85422eb79bb95,8ebf7ae8e1cfbf090279bca19bd30cadebe75fc94c85b391f4b12da3d9a86c0b,duration_ratio_below_min
vivos:train:VIVOSSPK07_R028,2,/Volumes/data/datasets/hibiki_vi_v2/tts/vivos_qwen3_tts_mlx_batch_v1_benchmark_2026-08-04/batch_size_2/batches/b02_VIVOSSPK07_000_93393b348028/wavs/vivos_train_VIVOSSPK07_R028.wav,1.44,BẤT KỲ AI CŨNG CÓ THỂ HỌC HỎI,ANYONE CAN LEARN,d4a3bda8cdaef821105a2d0c5f7c93f021009af12252ee749f6b7c4c8b229fc6,77f88ed1eb06b2190a059bc93a40a6909d313ab9ba8e6ded4048ec266cb45dbb,duration_ratio_below_min
vivos:train:VIVOSSPK07_R021,2,/Volumes/data/datasets/hibiki_vi_v2/tts/vivos_qwen3_tts_mlx_batch_v1_benchmark_2026-08-04/batch_size_2/batches/b02_VIVOSSPK07_001_14066bc8787e/wavs/vivos_train_VIVOSSPK07_R021.wav,2.08,XUẤT HIỆN TRÊN CON ĐƯỜNG CỦA MÌNH,APPEARED ON THEIR WAY,a215c77e17556f7d74a61cca78faf12b2c09d90d5dbc4f18e458a27108c3bea2,794a103a5d04194eba49f79f2adaab4449597d28c7842677d667f24c9caa2b39,
vivos:train:VIVOSSPK07_R005,2,/Volumes/data/datasets/hibiki_vi_v2/tts/vivos_qwen3_tts_mlx_batch_v1_benchmark_2026-08-04/batch_size_2/batches/b02_VIVOSSPK07_001_14066bc8787e/wavs/vivos_train_VIVOSSPK07_R005.wav,2.24,BẾN XE TÀNG HÌNH,THE INVISIBLE BUS STATION,c38331a87e59eb401a793b7d114ad964133484b39f20e5552c62846cd3857a07,1d858d54e4def93d5befe725afbdb08b453c30aa6d715105fed2079b1519a799,
vivos:train:VIVOSSPK07_R024,2,/Volumes/data/datasets/hibiki_vi_v2/tts/vivos_qwen3_tts_mlx_batch_v1_benchmark_2026-08-04/batch_size_2/batches/b02_VIVOSSPK07_002_47c2212666e7/wavs/vivos_train_VIVOSSPK07_R024.wav,2.16,THẾ LÀ THÂN PHẬN CÙNG NHAN SẮC,So that is fate and beauty,a599e066ac2ec9e26ffafc254acb059428e9d35f7133f403220662fe21571ffe,92466c7550765dcb43046644220ffc41bc7d9c6eac0b491a22911224feb8af0b,
vivos:train:VIVOSSPK07_R004,2,/Volumes/data/datasets/hibiki_vi_v2/tts/vivos_qwen3_tts_mlx_batch_v1_benchmark_2026-08-04/batch_size_2/batches/b02_VIVOSSPK07_002_47c2212666e7/wavs/vivos_train_VIVOSSPK07_R004.wav,2.4,NHƯNG CHÂN TÔI CÒN NGẮN,But my legs are still short.,355478f79416b4994975225570d9bdb6f21cbc02d47b60c07f0e725a64f534cd,8c4435632d12e9c0024be1de91a674eefdf3b40c4d7635604bfe9659000f9ce4,
vivos:train:VIVOSSPK07_R009,2,/Volumes/data/datasets/hibiki_vi_v2/tts/vivos_qwen3_tts_mlx_batch_v1_benchmark_2026-08-04/batch_size_2/batches/b02_VIVOSSPK07_003_cdd735d69a2f/wavs/vivos_train_VIVOSSPK07_R009.wav,2.08,HÌNH NHƯ BÀ MỆT MỎI LẮM RỒI,You look like you're very tired.,fcbb29061833f7b6d599b4f49c46f66ab169aac1ca94ca9bb703955aaf45aa0f,f5f6943e9e1a86809af6ad10aa04ba2d813e1063cf70b44842f436fd2039ef44,
vivos:train:VIVOSSPK07_R017,2,/Volumes/data/datasets/hibiki_vi_v2/tts/vivos_qwen3_tts_mlx_batch_v1_benchmark_2026-08-04/batch_size_2/batches/b02_VIVOSSPK07_003_cdd735d69a2f/wavs/vivos_train_VIVOSSPK07_R017.wav,3.6,KHÔNG PHẢI LÀ NGUYÊN NHÂN GÂY CHỨNG VIÊM KHỚP GỐI,NOT A CAUSE OF KNEE OSTEOARTHRITIS,9ec3e8c5a9848df5521cb053d6862ccb0f9b3f0091b3b00f27a50b8897d00145,113aa2b6e57c373537da6421d9bb21327a4870ca3dea729ad89c4b48b305eb48,
vivos:train:VIVOSSPK07_R040,2,/Volumes/data/datasets/hibiki_vi_v2/tts/vivos_qwen3_tts_mlx_batch_v1_benchmark_2026-08-04/batch_size_2/batches/b02_VIVOSSPK07_004_ddb506698296/wavs/vivos_train_VIVOSSPK07_R040.wav,2.64,HUYỆN THĂNG BÌNH TỈNH QUẢNG NAM,"Thang Binh District, Quang Nam Province",290b6959da4dc19964659be2da0e57d88cecc550c66bc3651ab2a47cd31fe658,28cf85b59df72de58d8e0c01a7f9f3bd5dd998bb40aea3bf97ab9eca94b26096,
vivos:train:VIVOSSPK07_R047,2,/Volumes/data/datasets/hibiki_vi_v2/tts/vivos_qwen3_tts_mlx_batch_v1_benchmark_2026-08-04/batch_size_2/batches/b02_VIVOSSPK07_004_ddb506698296/wavs/vivos_train_VIVOSSPK07_R047.wav,2.72,NHỮNG NỖ LỰC CỦA BẠN CUỐI CÙNG RỒI CŨNG SẼ ĐƯỢC ĐỀN ĐÁP,Your efforts will eventually be rewarded.,bba5f90aaef7725925e3d5ad52234a76d3a97009273e1e04783b06a4d80a7a83,e37effe808537c03f3f4c8df387e828f93a48d96e0472939341c3b8341f175f3,
vivos:train:VIVOSSPK07_R001,2,/Volumes/data/datasets/hibiki_vi_v2/tts/vivos_qwen3_tts_mlx_batch_v1_benchmark_2026-08-04/batch_size_2/batches/b02_VIVOSSPK07_005_ce233deaea43/wavs/vivos_train_VIVOSSPK07_R001.wav,3.44,TÀU BẤT NGỜ BỊ LẬT ĐẮM KHI ĐANG NEO ĐẬU,BOAT SUDDENLY CAPSIDES AND SINKS WHILE ANCHORED,3d0bcf0053b7552540b9e2e387b09140e1644baf444161b1f19d932338e1ab91,56719cedf55affa615d8b8b90e8342e1957fdddb7ccaafb80a7a232536398162,
vivos:train:VIVOSSPK07_R031,2,/Volumes/data/datasets/hibiki_vi_v2/tts/vivos_qwen3_tts_mlx_batch_v1_benchmark_2026-08-04/batch_size_2/batches/b02_VIVOSSPK07_005_ce233deaea43/wavs/vivos_train_VIVOSSPK07_R031.wav,3.76,BỘ ĐÃ CẮT BỎ HÀNG LOẠT CÁC HẠNG MỤC CẦN THIẾT,THE MINISTRY HAS CUT A SERIES OF NECESSARY ITEMS,533bcf128102c820c47412e8d14b8d8b0976b92515ce9b99b4e5f811b5af5a67,552326589c0e6cd381fc63677af23387ec79d19180ab1a6d6c8078fd566cf4c6,
vivos:train:VIVOSSPK07_R050,2,/Volumes/data/datasets/hibiki_vi_v2/tts/vivos_qwen3_tts_mlx_batch_v1_benchmark_2026-08-04/batch_size_2/batches/b02_VIVOSSPK07_006_dd582bd41a85/wavs/vivos_train_VIVOSSPK07_R050.wav,3.44,VÌ KHÔNG CHẤP NHẬN ĐƯỢC SỰ PHÁN XÉT OAN KHIÊN CỦA CÔ GIÁO,Because I couldn't accept the teacher's unjust judgment,937912bdcdbf76c7e9b42819f8cc4df89834bc112309644f32adf0eae20fe23b,d2cc7500beb0172172b52fac8b8a3ff7ad1316c69085c237c6176e40bce96884,
vivos:train:VIVOSSPK07_R041,2,/Volumes/data/datasets/hibiki_vi_v2/tts/vivos_qwen3_tts_mlx_batch_v1_benchmark_2026-08-04/batch_size_2/batches/b02_VIVOSSPK07_006_dd582bd41a85/wavs/vivos_train_VIVOSSPK07_R041.wav,3.68,THẬT SỰ QUAN TRỌNG ĐẾN THẾ NÀO NẾU BỊ TAI NẠN TRÊN ĐƯỜNG,HOW IMPORTANT IS IT REALLY IF YOU HAVE AN ACCIDENT ON THE ROAD,3afac61471d85f64d53371e93d9cf28e2cf74f92ff47ec0c035f4341c9c08814,a64aa48ae08f6cd12dd7d560a37f075567abd61047543a73c70aa2ce673261a3,
vivos:train:VIVOSSPK07_R011,2,/Volumes/data/datasets/hibiki_vi_v2/tts/vivos_qwen3_tts_mlx_batch_v1_benchmark_2026-08-04/batch_size_2/batches/b02_VIVOSSPK07_007_9a4451648491/wavs/vivos_train_VIVOSSPK07_R011.wav,5.44,TRÊN TIÊU CHÍ NHỮNG NGƯỜI NÀY CÓ NHIỀU ĐÓNG GÓP Ý NGHĨA,Based on the criteria that these people have made many meaningful contributions,9a38f74278a241dc23e24a86abc13fcfe674c3e78d34489696b43649cc8b1ead,84c98405c3405570579e3bdb17aace9723d1632e1f57b7a8e74c6cb49cffdee8,
vivos:train:VIVOSSPK07_R032,2,/Volumes/data/datasets/hibiki_vi_v2/tts/vivos_qwen3_tts_mlx_batch_v1_benchmark_2026-08-04/batch_size_2/batches/b02_VIVOSSPK07_007_9a4451648491/wavs/vivos_train_VIVOSSPK07_R032.wav,5.44,SAU ĐÓ CHỊ EM TÔI VỀ PHÒNG RIÊNG NGỒI KHAI BÚT,"After that, my sibling and I went to our private room to do the first writing of the New Year.",55f6dc92326f8cf657e1780f50576aafd0ceb64d443b1a920b03ef0eb845fdfb,ef6de173d575f43c1d7dba44f969376c621bf984763221a77b0c115ea1d422cc,
vivos:train:VIVOSSPK02_R143,4,/Volumes/data/datasets/hibiki_vi_v2/tts/vivos_qwen3_tts_mlx_batch_v1_benchmark_2026-08-04/batch_size_4/batches/b04_VIVOSSPK02_000_8ca99e3051c8/wavs/vivos_train_VIVOSSPK02_R143.wav,1.04,RỒI SAU ĐÓ,And then,f39c508fbb922d7464244e67651cfafa8eac39a5e35437c0ec906bc138982e36,acd26caf999b7cb033b66744fb94cb29e7ebbbcfcf0553ae70b45931980006cd,
vivos:train:VIVOSSPK02_R100,4,/Volumes/data/datasets/hibiki_vi_v2/tts/vivos_qwen3_tts_mlx_batch_v1_benchmark_2026-08-04/batch_size_4/batches/b04_VIVOSSPK02_000_8ca99e3051c8/wavs/vivos_train_VIVOSSPK02_R100.wav,1.76,NGƯỜI TA GIỚI THIỆU VỚI TÔI,I was introduced to,092df260140e14a840f913a56825d7f630d04885c7a9bfd9d9619511b56fd20b,f8c3ff1655c130c4397092981d277f46535a0dfea5ed8a23025b9594a76431f8,
vivos:train:VIVOSSPK02_R060,4,/Volumes/data/datasets/hibiki_vi_v2/tts/vivos_qwen3_tts_mlx_batch_v1_benchmark_2026-08-04/batch_size_4/batches/b04_VIVOSSPK02_000_8ca99e3051c8/wavs/vivos_train_VIVOSSPK02_R060.wav,1.84,PHƯƠNG THỨC ĐỂ THỰC HIỆN ĐƯỢC ĐIỀU ĐÓ,METHODS TO ACHIEVE THAT,45a5a18ff6438743f7bc57bf61031c89059eb7e9eb39ca5f313d7526160622f6,d5356c7c27f3fb83b8c527bf2d236ee7012633bb18c8f5587926bd12897d28a1,
vivos:train:VIVOSSPK02_R193,4,/Volumes/data/datasets/hibiki_vi_v2/tts/vivos_qwen3_tts_mlx_batch_v1_benchmark_2026-08-04/batch_size_4/batches/b04_VIVOSSPK02_000_8ca99e3051c8/wavs/vivos_train_VIVOSSPK02_R193.wav,2.48,CẦU MONG CHO DUYÊN LÀNH,MAY GOOD FORTUNE BLESS US,9ee3a1a8a3582e1b468d867f029fe6c1ef4722b029c93ae168a5138e0a48acc3,7b4b649196d0f104d6cf7d2480352f7970c7cebf4cc4436845a1ec3be823c542,
vivos:train:VIVOSSPK02_R103,4,/Volumes/data/datasets/hibiki_vi_v2/tts/vivos_qwen3_tts_mlx_batch_v1_benchmark_2026-08-04/batch_size_4/batches/b04_VIVOSSPK02_001_2302bd511203/wavs/vivos_train_VIVOSSPK02_R103.wav,2.48,ĐÔI MẮT XẾCH CỦA HẮN MỞ HẾT CỠ,His slanted eyes opened wide.,a3baaca77c28f836444fb30e103282dddb4c43dd5eeb83d6751c0f31293b7708,a1347a29e60fd66e63fa814232cdb457515e86cede9349c5c0bbc7d5b9a71f25,
vivos:train:VIVOSSPK02_T024,4,/Volumes/data/datasets/hibiki_vi_v2/tts/vivos_qwen3_tts_mlx_batch_v1_benchmark_2026-08-04/batch_size_4/batches/b04_VIVOSSPK02_001_2302bd511203/wavs/vivos_train_VIVOSSPK02_T024.wav,2.56,EM KHÔNG MUỐN GẶP ANH NỮA,I don't want to see you anymore.,9048e5155daac06e7102889e06aebd1ece242370eb3855f01b33c26546f32e6b,1ee50ec4586dd1d3832d05405f82d66f0d47d7e1d805f0469d30a227c047c760,
vivos:train:VIVOSSPK02_R079,4,/Volumes/data/datasets/hibiki_vi_v2/tts/vivos_qwen3_tts_mlx_batch_v1_benchmark_2026-08-04/batch_size_4/batches/b04_VIVOSSPK02_001_2302bd511203/wavs/vivos_train_VIVOSSPK02_R079.wav,3.28,CHỈ CHE BẰNG CHIẾC LÔNG ĐÀ ĐIỂU,COVERED ONLY BY AN OSTRICH FEATHER,c36c1731053094021032a2c1035b6570d981be70bae761b91a4beb8d40a7025d,86b83385e7bd33bdcf49acf10a99322184a2281efc64452add8d3caa10570d4e,
vivos:train:VIVOSSPK02_R082,4,/Volumes/data/datasets/hibiki_vi_v2/tts/vivos_qwen3_tts_mlx_batch_v1_benchmark_2026-08-04/batch_size_4/batches/b04_VIVOSSPK02_001_2302bd511203/wavs/vivos_train_VIVOSSPK02_R082.wav,2.56,THƯỜNG VANG LÊN QUA CÁC LOA PHÓNG THANH,Often blaring through the loudspeakers,d3af973932a9ae53b158b0f62c619f8c146049a97ef21832657a2be4f23913e7,976c565c5ab2c9715d875b9cbf606b4be8eb36bc5a5e118f644871a9f9eb85eb,
vivos:train:VIVOSSPK02_T044,4,/Volumes/data/datasets/hibiki_vi_v2/tts/vivos_qwen3_tts_mlx_batch_v1_benchmark_2026-08-04/batch_size_4/batches/b04_VIVOSSPK02_002_34f4a1e82ce0/wavs/vivos_train_VIVOSSPK02_T044.wav,3.6,NHÀ THIẾT KẾ THỜI TRANG VỪA GẶP TAI NẠN,THE FASHION DESIGNER JUST HAD AN ACCIDENT,785f67b37fb399d6a99058f6518ad3310f682f4394bdd6d45a22e3d4b4cbef6c,9ee13eda10052463af5d78b8ae868a80e84da8c66eb2085cf92a99e16d673aa4,
vivos:train:VIVOSSPK02_R132,4,/Volumes/data/datasets/hibiki_vi_v2/tts/vivos_qwen3_tts_mlx_batch_v1_benchmark_2026-08-04/batch_size_4/batches/b04_VIVOSSPK02_002_34f4a1e82ce0/wavs/vivos_train_VIVOSSPK02_R132.wav,2.640042,LÀ CÁNH CỬA BẰNG TÔN ĐÓNG IM ỈM,It was the corrugated iron door tightly shut.,b2487c659fc562957c3a7c67f7e41b6f0c9be6ec2f521f42aa01fabc92c0227f,c72d18683a448f2fc81a848595f5a3c3e7daa2427db7791b6f24aa132ffaa569,
vivos:train:VIVOSSPK02_R194,4,/Volumes/data/datasets/hibiki_vi_v2/tts/vivos_qwen3_tts_mlx_batch_v1_benchmark_2026-08-04/batch_size_4/batches/b04_VIVOSSPK02_002_34f4a1e82ce0/wavs/vivos_train_VIVOSSPK02_R194.wav,3.84,ĐIỂM ĐẦU TIÊN CHÚNG TÔI ĐẾN LÀ CÁNH ĐỒNG CHUM,The first place we visited was the Plain of Jars.,a9e7f9458e011d5947d1bcb7e9e8061f4dea4f0380609c8051498363c2671637,6e770bebfe6d201194bbb9fb9be5b193192924d7732e74ed1d613016c7864e0e,
vivos:train:VIVOSSPK02_R010,4,/Volumes/data/datasets/hibiki_vi_v2/tts/vivos_qwen3_tts_mlx_batch_v1_benchmark_2026-08-04/batch_size_4/batches/b04_VIVOSSPK02_002_34f4a1e82ce0/wavs/vivos_train_VIVOSSPK02_R010.wav,4.16,CŨNG CÓ NHIỀU RỦI RO BỊ BỆNH NÀY LUÔN,There is also a high risk of getting this disease too.,8a7ec0cb75f66a7a4205d73bc2404fcdfc49a3b5ab0be36a4f40249f1745acba,ac19676c50f61ae2bb370824be26133f671ada674ba358128aea0e7e4bd710db,
vivos:train:VIVOSSPK02_R119,4,/Volumes/data/datasets/hibiki_vi_v2/tts/vivos_qwen3_tts_mlx_batch_v1_benchmark_2026-08-04/batch_size_4/batches/b04_VIVOSSPK02_003_f8600287544e/wavs/vivos_train_VIVOSSPK02_R119.wav,4.56,SAU KHI ĐI GIẦY DA NHỌN MŨI MÕM NGÓE QUÁ CHẬT,AFTER WEARING POINTED-TOE LEATHER SHOES THAT WERE TOO TIGHT,666112193a22249ad7ed59bc6f2f7a38674060c817a498bab06693fb40a1afb0,42ecc67cb6a0d8fe8bd7d3ddf954f24c78f618b71b647fb167cf340f745cb51f,
vivos:train:VIVOSSPK02_R107,4,/Volumes/data/datasets/hibiki_vi_v2/tts/vivos_qwen3_tts_mlx_batch_v1_benchmark_2026-08-04/batch_size_4/batches/b04_VIVOSSPK02_003_f8600287544e/wavs/vivos_train_VIVOSSPK02_R107.wav,4.88,NGÓN ĐỜN CỦA ÔNG TRẦM BỔNG LUYẾN LÁY,Mr. Tram Bong's playing style is full of melismatic flourishes.,c541263bb26968524cbe1f103212dcc48b90d7dcb7f85103f9e3258cab9db54e,407f04a6977eee33efea8093b22b3fc0dc62ab589e8cbb22f636538cd8c5b5e5,
vivos:train:VIVOSSPK02_R038,4,/Volumes/data/datasets/hibiki_vi_v2/tts/vivos_qwen3_tts_mlx_batch_v1_benchmark_2026-08-04/batch_size_4/batches/b04_VIVOSSPK02_003_f8600287544e/wavs/vivos_train_VIVOSSPK02_R038.wav,4.72,KHIẾN CHIẾC GHE BỊ TRÚNG NHIỀU MẢNH ĐẠN VÀ ANH BỊ THƯƠNG,Causing the boat to be hit by multiple shrapnel fragments and injuring him,6ff880c47b673e05a916de419f3f37a4c597df65457cdeacae2b2ea77646650a,d732674fbea2e8ef3f3dd77cfa39b9f6775124cf6ae38c4088bca5130c08551c,
vivos:train:VIVOSSPK02_R136,4,/Volumes/data/datasets/hibiki_vi_v2/tts/vivos_qwen3_tts_mlx_batch_v1_benchmark_2026-08-04/batch_size_4/batches/b04_VIVOSSPK02_003_f8600287544e/wavs/vivos_train_VIVOSSPK02_R136.wav,6.48,THẰNG KIA NÍCH ĐỒ VÀO NHẢY PHÓT LÊN NGỰA VỌT ĐI BIỆT,"That guy stuffed his things into the bag, leaped onto his horse, and sped away without a trace.",5f2c2466e8130f248f9f6ffd6ce449597b72589612a42219fd0b05733974b5ef,5206b3a2ba0752ff222d7bb4d7998503bef7e6d085d712d7286564069f1e81a0,
vivos:train:VIVOSSPK03_R114,4,/Volumes/data/datasets/hibiki_vi_v2/tts/vivos_qwen3_tts_mlx_batch_v1_benchmark_2026-08-04/batch_size_4/batches/b04_VIVOSSPK03_000_1448b976094b/wavs/vivos_train_VIVOSSPK03_R114.wav,0.88,BỞI LẼ,BECAUSE,69a469bf74aeb644465080908b26fe3d2f13c89f1995123de78879ff492b0fa5,426aaacc3b811a9be90f82add851c680a1c48616f6c4da6779081bf00744f367,
vivos:train:VIVOSSPK03_R160,4,/Volumes/data/datasets/hibiki_vi_v2/tts/vivos_qwen3_tts_mlx_batch_v1_benchmark_2026-08-04/batch_size_4/batches/b04_VIVOSSPK03_000_1448b976094b/wavs/vivos_train_VIVOSSPK03_R160.wav,1.12,VÀ LẬP KẾ HOẠCH CÓ NGHĨA LÀ,AND PLANNING MEANS,5daa456e434935f163519f243515f04f4303e0b25af2fd389e321e3d67286aea,48852110853a8d9016fbc5d515d1a4e6ac75868b5d248bbecb84124567ec399e,
vivos:train:VIVOSSPK03_R136,4,/Volumes/data/datasets/hibiki_vi_v2/tts/vivos_qwen3_tts_mlx_batch_v1_benchmark_2026-08-04/batch_size_4/batches/b04_VIVOSSPK03_000_1448b976094b/wavs/vivos_train_VIVOSSPK03_R136.wav,2.08,VẪN MẮC NỢ CHÍNH MÌNH,STILL INDEBTED TO MYSELF,2365c9c3033c9f684598146830098c95adeb1819f991262a9f42a57508567750,8dbf2e981e94348421777b2024ca1ce20990058245178f316d10bad2e2c8da99,
vivos:train:VIVOSSPK03_R096,4,/Volumes/data/datasets/hibiki_vi_v2/tts/vivos_qwen3_tts_mlx_batch_v1_benchmark_2026-08-04/batch_size_4/batches/b04_VIVOSSPK03_000_1448b976094b/wavs/vivos_train_VIVOSSPK03_R096.wav,2.640042,NGƯỜI ĐÀN ÔNG NÀY CÓ LẼ LÀ MỘT NÔNG DÂN,THIS MAN IS PROBABLY A FARMER,29b849438645a1026190ee145d7f61fd22963eeb775eeec2bb4d001015b84da9,658b299fc4269bcbfa47bf2aa6c31a942ac6707aac9f6113f1112d01fb87a465,
vivos:train:VIVOSSPK03_T024,4,/Volumes/data/datasets/hibiki_vi_v2/tts/vivos_qwen3_tts_mlx_batch_v1_benchmark_2026-08-04/batch_size_4/batches/b04_VIVOSSPK03_001_f6a8c3fdab3d/wavs/vivos_train_VIVOSSPK03_T024.wav,2.56,TRƯỜNG BÌNH CÔNG CHÚA BỊ CỤT TAY,PRINCESS CHANGPING LOSES HER ARM,7e86f97ddfdc39cc2f5004e64d7e213bce5fb52e18b7001bbfec0a63dd1342c9,09101796d61f6423640993765590cf06609ab0a3913f959f14b00653b32f24b0,
vivos:train:VIVOSSPK03_T013,4,/Volumes/data/datasets/hibiki_vi_v2/tts/vivos_qwen3_tts_mlx_batch_v1_benchmark_2026-08-04/batch_size_4/batches/b04_VIVOSSPK03_001_f6a8c3fdab3d/wavs/vivos_train_VIVOSSPK03_T013.wav,3.040042,LẤY TĨNH CHẾ ĐỘNG,Use stillness to overcome movement,8831f79ebc598f5885de93c15535216f8ea4595eba15f447d9b0a6e7ccb9f0ac,1d9b99e368ac62906a02ac84a6d835239dc3dd5e74b14b9dd51bc67b2696d538,
vivos:train:VIVOSSPK03_R076,4,/Volumes/data/datasets/hibiki_vi_v2/tts/vivos_qwen3_tts_mlx_batch_v1_benchmark_2026-08-04/batch_size_4/batches/b04_VIVOSSPK03_001_f6a8c3fdab3d/wavs/vivos_train_VIVOSSPK03_R076.wav,2.96,CHỨ KHÔNG HỀ CÓ HÌNH VẼ MINH HỌA,and not a single illustration at all.,d594df9f58f000337540134049af5739e6feeb04dcd60d175d721ff26aa64b74,130964918c36ae00cb559bf075002f1126be4dab16c8a95c3393924541fb0a76,
vivos:train:VIVOSSPK03_T015,4,/Volumes/data/datasets/hibiki_vi_v2/tts/vivos_qwen3_tts_mlx_batch_v1_benchmark_2026-08-04/batch_size_4/batches/b04_VIVOSSPK03_001_f6a8c3fdab3d/wavs/vivos_train_VIVOSSPK03_T015.wav,3.2,CHƯƠNG BA CỦA QUYỂN HỒI KÝ CHƯA KẾT THÚC,CHAPTER THREE OF THE UNFINISHED MEMOIR,164b4daedaa2727c27e15734d818e2fbce9c121b656fedb396c011704ae4975f,87f1776c824e253da5c8613edc66f33dcc477f3c105ec0000403f8e0018b9d10,
vivos:train:VIVOSSPK03_R059,4,/Volumes/data/datasets/hibiki_vi_v2/tts/vivos_qwen3_tts_mlx_batch_v1_benchmark_2026-08-04/batch_size_4/batches/b04_VIVOSSPK03_002_1695be4a8022/wavs/vivos_train_VIVOSSPK03_R059.wav,3.28,NÓ HỌC LÓM ĐƯỢC MẤY BỮA,He picked it up on his own for a few days.,0e9dacf7a3509d7fc3095306732fdb0c158d2c32cee3963f59022902bd55cdfd,72e5c1aa28a172dbc7f6a759b8191e496729745c9620aa6aafe2b4096554feaf,
vivos:train:VIVOSSPK03_T047,4,/Volumes/data/datasets/hibiki_vi_v2/tts/vivos_qwen3_tts_mlx_batch_v1_benchmark_2026-08-04/batch_size_4/batches/b04_VIVOSSPK03_002_1695be4a8022/wavs/vivos_train_VIVOSSPK03_T047.wav,2.880042,PHIÊN BẢN ĐẦU TIÊN RA MẮT THỨ BẢY TUẦN TRƯỚC,THE FIRST VERSION WAS RELEASED LAST SATURDAY,b1dbbc495dfef30031365e6fed20cc1a78200a90b4540b73f0b60650556aff41,84c48fb37bc2720bb3132919ee305f8114bd51b63dcda414cd18eaa69b3a0a92,
vivos:train:VIVOSSPK03_R010,4,/Volumes/data/datasets/hibiki_vi_v2/tts/vivos_qwen3_tts_mlx_batch_v1_benchmark_2026-08-04/batch_size_4/batches/b04_VIVOSSPK03_002_1695be4a8022/wavs/vivos_train_VIVOSSPK03_R010.wav,3.6,CHỢT GẶP GIÓ MÙA ĐÔNG BẮC VỀ,SUDDENLY MEETING THE RETURNING NORTHEAST MONSOON,cdbc815554ecfae63f4d70b6e1bd95dc526bce394d9a325a5913538480992d09,e05b6a4cab7eb89f3d6736b3b1e320825a33103006ac90c69cf28dcc2286a46b,
vivos:train:VIVOSSPK03_R172,4,/Volumes/data/datasets/hibiki_vi_v2/tts/vivos_qwen3_tts_mlx_batch_v1_benchmark_2026-08-04/batch_size_4/batches/b04_VIVOSSPK03_002_1695be4a8022/wavs/vivos_train_VIVOSSPK03_R172.wav,4.64,THẾ ĐÃ CÒNG CHƯA ĐÒM CHƯA,"So are you bent over yet, are you ready to be shot?",19e548379a101315d1976dc6d663121a1a36734ddd9ee732302981478d5bc771,f971b14911cbfe12531b52bf5813975facfd1799a365af1d09c8830fb060f5e7,duration_ratio_above_max
vivos:train:VIVOSSPK03_T043,4,/Volumes/data/datasets/hibiki_vi_v2/tts/vivos_qwen3_tts_mlx_batch_v1_benchmark_2026-08-04/batch_size_4/batches/b04_VIVOSSPK03_003_03566f303893/wavs/vivos_train_VIVOSSPK03_T043.wav,4.32,DÂN VIỆT NAM LÀM ĂN CHỤP GIỰT,VIETNAMESE PEOPLE DO BUSINESS IN AN OPPORTUNISTIC WAY,8b46c31814724f512e3ad65074aa98f9be6939ab3a8d42b04fe19bc9e9b6401d,a3d2c732891b5a50748bfc1a3396fb86453abb407c138bc10a933c55145de48c,
vivos:train:VIVOSSPK03_R171,4,/Volumes/data/datasets/hibiki_vi_v2/tts/vivos_qwen3_tts_mlx_batch_v1_benchmark_2026-08-04/batch_size_4/batches/b04_VIVOSSPK03_003_03566f303893/wavs/vivos_train_VIVOSSPK03_R171.wav,4.96,ĐI QUA CON ĐƯỜNG ĐẤT NHẦY NHỤA NHỮNG VŨNG NƯỚC BẨN TÙ ĐỌNG,"WALK ALONG THE DIRT ROAD MUDDY WITH STAGNANT, DIRTY PUDDLES",d514765f61b884e02b1dabbe77aac776a8a7a17ef40a8cd9285c732ddd14bcb4,e7f58f7d1db0c181b6f44fac16b0b170429e99e4434146db206a679907ef3b2e,
vivos:train:VIVOSSPK03_R093,4,/Volumes/data/datasets/hibiki_vi_v2/tts/vivos_qwen3_tts_mlx_batch_v1_benchmark_2026-08-04/batch_size_4/batches/b04_VIVOSSPK03_003_03566f303893/wavs/vivos_train_VIVOSSPK03_R093.wav,4.72,NẾU NHÓM CÁC NHÀ MÁY CÓ CÙNG TÍNH CHẤT VÀO TRONG MỘT CÔNG TY,IF GROUPING FACTORIES WITH SIMILAR CHARACTERISTICS INTO ONE COMPANY,42f400e3a319f7e4b68bcd0acb043fcb2d38ea921fba1a60d1ecb705d08b4ac1,465d9c4f3418797e085dae31d90e5bc3cddcc653ec77d6ad8abdfce7a402d1fc,
vivos:train:VIVOSSPK03_R148,4,/Volumes/data/datasets/hibiki_vi_v2/tts/vivos_qwen3_tts_mlx_batch_v1_benchmark_2026-08-04/batch_size_4/batches/b04_VIVOSSPK03_003_03566f303893/wavs/vivos_train_VIVOSSPK03_R148.wav,6.56,MỌI NGƯỜI KÉO NHỮNG THÚNG CÁ VÀO BỜ VÀ ĐỢI XE CHUYỂN ĐI,PEOPLE PULLED THE BASKETS OF FISH ONSHORE AND WAITED FOR THE TRUCK TO TRANSPORT THEM AWAY,18b8a21197c1e2aa8002cde53da446b5ba6adc5c77ac473f11e89cf3bce4c799,b52d28f2c1ce9bebed2d7bc1430a6735906e41fabf675d15386cc5eede13d0c6,
vivos:train:VIVOSSPK06_R014,4,/Volumes/data/datasets/hibiki_vi_v2/tts/vivos_qwen3_tts_mlx_batch_v1_benchmark_2026-08-04/batch_size_4/batches/b04_VIVOSSPK06_000_ac0f321a6bb4/wavs/vivos_train_VIVOSSPK06_R014.wav,0.16,GẦY TỌP,GAUNT,a05d83b91c5985c3646caf59de14c1f2dd3dff73fed06bd243591eea125632b1,2025e40f2f5b0e6b00431add833d643ebe6eef60c8cbcd283a2fe7934aa6dca4,duration_ratio_below_min
vivos:train:VIVOSSPK06_R110,4,/Volumes/data/datasets/hibiki_vi_v2/tts/vivos_qwen3_tts_mlx_batch_v1_benchmark_2026-08-04/batch_size_4/batches/b04_VIVOSSPK06_000_ac0f321a6bb4/wavs/vivos_train_VIVOSSPK06_R110.wav,1.68,BỖNG MỘT NGÀY KIA,Suddenly One Day,2a10cc2df6538ae4dbd00605dab66b77db9c25cf8480ea739f10624ca1f96767,4728669cff62a1fc4587951c9688f2b51a340326389d3c617202bee382c1d659,
vivos:train:VIVOSSPK06_T032,4,/Volumes/data/datasets/hibiki_vi_v2/tts/vivos_qwen3_tts_mlx_batch_v1_benchmark_2026-08-04/batch_size_4/batches/b04_VIVOSSPK06_000_ac0f321a6bb4/wavs/vivos_train_VIVOSSPK06_T032.wav,2.24,CÔ LẤY CHO TÔI CÁI KHĂN NÀO,Please get me a towel.,c06955fb9624c891c297faffe43213c2b86e2031288c71ce7e7f28e13f4b8f39,0c99aa0de7601be9f309e357fc715a0e1dea838f81e71575cdd156c1d7f05c59,
vivos:train:VIVOSSPK06_R152,4,/Volumes/data/datasets/hibiki_vi_v2/tts/vivos_qwen3_tts_mlx_batch_v1_benchmark_2026-08-04/batch_size_4/batches/b04_VIVOSSPK06_000_ac0f321a6bb4/wavs/vivos_train_VIVOSSPK06_R152.wav,2.32,NHỮNG ÔNG THIỀM THỪ TRẦN KIM TRẮC,THE TOADS BY TRAN KIM TRAC,8696e737fc02e3eb4c558a9de9401370ec23d138ba7516a03bc7885b26fd88f1,6caf6754b2ba15417aa911d5f39b5bc97acb66b2c63e502bd904c4dff6e1d8e3,
vivos:train:VIVOSSPK06_T043,4,/Volumes/data/datasets/hibiki_vi_v2/tts/vivos_qwen3_tts_mlx_batch_v1_benchmark_2026-08-04/batch_size_4/batches/b04_VIVOSSPK06_001_a12b063c2481/wavs/vivos_train_VIVOSSPK06_T043.wav,2.24,ANH KHÔNG CƯỜI CŨNG KHÔNG NHĂN MẶT,He neither smiled nor frowned.,d46999c0d79ec3af8a54612c787e560a15d4029f5a5a391c6c19c11d46e6d373,5b2cbc6fe6af9bfd7c3af5cc511cf0a7018033f016a231dae1c28a8fd6c5eac2,
vivos:train:VIVOSSPK06_R180,4,/Volumes/data/datasets/hibiki_vi_v2/tts/vivos_qwen3_tts_mlx_batch_v1_benchmark_2026-08-04/batch_size_4/batches/b04_VIVOSSPK06_001_a12b063c2481/wavs/vivos_train_VIVOSSPK06_R180.wav,2.48,CHO CHÍNH QUYỀN CÁC QUỐC GIA KHÁC,FOR GOVERNMENTS OF OTHER COUNTRIES,8e4a3bc3be3e63dd81a5f42b2639808b89b2370c9c0fbacb711b759be51add1a,e1bc82763ce7823040f1eb3f6b5154ab03c0dab8ee59c5bbcc47a26674266567,
vivos:train:VIVOSSPK06_R176,4,/Volumes/data/datasets/hibiki_vi_v2/tts/vivos_qwen3_tts_mlx_batch_v1_benchmark_2026-08-04/batch_size_4/batches/b04_VIVOSSPK06_001_a12b063c2481/wavs/vivos_train_VIVOSSPK06_R176.wav,2.64,CHỨ KHÔNG PHẢI VỀ SẢN PHẨM HAY DỊCH VỤ,And not about the product or service.,2298851fbcc7230758bc5e560c7cc8c8e7a130b3ee3e5d290f3657563ec3277c,2dcda1123c6c534a861ce2e896f7d91dcf6602815002ad251d221d5e4f6a5307,
vivos:train:VIVOSSPK06_R104,4,/Volumes/data/datasets/hibiki_vi_v2/tts/vivos_qwen3_tts_mlx_batch_v1_benchmark_2026-08-04/batch_size_4/batches/b04_VIVOSSPK06_001_a12b063c2481/wavs/vivos_train_VIVOSSPK06_R104.wav,2.64,Ở PHÍA TRÁI TÒA CỬU LONG,On the left side of the Cuu Long Building,c9eb8d7f043e848c25b3c90f2150085f180323f9c0a72a4f72fb04127e14feb2,6201a9a5287e8f5c3e5ee87b5676996e057c7878fd7db657ce37e088f2301ad3,
vivos:train:VIVOSSPK06_R023,4,/Volumes/data/datasets/hibiki_vi_v2/tts/vivos_qwen3_tts_mlx_batch_v1_benchmark_2026-08-04/batch_size_4/batches/b04_VIVOSSPK06_002_ac8da7e98a25/wavs/vivos_train_VIVOSSPK06_R023.wav,3.84,THUẦN TÚY VIỆT NAM KHÁC TRONG DỊP TẾT,OTHER PURELY VIETNAMESE TRADITIONS DURING TET,f811135befad88fff6f5e688eb145e29a064bb419050439db07c149cff678504,a9bee29d6ecee55c2646412c2752e9423905508c50d52353956c90cce206311c,
vivos:train:VIVOSSPK06_R055,4,/Volumes/data/datasets/hibiki_vi_v2/tts/vivos_qwen3_tts_mlx_batch_v1_benchmark_2026-08-04/batch_size_4/batches/b04_VIVOSSPK06_002_ac8da7e98a25/wavs/vivos_train_VIVOSSPK06_R055.wav,3.6,TẤT NHIÊN KHÔNG PHẢI TẤT CẢ CHÚNG TA CŨNG BIẾT MÌNH ĐẾN TỪ ĐÂU,OF COURSE NOT ALL OF US KNOW WHERE WE COME FROM,99f97d027fe8487d873ec41ec37728270366e81c95d82e030a71621756fabc13,b01c59e07cb6da1db167b4c790ed9a764ea21da1170ae088db6accff995fab87,
vivos:train:VIVOSSPK06_T038,4,/Volumes/data/datasets/hibiki_vi_v2/tts/vivos_qwen3_tts_mlx_batch_v1_benchmark_2026-08-04/batch_size_4/batches/b04_VIVOSSPK06_002_ac8da7e98a25/wavs/vivos_train_VIVOSSPK06_T038.wav,4.08,HỌ GỒM NĂM NGƯỜI HAI CHÀNG TRAI VÀ BA CÔ GÁI,There were five of them: two guys and three girls.,bc685123205698f73f01ed466fb43a43de5ff5944158f82669e1ebc3e5ea7298,993c5f11f1c7dcd272d83bf84fcb82c9e420a1008dbf0e05e93857d349847051,
vivos:train:VIVOSSPK06_R018,4,/Volumes/data/datasets/hibiki_vi_v2/tts/vivos_qwen3_tts_mlx_batch_v1_benchmark_2026-08-04/batch_size_4/batches/b04_VIVOSSPK06_002_ac8da7e98a25/wavs/vivos_train_VIVOSSPK06_R018.wav,4.24,VỀ ĐẾN ĐÌNH LÀM LỄ,Arriving at the communal house to perform the ceremony,bbbd5d758a5747f3af0050f6f5c4c4b1551ea7009b231617974c8e19c15b5113,559b23004c2ec301056a9f594ab803be0bc4564831c859969393425d3e04d0a1,
vivos:train:VIVOSSPK06_R049,4,/Volumes/data/datasets/hibiki_vi_v2/tts/vivos_qwen3_tts_mlx_batch_v1_benchmark_2026-08-04/batch_size_4/batches/b04_VIVOSSPK06_003_7efea43bb3a6/wavs/vivos_train_VIVOSSPK06_R049.wav,4.4,PHẢI DỨT KHOÁT TRẢ LỜI CÂU HỎI NÀY THẬT RÕ,THIS QUESTION MUST BE ANSWERED VERY CLEARLY AND DECISIVELY,fd84254bfe7bf6e166dce104fe5101ec9939f90f5b6ea654dcd6cae949ed22db,0c2105004e9944e60deaad641dfec5aa98d294b7f09c2be0df411abaa9489311,
vivos:train:VIVOSSPK06_T017,4,/Volumes/data/datasets/hibiki_vi_v2/tts/vivos_qwen3_tts_mlx_batch_v1_benchmark_2026-08-04/batch_size_4/batches/b04_VIVOSSPK06_003_7efea43bb3a6/wavs/vivos_train_VIVOSSPK06_T017.wav,4.0,EM SẼ GIỮ ĐỨA BÉ DÙ ANH KHÔNG QUAN TÂM GÌ TỚI EM,I will keep the baby even if you don't care about me at all.,7599c04c9ff3e714bef1e041121d40f6e67dc88f64c743581423a30a79d42c69,7f4b494ad7c066013b4e936534b2c8c0cc4e00184f0c34b7a5c964caf6d91c77,
vivos:train:VIVOSSPK06_R030,4,/Volumes/data/datasets/hibiki_vi_v2/tts/vivos_qwen3_tts_mlx_batch_v1_benchmark_2026-08-04/batch_size_4/batches/b04_VIVOSSPK06_003_7efea43bb3a6/wavs/vivos_train_VIVOSSPK06_R030.wav,5.28,GỬI ĐẾN NHỮNG CON NGƯỜI ĐÃ XẢ THÂN VÌ QUÊ HƯƠNG ĐẤT NƯỚC,TO THOSE WHO SACRIFICED THEMSELVES FOR THEIR HOMELAND AND COUNTRY,6a87a60253219d23fc0c509e1a9ab327b2c8465eb682c145b21bde37d0217793,1e702a408e6161a587b25b38a900f8863d372ff384ab74d68fa35cdd56908c6f,
vivos:train:VIVOSSPK06_R050,4,/Volumes/data/datasets/hibiki_vi_v2/tts/vivos_qwen3_tts_mlx_batch_v1_benchmark_2026-08-04/batch_size_4/batches/b04_VIVOSSPK06_003_7efea43bb3a6/wavs/vivos_train_VIVOSSPK06_R050.wav,8.16,MỘT THỜI CÓ ĐỨA RẦN RẦN HẠT MƯA RỚT XUỐNG BÂNG KHUÂNG NỖI LÒNG,"Once upon a time, there was a boisterous girl, as the raindrops fell, her heart was filled with melancholy.",d437556d3c58546bb63a22bea58f202e028ed52cee34470cecf9c831b5e43d97,48c0fadf2c65dcb0304efb1c1c3816382a1c454c49f5917786baac3bb6ee79e7,
vivos:train:VIVOSSPK07_R014,4,/Volumes/data/datasets/hibiki_vi_v2/tts/vivos_qwen3_tts_mlx_batch_v1_benchmark_2026-08-04/batch_size_4/batches/b04_VIVOSSPK07_000_771fd841b101/wavs/vivos_train_VIVOSSPK07_R014.wav,1.52,Ở KHẮP CHÂU Á,ACROSS ASIA,2db00c1014fed759506f4de810d2125952ce78afc44a148c601b6071dd7ae792,8ebf7ae8e1cfbf090279bca19bd30cadebe75fc94c85b391f4b12da3d9a86c0b,
vivos:train:VIVOSSPK07_R028,4,/Volumes/data/datasets/hibiki_vi_v2/tts/vivos_qwen3_tts_mlx_batch_v1_benchmark_2026-08-04/batch_size_4/batches/b04_VIVOSSPK07_000_771fd841b101/wavs/vivos_train_VIVOSSPK07_R028.wav,1.76,BẤT KỲ AI CŨNG CÓ THỂ HỌC HỎI,ANYONE CAN LEARN,dd356e0ef4446b58365393111a4abb8ba447ecf1aece44109214cdb2bfbd01b3,77f88ed1eb06b2190a059bc93a40a6909d313ab9ba8e6ded4048ec266cb45dbb,duration_ratio_below_min
vivos:train:VIVOSSPK07_R021,4,/Volumes/data/datasets/hibiki_vi_v2/tts/vivos_qwen3_tts_mlx_batch_v1_benchmark_2026-08-04/batch_size_4/batches/b04_VIVOSSPK07_000_771fd841b101/wavs/vivos_train_VIVOSSPK07_R021.wav,2.96,XUẤT HIỆN TRÊN CON ĐƯỜNG CỦA MÌNH,APPEARED ON THEIR WAY,3b8f22f02811df9eaad9d01939506d3b5c734f17353bd695b99d4c2d502c4ebe,794a103a5d04194eba49f79f2adaab4449597d28c7842677d667f24c9caa2b39,
vivos:train:VIVOSSPK07_R005,4,/Volumes/data/datasets/hibiki_vi_v2/tts/vivos_qwen3_tts_mlx_batch_v1_benchmark_2026-08-04/batch_size_4/batches/b04_VIVOSSPK07_000_771fd841b101/wavs/vivos_train_VIVOSSPK07_R005.wav,2.16,BẾN XE TÀNG HÌNH,THE INVISIBLE BUS STATION,e3901a94f57532a1f56e0eb8318847a2741594fbab06895861770c7338664547,1d858d54e4def93d5befe725afbdb08b453c30aa6d715105fed2079b1519a799,
vivos:train:VIVOSSPK07_R024,4,/Volumes/data/datasets/hibiki_vi_v2/tts/vivos_qwen3_tts_mlx_batch_v1_benchmark_2026-08-04/batch_size_4/batches/b04_VIVOSSPK07_001_8fa5a658b382/wavs/vivos_train_VIVOSSPK07_R024.wav,1.68,THẾ LÀ THÂN PHẬN CÙNG NHAN SẮC,So that is fate and beauty,7138722f634a794573c5db70c780bed8da46f2ac95ef381ca019b9c36081683d,92466c7550765dcb43046644220ffc41bc7d9c6eac0b491a22911224feb8af0b,
vivos:train:VIVOSSPK07_R004,4,/Volumes/data/datasets/hibiki_vi_v2/tts/vivos_qwen3_tts_mlx_batch_v1_benchmark_2026-08-04/batch_size_4/batches/b04_VIVOSSPK07_001_8fa5a658b382/wavs/vivos_train_VIVOSSPK07_R004.wav,1.52,NHƯNG CHÂN TÔI CÒN NGẮN,But my legs are still short.,d14b1c9bd31297ea60e0ba8f1ac7766fcc5f3f84526f9dc9507cf649ed54eb65,8c4435632d12e9c0024be1de91a674eefdf3b40c4d7635604bfe9659000f9ce4,
vivos:train:VIVOSSPK07_R009,4,/Volumes/data/datasets/hibiki_vi_v2/tts/vivos_qwen3_tts_mlx_batch_v1_benchmark_2026-08-04/batch_size_4/batches/b04_VIVOSSPK07_001_8fa5a658b382/wavs/vivos_train_VIVOSSPK07_R009.wav,2.56,HÌNH NHƯ BÀ MỆT MỎI LẮM RỒI,You look like you're very tired.,c90c41b60daceb51f1542e6e26ef7f1362982236d05adb6dfd6fcfeda24b73b6,f5f6943e9e1a86809af6ad10aa04ba2d813e1063cf70b44842f436fd2039ef44,
vivos:train:VIVOSSPK07_R017,4,/Volumes/data/datasets/hibiki_vi_v2/tts/vivos_qwen3_tts_mlx_batch_v1_benchmark_2026-08-04/batch_size_4/batches/b04_VIVOSSPK07_001_8fa5a658b382/wavs/vivos_train_VIVOSSPK07_R017.wav,2.880042,KHÔNG PHẢI LÀ NGUYÊN NHÂN GÂY CHỨNG VIÊM KHỚP GỐI,NOT A CAUSE OF KNEE OSTEOARTHRITIS,045001e85f91abeac0b4d941c942d76d2710ba77bb9230cfbac0df5e51630c9d,113aa2b6e57c373537da6421d9bb21327a4870ca3dea729ad89c4b48b305eb48,
vivos:train:VIVOSSPK07_R040,4,/Volumes/data/datasets/hibiki_vi_v2/tts/vivos_qwen3_tts_mlx_batch_v1_benchmark_2026-08-04/batch_size_4/batches/b04_VIVOSSPK07_002_28b238e6bad6/wavs/vivos_train_VIVOSSPK07_R040.wav,2.72,HUYỆN THĂNG BÌNH TỈNH QUẢNG NAM,"Thang Binh District, Quang Nam Province",ddbbadd6a12c95f1a20dce31d2955fe19eb6b9b4651d8e0e3f54112eadc0ff90,28cf85b59df72de58d8e0c01a7f9f3bd5dd998bb40aea3bf97ab9eca94b26096,
vivos:train:VIVOSSPK07_R047,4,/Volumes/data/datasets/hibiki_vi_v2/tts/vivos_qwen3_tts_mlx_batch_v1_benchmark_2026-08-04/batch_size_4/batches/b04_VIVOSSPK07_002_28b238e6bad6/wavs/vivos_train_VIVOSSPK07_R047.wav,2.72,NHỮNG NỖ LỰC CỦA BẠN CUỐI CÙNG RỒI CŨNG SẼ ĐƯỢC ĐỀN ĐÁP,Your efforts will eventually be rewarded.,d0644e0ce661d869af046d7fc06a7103cf1d243061824b70f04bd95115ba8555,e37effe808537c03f3f4c8df387e828f93a48d96e0472939341c3b8341f175f3,
vivos:train:VIVOSSPK07_R001,4,/Volumes/data/datasets/hibiki_vi_v2/tts/vivos_qwen3_tts_mlx_batch_v1_benchmark_2026-08-04/batch_size_4/batches/b04_VIVOSSPK07_002_28b238e6bad6/wavs/vivos_train_VIVOSSPK07_R001.wav,4.08,TÀU BẤT NGỜ BỊ LẬT ĐẮM KHI ĐANG NEO ĐẬU,BOAT SUDDENLY CAPSIDES AND SINKS WHILE ANCHORED,7fd96d69d98eba81cf992659d9d2903dae9b561c6960f081c65dec5d0be7c773,56719cedf55affa615d8b8b90e8342e1957fdddb7ccaafb80a7a232536398162,
vivos:train:VIVOSSPK07_R031,4,/Volumes/data/datasets/hibiki_vi_v2/tts/vivos_qwen3_tts_mlx_batch_v1_benchmark_2026-08-04/batch_size_4/batches/b04_VIVOSSPK07_002_28b238e6bad6/wavs/vivos_train_VIVOSSPK07_R031.wav,3.2,BỘ ĐÃ CẮT BỎ HÀNG LOẠT CÁC HẠNG MỤC CẦN THIẾT,THE MINISTRY HAS CUT A SERIES OF NECESSARY ITEMS,c70b3e4a045c051a3ecfa4874ceeec79ea1e28d001d8c1f7aeb8d610b7094d1e,552326589c0e6cd381fc63677af23387ec79d19180ab1a6d6c8078fd566cf4c6,
vivos:train:VIVOSSPK07_R050,4,/Volumes/data/datasets/hibiki_vi_v2/tts/vivos_qwen3_tts_mlx_batch_v1_benchmark_2026-08-04/batch_size_4/batches/b04_VIVOSSPK07_003_2243295b62af/wavs/vivos_train_VIVOSSPK07_R050.wav,4.08,VÌ KHÔNG CHẤP NHẬN ĐƯỢC SỰ PHÁN XÉT OAN KHIÊN CỦA CÔ GIÁO,Because I couldn't accept the teacher's unjust judgment,0337468aa4a4242ae33120a4d85f9007faecf4974a510cb2e6e9d1c75e5e0ad8,d2cc7500beb0172172b52fac8b8a3ff7ad1316c69085c237c6176e40bce96884,
vivos:train:VIVOSSPK07_R041,4,/Volumes/data/datasets/hibiki_vi_v2/tts/vivos_qwen3_tts_mlx_batch_v1_benchmark_2026-08-04/batch_size_4/batches/b04_VIVOSSPK07_003_2243295b62af/wavs/vivos_train_VIVOSSPK07_R041.wav,4.72,THẬT SỰ QUAN TRỌNG ĐẾN THẾ NÀO NẾU BỊ TAI NẠN TRÊN ĐƯỜNG,HOW IMPORTANT IS IT REALLY IF YOU HAVE AN ACCIDENT ON THE ROAD,6d7eff5d64147a7e7f184c984933d74881c7176ed607e4ef8d365aa04afcf00b,a64aa48ae08f6cd12dd7d560a37f075567abd61047543a73c70aa2ce673261a3,
vivos:train:VIVOSSPK07_R011,4,/Volumes/data/datasets/hibiki_vi_v2/tts/vivos_qwen3_tts_mlx_batch_v1_benchmark_2026-08-04/batch_size_4/batches/b04_VIVOSSPK07_003_2243295b62af/wavs/vivos_train_VIVOSSPK07_R011.wav,4.96,TRÊN TIÊU CHÍ NHỮNG NGƯỜI NÀY CÓ NHIỀU ĐÓNG GÓP Ý NGHĨA,Based on the criteria that these people have made many meaningful contributions,c733c0bf95e657bf464de35c3ce5c7efdb6f335d1159ae9a39accf4f90c39e07,84c98405c3405570579e3bdb17aace9723d1632e1f57b7a8e74c6cb49cffdee8,
vivos:train:VIVOSSPK07_R032,4,/Volumes/data/datasets/hibiki_vi_v2/tts/vivos_qwen3_tts_mlx_batch_v1_benchmark_2026-08-04/batch_size_4/batches/b04_VIVOSSPK07_003_2243295b62af/wavs/vivos_train_VIVOSSPK07_R032.wav,7.28,SAU ĐÓ CHỊ EM TÔI VỀ PHÒNG RIÊNG NGỒI KHAI BÚT,"After that, my sibling and I went to our private room to do the first writing of the New Year.",0bc7d07cd65beef36e499db97e4dc471d63507a820b983f6cc30f4d952a24f85,ef6de173d575f43c1d7dba44f969376c621bf984763221a77b0c115ea1d422cc,
vivos:train:VIVOSSPK02_R143,8,/Volumes/data/datasets/hibiki_vi_v2/tts/vivos_qwen3_tts_mlx_batch_v1_benchmark_2026-08-04/batch_size_8/batches/b08_VIVOSSPK02_000_5e1d39f2e20a/wavs/vivos_train_VIVOSSPK02_R143.wav,0.88,RỒI SAU ĐÓ,And then,4c1464999847c982912d3d481d6397f0ff55e689c618e9147a98e13532895c5d,acd26caf999b7cb033b66744fb94cb29e7ebbbcfcf0553ae70b45931980006cd,
vivos:train:VIVOSSPK02_R100,8,/Volumes/data/datasets/hibiki_vi_v2/tts/vivos_qwen3_tts_mlx_batch_v1_benchmark_2026-08-04/batch_size_8/batches/b08_VIVOSSPK02_000_5e1d39f2e20a/wavs/vivos_train_VIVOSSPK02_R100.wav,1.76,NGƯỜI TA GIỚI THIỆU VỚI TÔI,I was introduced to,a2edbf9094947e1edf23b085c2ed0ffb87ff286150f959ad00c7f7b48569acaa,f8c3ff1655c130c4397092981d277f46535a0dfea5ed8a23025b9594a76431f8,
vivos:train:VIVOSSPK02_R060,8,/Volumes/data/datasets/hibiki_vi_v2/tts/vivos_qwen3_tts_mlx_batch_v1_benchmark_2026-08-04/batch_size_8/batches/b08_VIVOSSPK02_000_5e1d39f2e20a/wavs/vivos_train_VIVOSSPK02_R060.wav,2.32,PHƯƠNG THỨC ĐỂ THỰC HIỆN ĐƯỢC ĐIỀU ĐÓ,METHODS TO ACHIEVE THAT,78769c1aa9f20481b1703771769217e576ae29ac5a910406c71160368d0bf1be,d5356c7c27f3fb83b8c527bf2d236ee7012633bb18c8f5587926bd12897d28a1,
vivos:train:VIVOSSPK02_R193,8,/Volumes/data/datasets/hibiki_vi_v2/tts/vivos_qwen3_tts_mlx_batch_v1_benchmark_2026-08-04/batch_size_8/batches/b08_VIVOSSPK02_000_5e1d39f2e20a/wavs/vivos_train_VIVOSSPK02_R193.wav,1.76,CẦU MONG CHO DUYÊN LÀNH,MAY GOOD FORTUNE BLESS US,9bef04ab1a30629cdcff3fd63a6d11c264596e139818465a47fc35d6a501be16,7b4b649196d0f104d6cf7d2480352f7970c7cebf4cc4436845a1ec3be823c542,
vivos:train:VIVOSSPK02_R103,8,/Volumes/data/datasets/hibiki_vi_v2/tts/vivos_qwen3_tts_mlx_batch_v1_benchmark_2026-08-04/batch_size_8/batches/b08_VIVOSSPK02_000_5e1d39f2e20a/wavs/vivos_train_VIVOSSPK02_R103.wav,2.72,ĐÔI MẮT XẾCH CỦA HẮN MỞ HẾT CỠ,His slanted eyes opened wide.,049773b367d42ec37b6facddda9beee18c71e5494f397ba05e31182e6142dcb4,a1347a29e60fd66e63fa814232cdb457515e86cede9349c5c0bbc7d5b9a71f25,
vivos:train:VIVOSSPK02_T024,8,/Volumes/data/datasets/hibiki_vi_v2/tts/vivos_qwen3_tts_mlx_batch_v1_benchmark_2026-08-04/batch_size_8/batches/b08_VIVOSSPK02_000_5e1d39f2e20a/wavs/vivos_train_VIVOSSPK02_T024.wav,2.24,EM KHÔNG MUỐN GẶP ANH NỮA,I don't want to see you anymore.,072ebe4b5f5c60ccc774d99afb2430ca60ddd1f87d0db48ce76fa33c4b89f5b6,1ee50ec4586dd1d3832d05405f82d66f0d47d7e1d805f0469d30a227c047c760,
vivos:train:VIVOSSPK02_R079,8,/Volumes/data/datasets/hibiki_vi_v2/tts/vivos_qwen3_tts_mlx_batch_v1_benchmark_2026-08-04/batch_size_8/batches/b08_VIVOSSPK02_000_5e1d39f2e20a/wavs/vivos_train_VIVOSSPK02_R079.wav,2.640042,CHỈ CHE BẰNG CHIẾC LÔNG ĐÀ ĐIỂU,COVERED ONLY BY AN OSTRICH FEATHER,8e8d1344890200ef9836bbbf488aebd277d459993acb00ef949d152c2748c8dc,86b83385e7bd33bdcf49acf10a99322184a2281efc64452add8d3caa10570d4e,
vivos:train:VIVOSSPK02_R082,8,/Volumes/data/datasets/hibiki_vi_v2/tts/vivos_qwen3_tts_mlx_batch_v1_benchmark_2026-08-04/batch_size_8/batches/b08_VIVOSSPK02_000_5e1d39f2e20a/wavs/vivos_train_VIVOSSPK02_R082.wav,2.640042,THƯỜNG VANG LÊN QUA CÁC LOA PHÓNG THANH,Often blaring through the loudspeakers,07043a2f49d2068484628f8b759bd7247a8ce99210d3f36cc3f9344a34ac65e2,976c565c5ab2c9715d875b9cbf606b4be8eb36bc5a5e118f644871a9f9eb85eb,
vivos:train:VIVOSSPK02_T044,8,/Volumes/data/datasets/hibiki_vi_v2/tts/vivos_qwen3_tts_mlx_batch_v1_benchmark_2026-08-04/batch_size_8/batches/b08_VIVOSSPK02_001_be430f56258a/wavs/vivos_train_VIVOSSPK02_T044.wav,2.96,NHÀ THIẾT KẾ THỜI TRANG VỪA GẶP TAI NẠN,THE FASHION DESIGNER JUST HAD AN ACCIDENT,71c44dd2d0988121f9508ba41a0dc45f27bc6c1f79508b3cf0d3aba0815315ee,9ee13eda10052463af5d78b8ae868a80e84da8c66eb2085cf92a99e16d673aa4,
vivos:train:VIVOSSPK02_R132,8,/Volumes/data/datasets/hibiki_vi_v2/tts/vivos_qwen3_tts_mlx_batch_v1_benchmark_2026-08-04/batch_size_8/batches/b08_VIVOSSPK02_001_be430f56258a/wavs/vivos_train_VIVOSSPK02_R132.wav,2.880042,LÀ CÁNH CỬA BẰNG TÔN ĐÓNG IM ỈM,It was the corrugated iron door tightly shut.,a132022c2c67611915f74fadbd1346806fbb06cdf2b784b0f83152e440decd06,c72d18683a448f2fc81a848595f5a3c3e7daa2427db7791b6f24aa132ffaa569,
vivos:train:VIVOSSPK02_R194,8,/Volumes/data/datasets/hibiki_vi_v2/tts/vivos_qwen3_tts_mlx_batch_v1_benchmark_2026-08-04/batch_size_8/batches/b08_VIVOSSPK02_001_be430f56258a/wavs/vivos_train_VIVOSSPK02_R194.wav,3.84,ĐIỂM ĐẦU TIÊN CHÚNG TÔI ĐẾN LÀ CÁNH ĐỒNG CHUM,The first place we visited was the Plain of Jars.,8dc6b4f360e68c2f8da7d553f2880d333715fc85261e568af151c4b936646600,6e770bebfe6d201194bbb9fb9be5b193192924d7732e74ed1d613016c7864e0e,
vivos:train:VIVOSSPK02_R010,8,/Volumes/data/datasets/hibiki_vi_v2/tts/vivos_qwen3_tts_mlx_batch_v1_benchmark_2026-08-04/batch_size_8/batches/b08_VIVOSSPK02_001_be430f56258a/wavs/vivos_train_VIVOSSPK02_R010.wav,3.360042,CŨNG CÓ NHIỀU RỦI RO BỊ BỆNH NÀY LUÔN,There is also a high risk of getting this disease too.,69cde29be6de9c79f12371c1b5bacabaf8b4eff9e1e0f927c25d17207221d4a3,ac19676c50f61ae2bb370824be26133f671ada674ba358128aea0e7e4bd710db,
vivos:train:VIVOSSPK02_R119,8,/Volumes/data/datasets/hibiki_vi_v2/tts/vivos_qwen3_tts_mlx_batch_v1_benchmark_2026-08-04/batch_size_8/batches/b08_VIVOSSPK02_001_be430f56258a/wavs/vivos_train_VIVOSSPK02_R119.wav,4.8,SAU KHI ĐI GIẦY DA NHỌN MŨI MÕM NGÓE QUÁ CHẬT,AFTER WEARING POINTED-TOE LEATHER SHOES THAT WERE TOO TIGHT,2930394da0da42ba040f830062333cef2d669a4a97de53fd3f1e68e7f08cad8e,42ecc67cb6a0d8fe8bd7d3ddf954f24c78f618b71b647fb167cf340f745cb51f,
vivos:train:VIVOSSPK02_R107,8,/Volumes/data/datasets/hibiki_vi_v2/tts/vivos_qwen3_tts_mlx_batch_v1_benchmark_2026-08-04/batch_size_8/batches/b08_VIVOSSPK02_001_be430f56258a/wavs/vivos_train_VIVOSSPK02_R107.wav,4.64,NGÓN ĐỜN CỦA ÔNG TRẦM BỔNG LUYẾN LÁY,Mr. Tram Bong's playing style is full of melismatic flourishes.,110cec5fe088e65720eb1bbbed77fef7298d16a6b87eaf29eed69cf536e15b74,407f04a6977eee33efea8093b22b3fc0dc62ab589e8cbb22f636538cd8c5b5e5,
vivos:train:VIVOSSPK02_R038,8,/Volumes/data/datasets/hibiki_vi_v2/tts/vivos_qwen3_tts_mlx_batch_v1_benchmark_2026-08-04/batch_size_8/batches/b08_VIVOSSPK02_001_be430f56258a/wavs/vivos_train_VIVOSSPK02_R038.wav,4.72,KHIẾN CHIẾC GHE BỊ TRÚNG NHIỀU MẢNH ĐẠN VÀ ANH BỊ THƯƠNG,Causing the boat to be hit by multiple shrapnel fragments and injuring him,25ddf8eb8ac3531a625f3c66a2f6f5f41e52c9e1ecde82706b948aceba7f69e7,d732674fbea2e8ef3f3dd77cfa39b9f6775124cf6ae38c4088bca5130c08551c,
vivos:train:VIVOSSPK02_R136,8,/Volumes/data/datasets/hibiki_vi_v2/tts/vivos_qwen3_tts_mlx_batch_v1_benchmark_2026-08-04/batch_size_8/batches/b08_VIVOSSPK02_001_be430f56258a/wavs/vivos_train_VIVOSSPK02_R136.wav,6.4,THẰNG KIA NÍCH ĐỒ VÀO NHẢY PHÓT LÊN NGỰA VỌT ĐI BIỆT,"That guy stuffed his things into the bag, leaped onto his horse, and sped away without a trace.",5ca038c2aa5a21ed453bb5cc6445f068ec88fb4b3c65714042a385ed43485b6e,5206b3a2ba0752ff222d7bb4d7998503bef7e6d085d712d7286564069f1e81a0,
vivos:train:VIVOSSPK03_R114,8,/Volumes/data/datasets/hibiki_vi_v2/tts/vivos_qwen3_tts_mlx_batch_v1_benchmark_2026-08-04/batch_size_8/batches/b08_VIVOSSPK03_000_6bf0a10bdf55/wavs/vivos_train_VIVOSSPK03_R114.wav,0.88,BỞI LẼ,BECAUSE,8730658209f97133bbfdf74c7606fa3ce9066515f71f2b2cc06d8aeb70534c32,426aaacc3b811a9be90f82add851c680a1c48616f6c4da6779081bf00744f367,
vivos:train:VIVOSSPK03_R160,8,/Volumes/data/datasets/hibiki_vi_v2/tts/vivos_qwen3_tts_mlx_batch_v1_benchmark_2026-08-04/batch_size_8/batches/b08_VIVOSSPK03_000_6bf0a10bdf55/wavs/vivos_train_VIVOSSPK03_R160.wav,1.6,VÀ LẬP KẾ HOẠCH CÓ NGHĨA LÀ,AND PLANNING MEANS,e04858635afad0aa23f7c9c2e7c9d85a86aecafa1be0c5d3ef42552431a77ece,48852110853a8d9016fbc5d515d1a4e6ac75868b5d248bbecb84124567ec399e,
vivos:train:VIVOSSPK03_R136,8,/Volumes/data/datasets/hibiki_vi_v2/tts/vivos_qwen3_tts_mlx_batch_v1_benchmark_2026-08-04/batch_size_8/batches/b08_VIVOSSPK03_000_6bf0a10bdf55/wavs/vivos_train_VIVOSSPK03_R136.wav,1.92,VẪN MẮC NỢ CHÍNH MÌNH,STILL INDEBTED TO MYSELF,84f0f478a0538659a10055493bb61a5e4e2fac8c2e04759012c3c8cc8baa6026,8dbf2e981e94348421777b2024ca1ce20990058245178f316d10bad2e2c8da99,
vivos:train:VIVOSSPK03_R096,8,/Volumes/data/datasets/hibiki_vi_v2/tts/vivos_qwen3_tts_mlx_batch_v1_benchmark_2026-08-04/batch_size_8/batches/b08_VIVOSSPK03_000_6bf0a10bdf55/wavs/vivos_train_VIVOSSPK03_R096.wav,3.12,NGƯỜI ĐÀN ÔNG NÀY CÓ LẼ LÀ MỘT NÔNG DÂN,THIS MAN IS PROBABLY A FARMER,482220675a7422fafb8e35727d9300f4ae1f1e380621d32f448abf915e4e7be2,658b299fc4269bcbfa47bf2aa6c31a942ac6707aac9f6113f1112d01fb87a465,
vivos:train:VIVOSSPK03_T024,8,/Volumes/data/datasets/hibiki_vi_v2/tts/vivos_qwen3_tts_mlx_batch_v1_benchmark_2026-08-04/batch_size_8/batches/b08_VIVOSSPK03_000_6bf0a10bdf55/wavs/vivos_train_VIVOSSPK03_T024.wav,2.72,TRƯỜNG BÌNH CÔNG CHÚA BỊ CỤT TAY,PRINCESS CHANGPING LOSES HER ARM,a2e97cef381e8281e0b917df3760bd596dae3406be8ddb84039e576efb52d6ec,09101796d61f6423640993765590cf06609ab0a3913f959f14b00653b32f24b0,
vivos:train:VIVOSSPK03_T013,8,/Volumes/data/datasets/hibiki_vi_v2/tts/vivos_qwen3_tts_mlx_batch_v1_benchmark_2026-08-04/batch_size_8/batches/b08_VIVOSSPK03_000_6bf0a10bdf55/wavs/vivos_train_VIVOSSPK03_T013.wav,2.880042,LẤY TĨNH CHẾ ĐỘNG,Use stillness to overcome movement,a3019b26f40ba910a8374caaa52d17e2b48b11448ab21c0f7d3c0df0763eec9a,1d9b99e368ac62906a02ac84a6d835239dc3dd5e74b14b9dd51bc67b2696d538,
vivos:train:VIVOSSPK03_R076,8,/Volumes/data/datasets/hibiki_vi_v2/tts/vivos_qwen3_tts_mlx_batch_v1_benchmark_2026-08-04/batch_size_8/batches/b08_VIVOSSPK03_000_6bf0a10bdf55/wavs/vivos_train_VIVOSSPK03_R076.wav,2.56,CHỨ KHÔNG HỀ CÓ HÌNH VẼ MINH HỌA,and not a single illustration at all.,bed0e68d7990e5ccb922dc1cd55c9717658086821d746f686af3a34066801471,130964918c36ae00cb559bf075002f1126be4dab16c8a95c3393924541fb0a76,
vivos:train:VIVOSSPK03_T015,8,/Volumes/data/datasets/hibiki_vi_v2/tts/vivos_qwen3_tts_mlx_batch_v1_benchmark_2026-08-04/batch_size_8/batches/b08_VIVOSSPK03_000_6bf0a10bdf55/wavs/vivos_train_VIVOSSPK03_T015.wav,3.360042,CHƯƠNG BA CỦA QUYỂN HỒI KÝ CHƯA KẾT THÚC,CHAPTER THREE OF THE UNFINISHED MEMOIR,846eeccbeb9c14da73d45f7a382c763441962c34bd658890a776afca15681b15,87f1776c824e253da5c8613edc66f33dcc477f3c105ec0000403f8e0018b9d10,
vivos:train:VIVOSSPK03_R059,8,/Volumes/data/datasets/hibiki_vi_v2/tts/vivos_qwen3_tts_mlx_batch_v1_benchmark_2026-08-04/batch_size_8/batches/b08_VIVOSSPK03_001_64f55d491a06/wavs/vivos_train_VIVOSSPK03_R059.wav,3.2,NÓ HỌC LÓM ĐƯỢC MẤY BỮA,He picked it up on his own for a few days.,bcb040ee30fa2e18620a5cbe41e19906d09a4e10c81b65c11917689923dbe587,72e5c1aa28a172dbc7f6a759b8191e496729745c9620aa6aafe2b4096554feaf,
vivos:train:VIVOSSPK03_T047,8,/Volumes/data/datasets/hibiki_vi_v2/tts/vivos_qwen3_tts_mlx_batch_v1_benchmark_2026-08-04/batch_size_8/batches/b08_VIVOSSPK03_001_64f55d491a06/wavs/vivos_train_VIVOSSPK03_T047.wav,3.12,PHIÊN BẢN ĐẦU TIÊN RA MẮT THỨ BẢY TUẦN TRƯỚC,THE FIRST VERSION WAS RELEASED LAST SATURDAY,6dbe0f296f6036e1b0f4aa97126e198361a7027475b42ffa61833cae729ba748,84c48fb37bc2720bb3132919ee305f8114bd51b63dcda414cd18eaa69b3a0a92,
vivos:train:VIVOSSPK03_R010,8,/Volumes/data/datasets/hibiki_vi_v2/tts/vivos_qwen3_tts_mlx_batch_v1_benchmark_2026-08-04/batch_size_8/batches/b08_VIVOSSPK03_001_64f55d491a06/wavs/vivos_train_VIVOSSPK03_R010.wav,3.68,CHỢT GẶP GIÓ MÙA ĐÔNG BẮC VỀ,SUDDENLY MEETING THE RETURNING NORTHEAST MONSOON,7dfdb47e8eb9f7110379edf98b3c1a50705374edaa913a7b35f9870b24aa0ca2,e05b6a4cab7eb89f3d6736b3b1e320825a33103006ac90c69cf28dcc2286a46b,
vivos:train:VIVOSSPK03_R172,8,/Volumes/data/datasets/hibiki_vi_v2/tts/vivos_qwen3_tts_mlx_batch_v1_benchmark_2026-08-04/batch_size_8/batches/b08_VIVOSSPK03_001_64f55d491a06/wavs/vivos_train_VIVOSSPK03_R172.wav,3.92,THẾ ĐÃ CÒNG CHƯA ĐÒM CHƯA,"So are you bent over yet, are you ready to be shot?",16b5f34ff76bb84efd90d82f3f0d0e6994ff9fbe2ddd8546fbc252263e23faf9,f971b14911cbfe12531b52bf5813975facfd1799a365af1d09c8830fb060f5e7,
vivos:train:VIVOSSPK03_T043,8,/Volumes/data/datasets/hibiki_vi_v2/tts/vivos_qwen3_tts_mlx_batch_v1_benchmark_2026-08-04/batch_size_8/batches/b08_VIVOSSPK03_001_64f55d491a06/wavs/vivos_train_VIVOSSPK03_T043.wav,4.88,DÂN VIỆT NAM LÀM ĂN CHỤP GIỰT,VIETNAMESE PEOPLE DO BUSINESS IN AN OPPORTUNISTIC WAY,c560c662eaa2f0f8b6e1b39b8fa1a0d4c0a06bff7c334bc3d459fd2a06f3c76e,a3d2c732891b5a50748bfc1a3396fb86453abb407c138bc10a933c55145de48c,duration_ratio_above_max
vivos:train:VIVOSSPK03_R171,8,/Volumes/data/datasets/hibiki_vi_v2/tts/vivos_qwen3_tts_mlx_batch_v1_benchmark_2026-08-04/batch_size_8/batches/b08_VIVOSSPK03_001_64f55d491a06/wavs/vivos_train_VIVOSSPK03_R171.wav,4.0,ĐI QUA CON ĐƯỜNG ĐẤT NHẦY NHỤA NHỮNG VŨNG NƯỚC BẨN TÙ ĐỌNG,"WALK ALONG THE DIRT ROAD MUDDY WITH STAGNANT, DIRTY PUDDLES",c2afd0dad11442fe2e1f530bf3951a374b40130a665168a1213b262db96f4871,e7f58f7d1db0c181b6f44fac16b0b170429e99e4434146db206a679907ef3b2e,
vivos:train:VIVOSSPK03_R093,8,/Volumes/data/datasets/hibiki_vi_v2/tts/vivos_qwen3_tts_mlx_batch_v1_benchmark_2026-08-04/batch_size_8/batches/b08_VIVOSSPK03_001_64f55d491a06/wavs/vivos_train_VIVOSSPK03_R093.wav,5.36,NẾU NHÓM CÁC NHÀ MÁY CÓ CÙNG TÍNH CHẤT VÀO TRONG MỘT CÔNG TY,IF GROUPING FACTORIES WITH SIMILAR CHARACTERISTICS INTO ONE COMPANY,f2bb12379f6048693e032e9ebbd31a3a9b9d5b9102ad64d28231bfa715c1ddf4,465d9c4f3418797e085dae31d90e5bc3cddcc653ec77d6ad8abdfce7a402d1fc,
vivos:train:VIVOSSPK03_R148,8,/Volumes/data/datasets/hibiki_vi_v2/tts/vivos_qwen3_tts_mlx_batch_v1_benchmark_2026-08-04/batch_size_8/batches/b08_VIVOSSPK03_001_64f55d491a06/wavs/vivos_train_VIVOSSPK03_R148.wav,7.04,MỌI NGƯỜI KÉO NHỮNG THÚNG CÁ VÀO BỜ VÀ ĐỢI XE CHUYỂN ĐI,PEOPLE PULLED THE BASKETS OF FISH ONSHORE AND WAITED FOR THE TRUCK TO TRANSPORT THEM AWAY,e2611466b3daced1de19579f8f88fad4afa680b9a22dbd0b0fbb1fb9cead320c,b52d28f2c1ce9bebed2d7bc1430a6735906e41fabf675d15386cc5eede13d0c6,duration_ratio_above_max
vivos:train:VIVOSSPK06_R014,8,/Volumes/data/datasets/hibiki_vi_v2/tts/vivos_qwen3_tts_mlx_batch_v1_benchmark_2026-08-04/batch_size_8/batches/b08_VIVOSSPK06_000_5ae3fa1b75ac/wavs/vivos_train_VIVOSSPK06_R014.wav,1.36,GẦY TỌP,GAUNT,79442eaeb536441a0e3caa274470acd27e28eef8d4ac795aa4e79b553ecaef95,2025e40f2f5b0e6b00431add833d643ebe6eef60c8cbcd283a2fe7934aa6dca4,
vivos:train:VIVOSSPK06_R110,8,/Volumes/data/datasets/hibiki_vi_v2/tts/vivos_qwen3_tts_mlx_batch_v1_benchmark_2026-08-04/batch_size_8/batches/b08_VIVOSSPK06_000_5ae3fa1b75ac/wavs/vivos_train_VIVOSSPK06_R110.wav,1.68,BỖNG MỘT NGÀY KIA,Suddenly One Day,7a5c83ac461bfbf005562b93a5b2ce3666b079f0ce4edd638e316a724c641549,4728669cff62a1fc4587951c9688f2b51a340326389d3c617202bee382c1d659,
vivos:train:VIVOSSPK06_T032,8,/Volumes/data/datasets/hibiki_vi_v2/tts/vivos_qwen3_tts_mlx_batch_v1_benchmark_2026-08-04/batch_size_8/batches/b08_VIVOSSPK06_000_5ae3fa1b75ac/wavs/vivos_train_VIVOSSPK06_T032.wav,1.84,CÔ LẤY CHO TÔI CÁI KHĂN NÀO,Please get me a towel.,322d3c302dcb9c68f0793b4c7e2d4ff1e0d1aee0eca2571a124a6a5603ede4a2,0c99aa0de7601be9f309e357fc715a0e1dea838f81e71575cdd156c1d7f05c59,
vivos:train:VIVOSSPK06_R152,8,/Volumes/data/datasets/hibiki_vi_v2/tts/vivos_qwen3_tts_mlx_batch_v1_benchmark_2026-08-04/batch_size_8/batches/b08_VIVOSSPK06_000_5ae3fa1b75ac/wavs/vivos_train_VIVOSSPK06_R152.wav,1.52,NHỮNG ÔNG THIỀM THỪ TRẦN KIM TRẮC,THE TOADS BY TRAN KIM TRAC,6696247e8b633f4ddf4e04a9fe69fb33cd0c6f4a5c3e011ceb12dc2827821987,6caf6754b2ba15417aa911d5f39b5bc97acb66b2c63e502bd904c4dff6e1d8e3,
vivos:train:VIVOSSPK06_T043,8,/Volumes/data/datasets/hibiki_vi_v2/tts/vivos_qwen3_tts_mlx_batch_v1_benchmark_2026-08-04/batch_size_8/batches/b08_VIVOSSPK06_000_5ae3fa1b75ac/wavs/vivos_train_VIVOSSPK06_T043.wav,2.4,ANH KHÔNG CƯỜI CŨNG KHÔNG NHĂN MẶT,He neither smiled nor frowned.,5e5c165eec07c23a74c5e4eac30778da303577ba7a7a7e803b2ae00531395b8b,5b2cbc6fe6af9bfd7c3af5cc511cf0a7018033f016a231dae1c28a8fd6c5eac2,
vivos:train:VIVOSSPK06_R180,8,/Volumes/data/datasets/hibiki_vi_v2/tts/vivos_qwen3_tts_mlx_batch_v1_benchmark_2026-08-04/batch_size_8/batches/b08_VIVOSSPK06_000_5ae3fa1b75ac/wavs/vivos_train_VIVOSSPK06_R180.wav,2.56,CHO CHÍNH QUYỀN CÁC QUỐC GIA KHÁC,FOR GOVERNMENTS OF OTHER COUNTRIES,52d9f2c91096d1abfa4ef5f236bdc3d92e246a844dda1e475ebb103f53b237a6,e1bc82763ce7823040f1eb3f6b5154ab03c0dab8ee59c5bbcc47a26674266567,
vivos:train:VIVOSSPK06_R176,8,/Volumes/data/datasets/hibiki_vi_v2/tts/vivos_qwen3_tts_mlx_batch_v1_benchmark_2026-08-04/batch_size_8/batches/b08_VIVOSSPK06_000_5ae3fa1b75ac/wavs/vivos_train_VIVOSSPK06_R176.wav,2.72,CHỨ KHÔNG PHẢI VỀ SẢN PHẨM HAY DỊCH VỤ,And not about the product or service.,af44125b7af35516b09ab665606ba2a20ae8e0b6ee2793b479f36021326028d9,2dcda1123c6c534a861ce2e896f7d91dcf6602815002ad251d221d5e4f6a5307,
vivos:train:VIVOSSPK06_R104,8,/Volumes/data/datasets/hibiki_vi_v2/tts/vivos_qwen3_tts_mlx_batch_v1_benchmark_2026-08-04/batch_size_8/batches/b08_VIVOSSPK06_000_5ae3fa1b75ac/wavs/vivos_train_VIVOSSPK06_R104.wav,2.72,Ở PHÍA TRÁI TÒA CỬU LONG,On the left side of the Cuu Long Building,7c824b5de6f46e52406c4f1faaf4dfbf687cac396b486102934c4f89cca95239,6201a9a5287e8f5c3e5ee87b5676996e057c7878fd7db657ce37e088f2301ad3,
vivos:train:VIVOSSPK06_R023,8,/Volumes/data/datasets/hibiki_vi_v2/tts/vivos_qwen3_tts_mlx_batch_v1_benchmark_2026-08-04/batch_size_8/batches/b08_VIVOSSPK06_001_c61900a69283/wavs/vivos_train_VIVOSSPK06_R023.wav,4.48,THUẦN TÚY VIỆT NAM KHÁC TRONG DỊP TẾT,OTHER PURELY VIETNAMESE TRADITIONS DURING TET,22ccaba585df94a1e71f6e2193642571fa630e8ee2a1f414c27c8e6808afa6e8,a9bee29d6ecee55c2646412c2752e9423905508c50d52353956c90cce206311c,
vivos:train:VIVOSSPK06_R055,8,/Volumes/data/datasets/hibiki_vi_v2/tts/vivos_qwen3_tts_mlx_batch_v1_benchmark_2026-08-04/batch_size_8/batches/b08_VIVOSSPK06_001_c61900a69283/wavs/vivos_train_VIVOSSPK06_R055.wav,3.2,TẤT NHIÊN KHÔNG PHẢI TẤT CẢ CHÚNG TA CŨNG BIẾT MÌNH ĐẾN TỪ ĐÂU,OF COURSE NOT ALL OF US KNOW WHERE WE COME FROM,1471ef3472cb0aaf04dffc3c7851c7df1f571651018f091f114fc1e726ff0ea7,b01c59e07cb6da1db167b4c790ed9a764ea21da1170ae088db6accff995fab87,
vivos:train:VIVOSSPK06_T038,8,/Volumes/data/datasets/hibiki_vi_v2/tts/vivos_qwen3_tts_mlx_batch_v1_benchmark_2026-08-04/batch_size_8/batches/b08_VIVOSSPK06_001_c61900a69283/wavs/vivos_train_VIVOSSPK06_T038.wav,4.16,HỌ GỒM NĂM NGƯỜI HAI CHÀNG TRAI VÀ BA CÔ GÁI,There were five of them: two guys and three girls.,4705156377920921f77129f19033fc0424284d5de8280acd1e1e54db1bb774fd,993c5f11f1c7dcd272d83bf84fcb82c9e420a1008dbf0e05e93857d349847051,
vivos:train:VIVOSSPK06_R018,8,/Volumes/data/datasets/hibiki_vi_v2/tts/vivos_qwen3_tts_mlx_batch_v1_benchmark_2026-08-04/batch_size_8/batches/b08_VIVOSSPK06_001_c61900a69283/wavs/vivos_train_VIVOSSPK06_R018.wav,4.0,VỀ ĐẾN ĐÌNH LÀM LỄ,Arriving at the communal house to perform the ceremony,24b7a090cdfe766bb957859204278d1d7ef053d1e3d71bc323c3c61725a21b4f,559b23004c2ec301056a9f594ab803be0bc4564831c859969393425d3e04d0a1,
vivos:train:VIVOSSPK06_R049,8,/Volumes/data/datasets/hibiki_vi_v2/tts/vivos_qwen3_tts_mlx_batch_v1_benchmark_2026-08-04/batch_size_8/batches/b08_VIVOSSPK06_001_c61900a69283/wavs/vivos_train_VIVOSSPK06_R049.wav,4.8,PHẢI DỨT KHOÁT TRẢ LỜI CÂU HỎI NÀY THẬT RÕ,THIS QUESTION MUST BE ANSWERED VERY CLEARLY AND DECISIVELY,2371e1b0f67425504e0cb10f5eea86b8a8e5cf86c82356797d432967566f7359,0c2105004e9944e60deaad641dfec5aa98d294b7f09c2be0df411abaa9489311,
vivos:train:VIVOSSPK06_T017,8,/Volumes/data/datasets/hibiki_vi_v2/tts/vivos_qwen3_tts_mlx_batch_v1_benchmark_2026-08-04/batch_size_8/batches/b08_VIVOSSPK06_001_c61900a69283/wavs/vivos_train_VIVOSSPK06_T017.wav,3.84,EM SẼ GIỮ ĐỨA BÉ DÙ ANH KHÔNG QUAN TÂM GÌ TỚI EM,I will keep the baby even if you don't care about me at all.,2a21e9767bdac2a1d42f429b65039d2d5fa55e7a3189aa02a3001356786260c1,7f4b494ad7c066013b4e936534b2c8c0cc4e00184f0c34b7a5c964caf6d91c77,
vivos:train:VIVOSSPK06_R030,8,/Volumes/data/datasets/hibiki_vi_v2/tts/vivos_qwen3_tts_mlx_batch_v1_benchmark_2026-08-04/batch_size_8/batches/b08_VIVOSSPK06_001_c61900a69283/wavs/vivos_train_VIVOSSPK06_R030.wav,4.72,GỬI ĐẾN NHỮNG CON NGƯỜI ĐÃ XẢ THÂN VÌ QUÊ HƯƠNG ĐẤT NƯỚC,TO THOSE WHO SACRIFICED THEMSELVES FOR THEIR HOMELAND AND COUNTRY,5cadeded98f4f37f2159121bcc8a56a4d73f81058bbf12f7f5e3019e8bdc7edb,1e702a408e6161a587b25b38a900f8863d372ff384ab74d68fa35cdd56908c6f,
vivos:train:VIVOSSPK06_R050,8,/Volumes/data/datasets/hibiki_vi_v2/tts/vivos_qwen3_tts_mlx_batch_v1_benchmark_2026-08-04/batch_size_8/batches/b08_VIVOSSPK06_001_c61900a69283/wavs/vivos_train_VIVOSSPK06_R050.wav,7.52,MỘT THỜI CÓ ĐỨA RẦN RẦN HẠT MƯA RỚT XUỐNG BÂNG KHUÂNG NỖI LÒNG,"Once upon a time, there was a boisterous girl, as the raindrops fell, her heart was filled with melancholy.",17ae3406e00836d4e5983cb3b2de9502e0090da01a159a37e428a5cb6f7bce16,48c0fadf2c65dcb0304efb1c1c3816382a1c454c49f5917786baac3bb6ee79e7,
vivos:train:VIVOSSPK07_R014,8,/Volumes/data/datasets/hibiki_vi_v2/tts/vivos_qwen3_tts_mlx_batch_v1_benchmark_2026-08-04/batch_size_8/batches/b08_VIVOSSPK07_000_ebf5fa0e3f9f/wavs/vivos_train_VIVOSSPK07_R014.wav,2.24,Ở KHẮP CHÂU Á,ACROSS ASIA,e3947d13f8fdc86e35f77efcddd5db70f5982c08f504df8b7ee9eeeec123f8f3,8ebf7ae8e1cfbf090279bca19bd30cadebe75fc94c85b391f4b12da3d9a86c0b,
vivos:train:VIVOSSPK07_R028,8,/Volumes/data/datasets/hibiki_vi_v2/tts/vivos_qwen3_tts_mlx_batch_v1_benchmark_2026-08-04/batch_size_8/batches/b08_VIVOSSPK07_000_ebf5fa0e3f9f/wavs/vivos_train_VIVOSSPK07_R028.wav,1.68,BẤT KỲ AI CŨNG CÓ THỂ HỌC HỎI,ANYONE CAN LEARN,73b50412c38ca8003b94d5cb893b3511ea067f20981671ccba159155cbf28e83,77f88ed1eb06b2190a059bc93a40a6909d313ab9ba8e6ded4048ec266cb45dbb,duration_ratio_below_min
vivos:train:VIVOSSPK07_R021,8,/Volumes/data/datasets/hibiki_vi_v2/tts/vivos_qwen3_tts_mlx_batch_v1_benchmark_2026-08-04/batch_size_8/batches/b08_VIVOSSPK07_000_ebf5fa0e3f9f/wavs/vivos_train_VIVOSSPK07_R021.wav,2.32,XUẤT HIỆN TRÊN CON ĐƯỜNG CỦA MÌNH,APPEARED ON THEIR WAY,091673cb6069df854668ad9c39ca907468c627c8866e899cfac0fd356581ad4c,794a103a5d04194eba49f79f2adaab4449597d28c7842677d667f24c9caa2b39,
vivos:train:VIVOSSPK07_R005,8,/Volumes/data/datasets/hibiki_vi_v2/tts/vivos_qwen3_tts_mlx_batch_v1_benchmark_2026-08-04/batch_size_8/batches/b08_VIVOSSPK07_000_ebf5fa0e3f9f/wavs/vivos_train_VIVOSSPK07_R005.wav,2.16,BẾN XE TÀNG HÌNH,THE INVISIBLE BUS STATION,5f0b07f0448384611b5a571d246881b70054263f408b3c9c630b1745f8d285d4,1d858d54e4def93d5befe725afbdb08b453c30aa6d715105fed2079b1519a799,
vivos:train:VIVOSSPK07_R024,8,/Volumes/data/datasets/hibiki_vi_v2/tts/vivos_qwen3_tts_mlx_batch_v1_benchmark_2026-08-04/batch_size_8/batches/b08_VIVOSSPK07_000_ebf5fa0e3f9f/wavs/vivos_train_VIVOSSPK07_R024.wav,1.84,THẾ LÀ THÂN PHẬN CÙNG NHAN SẮC,So that is fate and beauty,ef5c40ac2c881261f1f06a2b816e96ab769e4000c49ccf5b7ef2450902ea4c91,92466c7550765dcb43046644220ffc41bc7d9c6eac0b491a22911224feb8af0b,
vivos:train:VIVOSSPK07_R004,8,/Volumes/data/datasets/hibiki_vi_v2/tts/vivos_qwen3_tts_mlx_batch_v1_benchmark_2026-08-04/batch_size_8/batches/b08_VIVOSSPK07_000_ebf5fa0e3f9f/wavs/vivos_train_VIVOSSPK07_R004.wav,1.76,NHƯNG CHÂN TÔI CÒN NGẮN,But my legs are still short.,4a997e81fe816e51029da0b374f546bfe43481a8aa4ab187e5620528f3b00c34,8c4435632d12e9c0024be1de91a674eefdf3b40c4d7635604bfe9659000f9ce4,
vivos:train:VIVOSSPK07_R009,8,/Volumes/data/datasets/hibiki_vi_v2/tts/vivos_qwen3_tts_mlx_batch_v1_benchmark_2026-08-04/batch_size_8/batches/b08_VIVOSSPK07_000_ebf5fa0e3f9f/wavs/vivos_train_VIVOSSPK07_R009.wav,2.880042,HÌNH NHƯ BÀ MỆT MỎI LẮM RỒI,You look like you're very tired.,c5af2a5efa28bae49c159a1bbe1a8a5bee3de74e79fe4f34d05b13b1f71ef962,f5f6943e9e1a86809af6ad10aa04ba2d813e1063cf70b44842f436fd2039ef44,
vivos:train:VIVOSSPK07_R017,8,/Volumes/data/datasets/hibiki_vi_v2/tts/vivos_qwen3_tts_mlx_batch_v1_benchmark_2026-08-04/batch_size_8/batches/b08_VIVOSSPK07_000_ebf5fa0e3f9f/wavs/vivos_train_VIVOSSPK07_R017.wav,2.880042,KHÔNG PHẢI LÀ NGUYÊN NHÂN GÂY CHỨNG VIÊM KHỚP GỐI,NOT A CAUSE OF KNEE OSTEOARTHRITIS,e03b0937abb31f603c8505a900dca324544dce5dee4a1da37b07e10b9967beba,113aa2b6e57c373537da6421d9bb21327a4870ca3dea729ad89c4b48b305eb48,
vivos:train:VIVOSSPK07_R040,8,/Volumes/data/datasets/hibiki_vi_v2/tts/vivos_qwen3_tts_mlx_batch_v1_benchmark_2026-08-04/batch_size_8/batches/b08_VIVOSSPK07_001_a60d222f74d2/wavs/vivos_train_VIVOSSPK07_R040.wav,2.64,HUYỆN THĂNG BÌNH TỈNH QUẢNG NAM,"Thang Binh District, Quang Nam Province",ca279518efeb34c28f9f98d2d563a707fb6ebb292a273c5ad0ae4df0d8124c85,28cf85b59df72de58d8e0c01a7f9f3bd5dd998bb40aea3bf97ab9eca94b26096,
vivos:train:VIVOSSPK07_R047,8,/Volumes/data/datasets/hibiki_vi_v2/tts/vivos_qwen3_tts_mlx_batch_v1_benchmark_2026-08-04/batch_size_8/batches/b08_VIVOSSPK07_001_a60d222f74d2/wavs/vivos_train_VIVOSSPK07_R047.wav,2.880042,NHỮNG NỖ LỰC CỦA BẠN CUỐI CÙNG RỒI CŨNG SẼ ĐƯỢC ĐỀN ĐÁP,Your efforts will eventually be rewarded.,e0ec4000076af99ac3a03d051bcb1b1cd4002931941043318407f2140e8bc5cf,e37effe808537c03f3f4c8df387e828f93a48d96e0472939341c3b8341f175f3,
vivos:train:VIVOSSPK07_R001,8,/Volumes/data/datasets/hibiki_vi_v2/tts/vivos_qwen3_tts_mlx_batch_v1_benchmark_2026-08-04/batch_size_8/batches/b08_VIVOSSPK07_001_a60d222f74d2/wavs/vivos_train_VIVOSSPK07_R001.wav,4.16,TÀU BẤT NGỜ BỊ LẬT ĐẮM KHI ĐANG NEO ĐẬU,BOAT SUDDENLY CAPSIDES AND SINKS WHILE ANCHORED,3a0359132aed5f3bb398d0e4f194e3935e1ce2c225123bd382bd4ff760cf6875,56719cedf55affa615d8b8b90e8342e1957fdddb7ccaafb80a7a232536398162,
vivos:train:VIVOSSPK07_R031,8,/Volumes/data/datasets/hibiki_vi_v2/tts/vivos_qwen3_tts_mlx_batch_v1_benchmark_2026-08-04/batch_size_8/batches/b08_VIVOSSPK07_001_a60d222f74d2/wavs/vivos_train_VIVOSSPK07_R031.wav,3.44,BỘ ĐÃ CẮT BỎ HÀNG LOẠT CÁC HẠNG MỤC CẦN THIẾT,THE MINISTRY HAS CUT A SERIES OF NECESSARY ITEMS,65b65b85ae13a1ed1d13506830c8d5af7c1506d169b121028c40b9ed93601f6c,552326589c0e6cd381fc63677af23387ec79d19180ab1a6d6c8078fd566cf4c6,
vivos:train:VIVOSSPK07_R050,8,/Volumes/data/datasets/hibiki_vi_v2/tts/vivos_qwen3_tts_mlx_batch_v1_benchmark_2026-08-04/batch_size_8/batches/b08_VIVOSSPK07_001_a60d222f74d2/wavs/vivos_train_VIVOSSPK07_R050.wav,3.44,VÌ KHÔNG CHẤP NHẬN ĐƯỢC SỰ PHÁN XÉT OAN KHIÊN CỦA CÔ GIÁO,Because I couldn't accept the teacher's unjust judgment,c6d3062d0a6d9396a69f9a07d387ac7cd04552bd1796dadec98d581e481ecefb,d2cc7500beb0172172b52fac8b8a3ff7ad1316c69085c237c6176e40bce96884,
vivos:train:VIVOSSPK07_R041,8,/Volumes/data/datasets/hibiki_vi_v2/tts/vivos_qwen3_tts_mlx_batch_v1_benchmark_2026-08-04/batch_size_8/batches/b08_VIVOSSPK07_001_a60d222f74d2/wavs/vivos_train_VIVOSSPK07_R041.wav,4.24,THẬT SỰ QUAN TRỌNG ĐẾN THẾ NÀO NẾU BỊ TAI NẠN TRÊN ĐƯỜNG,HOW IMPORTANT IS IT REALLY IF YOU HAVE AN ACCIDENT ON THE ROAD,dcc4e9ef5355becccc62385872e4f9f92d183f24940f6bc9155bfc2f4fd211e2,a64aa48ae08f6cd12dd7d560a37f075567abd61047543a73c70aa2ce673261a3,
vivos:train:VIVOSSPK07_R011,8,/Volumes/data/datasets/hibiki_vi_v2/tts/vivos_qwen3_tts_mlx_batch_v1_benchmark_2026-08-04/batch_size_8/batches/b08_VIVOSSPK07_001_a60d222f74d2/wavs/vivos_train_VIVOSSPK07_R011.wav,4.96,TRÊN TIÊU CHÍ NHỮNG NGƯỜI NÀY CÓ NHIỀU ĐÓNG GÓP Ý NGHĨA,Based on the criteria that these people have made many meaningful contributions,3f3f1350fb79400fe2be80817aabed3e5e559c36726976e83df53616eb33ee39,84c98405c3405570579e3bdb17aace9723d1632e1f57b7a8e74c6cb49cffdee8,
vivos:train:VIVOSSPK07_R032,8,/Volumes/data/datasets/hibiki_vi_v2/tts/vivos_qwen3_tts_mlx_batch_v1_benchmark_2026-08-04/batch_size_8/batches/b08_VIVOSSPK07_001_a60d222f74d2/wavs/vivos_train_VIVOSSPK07_R032.wav,6.48,SAU ĐÓ CHỊ EM TÔI VỀ PHÒNG RIÊNG NGỒI KHAI BÚT,"After that, my sibling and I went to our private room to do the first writing of the New Year.",956e372990f01800f7b1c768b4e5d153b7b1867528fa6805af0ca26f679d4903,ef6de173d575f43c1d7dba44f969376c621bf984763221a77b0c115ea1d422cc,
